"task","view","style","lexical_regime","depth","filler","planned","dispatched","terminal","model_evaluable","correct","strict_accuracy","infrastructure_missing","not_dispatched","incomplete","refusal","operational_lower","operational_upper","input_tokens_known","input_usage_known_trials","output_tokens_known","output_usage_known_trials","reasoning_tokens_known","reasoning_usage_known_trials","cached_tokens_known","cached_usage_known_trials","non_reasoning_output_known","non_reasoning_known_trials","unique_total_tokens_known","unique_full_usage_trials","attempt_total_tokens_known","attempt_full_usage_count","http_attempts","generation_attempts","retry_rate","mean_latency_ms","mean_latency_no_retry_ms","mean_latency_retry_ms","tokens_per_correct","attempt_tokens_per_correct","estimated_cost_usd_known","cost_known_trials","invalid_answer_format","wrong_answer","strict_syntax_validity","syntax_evaluable_trials","invalid_generated_syntax","valid_syntax_wrong_ast"
"ALL","ALL","ALL","ALL","ALL","ALL","1800","1800","1800","1800","1622","0.901","0","0","0","0","0.901","0.901","5921140","1800","227746","1800","106161","1800","0","1800","121585","1800","6148886","1800","6148886","1800","3600","1800","0.000","11793.694","11793.694","NA","3790.928","3790.928","NA","0","0","102","0.797","360","73","3"
"active_stack","after_close","braces","ALL","ALL","ALL","72","72","72","72","47","0.653","0","0","0","0","0.653","0.653","160081","72","6483","72","4840","72","0","72","1643","72","166564","72","166564","72","144","72","0.000","8783.694","8783.694","NA","3543.915","3543.915","NA","0","0","25","NA","0","0","0"
"active_stack","after_close","generic_end","ALL","ALL","ALL","72","72","72","72","63","0.875","0","0","0","0","0.875","0.875","163080","72","6178","72","4575","72","0","72","1603","72","169258","72","169258","72","144","72","0.000","7650.556","7650.556","NA","2686.635","2686.635","NA","0","0","9","NA","0","0","0"
"active_stack","after_close","named_end","ALL","ALL","ALL","72","72","72","72","70","0.972","0","0","0","0","0.972","0.972","181298","72","4655","72","3028","72","0","72","1627","72","185953","72","185953","72","144","72","0.000","10506.556","10506.556","NA","2656.471","2656.471","NA","0","0","2","NA","0","0","0"
"active_stack","after_close","padded_end","ALL","ALL","ALL","72","72","72","72","69","0.958","0","0","0","0","0.958","0.958","174120","72","5745","72","4131","72","0","72","1614","72","179865","72","179865","72","144","72","0.000","9573.667","9573.667","NA","2606.739","2606.739","NA","0","0","3","NA","0","0","0"
"active_stack","after_close","typed_end","ALL","ALL","ALL","72","72","72","72","66","0.917","0","0","0","0","0.917","0.917","167222","72","5570","72","3948","72","0","72","1622","72","172792","72","172792","72","144","72","0.000","9009.375","9009.375","NA","2618.061","2618.061","NA","0","0","6","NA","0","0","0"
"active_stack","before_close","braces","ALL","ALL","ALL","72","72","72","72","71","0.986","0","0","0","0","0.986","0.986","165095","72","5004","72","2310","72","0","72","2694","72","170099","72","170099","72","144","72","0.000","8807.569","8807.569","NA","2395.761","2395.761","NA","0","0","1","NA","0","0","0"
"active_stack","before_close","generic_end","ALL","ALL","ALL","72","72","72","72","72","1.000","0","0","0","0","1.000","1.000","166683","72","5599","72","2889","72","0","72","2710","72","172282","72","172282","72","144","72","0.000","9161.014","9161.014","NA","2392.806","2392.806","NA","0","0","0","NA","0","0","0"
"active_stack","before_close","named_end","ALL","ALL","ALL","72","72","72","72","72","1.000","0","0","0","0","1.000","1.000","177061","72","4982","72","2286","72","0","72","2696","72","182043","72","182043","72","144","72","0.000","9865.028","9865.028","NA","2528.375","2528.375","NA","0","0","0","NA","0","0","0"
"active_stack","before_close","padded_end","ALL","ALL","ALL","72","72","72","72","71","0.986","0","0","0","0","0.986","0.986","173307","72","5834","72","3122","72","0","72","2712","72","179141","72","179141","72","144","72","0.000","9738.236","9738.236","NA","2523.113","2523.113","NA","0","0","1","NA","0","0","0"
"active_stack","before_close","typed_end","ALL","ALL","ALL","72","72","72","72","71","0.986","0","0","0","0","0.986","0.986","169257","72","5066","72","2369","72","0","72","2697","72","174323","72","174323","72","144","72","0.000","8516.139","8516.139","NA","2455.254","2455.254","NA","0","0","1","NA","0","0","0"
"ast_to_source","complete","braces","ALL","ALL","ALL","72","72","72","72","58","0.806","0","0","0","0","0.806","0.806","513072","72","23092","72","5763","72","0","72","17329","72","536164","72","536164","72","144","72","0.000","21356.472","21356.472","NA","9244.207","9244.207","NA","0","0","0","0.819","72","13","1"
"ast_to_source","complete","generic_end","ALL","ALL","ALL","72","72","72","72","46","0.639","0","0","0","0","0.639","0.639","516512","72","22972","72","5186","72","0","72","17786","72","539484","72","539484","72","144","72","0.000","20980.542","20980.542","NA","11727.913","11727.913","NA","0","0","0","0.639","72","26","0"
"ast_to_source","complete","named_end","ALL","ALL","ALL","72","72","72","72","71","0.986","0","0","0","0","0.986","0.986","537588","72","26827","72","5552","72","0","72","21275","72","564415","72","564415","72","144","72","0.000","21198.333","21198.333","NA","7949.507","7949.507","NA","0","0","0","1.000","72","0","1"
"ast_to_source","complete","padded_end","ALL","ALL","ALL","72","72","72","72","49","0.681","0","0","0","0","0.681","0.681","529184","72","26219","72","6672","72","0","72","19547","72","555403","72","555403","72","144","72","0.000","20801.194","20801.194","NA","11334.755","11334.755","NA","0","0","0","0.681","72","23","0"
"ast_to_source","complete","typed_end","ALL","ALL","ALL","72","72","72","72","60","0.833","0","0","0","0","0.833","0.833","521244","72","24003","72","5491","72","0","72","18512","72","545247","72","545247","72","144","72","0.000","23516.375","23516.375","NA","9087.450","9087.450","NA","0","0","0","0.847","72","11","1"
"scope_lookup","after_close","braces","ALL","ALL","ALL","72","72","72","72","52","0.722","0","0","0","0","0.722","0.722","154105","72","7510","72","6934","72","0","72","576","72","161615","72","161615","72","144","72","0.000","9006.403","9006.403","NA","3107.981","3107.981","NA","0","0","20","NA","0","0","0"
"scope_lookup","after_close","generic_end","ALL","ALL","ALL","72","72","72","72","60","0.833","0","0","0","0","0.833","0.833","157104","72","7893","72","7317","72","0","72","576","72","164997","72","164997","72","144","72","0.000","10000.278","10000.278","NA","2749.950","2749.950","NA","0","0","12","NA","0","0","0"
"scope_lookup","after_close","named_end","ALL","ALL","ALL","72","72","72","72","66","0.917","0","0","0","0","0.917","0.917","174604","72","5619","72","5047","72","0","72","572","72","180223","72","180223","72","144","72","0.000","9494.806","9494.806","NA","2730.652","2730.652","NA","0","0","6","NA","0","0","0"
"scope_lookup","after_close","padded_end","ALL","ALL","ALL","72","72","72","72","66","0.917","0","0","0","0","0.917","0.917","168144","72","8122","72","7546","72","0","72","576","72","176266","72","176266","72","144","72","0.000","9607.847","9607.847","NA","2670.697","2670.697","NA","0","0","6","NA","0","0","0"
"scope_lookup","after_close","typed_end","ALL","ALL","ALL","72","72","72","72","62","0.861","0","0","0","0","0.861","0.861","161248","72","7474","72","6900","72","0","72","574","72","168722","72","168722","72","144","72","0.000","10260.083","10260.083","NA","2721.323","2721.323","NA","0","0","10","NA","0","0","0"
"scope_lookup","before_close","braces","ALL","ALL","ALL","72","72","72","72","72","1.000","0","0","0","0","1.000","1.000","153143","72","2224","72","1692","72","0","72","532","72","155367","72","155367","72","144","72","0.000","9054.875","9054.875","NA","2157.875","2157.875","NA","0","0","0","NA","0","0","0"
"scope_lookup","before_close","generic_end","ALL","ALL","ALL","72","72","72","72","72","1.000","0","0","0","0","1.000","1.000","154731","72","2650","72","2126","72","0","72","524","72","157381","72","157381","72","144","72","0.000","9645.847","9645.847","NA","2185.847","2185.847","NA","0","0","0","NA","0","0","0"
"scope_lookup","before_close","named_end","ALL","ALL","ALL","72","72","72","72","72","1.000","0","0","0","0","1.000","1.000","164601","72","1881","72","1373","72","0","72","508","72","166482","72","166482","72","144","72","0.000","9930.125","9930.125","NA","2312.250","2312.250","NA","0","0","0","NA","0","0","0"
"scope_lookup","before_close","padded_end","ALL","ALL","ALL","72","72","72","72","72","1.000","0","0","0","0","1.000","1.000","161355","72","3515","72","2963","72","0","72","552","72","164870","72","164870","72","144","72","0.000","9007.292","9007.292","NA","2289.861","2289.861","NA","0","0","0","NA","0","0","0"
"scope_lookup","before_close","typed_end","ALL","ALL","ALL","72","72","72","72","72","1.000","0","0","0","0","1.000","1.000","157301","72","2629","72","2101","72","0","72","528","72","159930","72","159930","72","144","72","0.000","9370.042","9370.042","NA","2221.250","2221.250","NA","0","0","0","NA","0","0","0"
"active_stack","after_close","braces","natural","2","0","4","4","4","4","3","0.750","0","0","0","0","0.750","0.750","6825","4","153","4","91","4","0","4","62","4","6978","4","6978","4","8","4","0.000","6684.750","6684.750","NA","2326.000","2326.000","NA","0","0","1","NA","0","0","0"
"active_stack","after_close","braces","natural","2","32","4","4","4","4","4","1.000","0","0","0","0","1.000","1.000","7800","4","153","4","100","4","0","4","53","4","7953","4","7953","4","8","4","0.000","11094.500","11094.500","NA","1988.250","1988.250","NA","0","0","0","NA","0","0","0"
"active_stack","after_close","braces","natural","2","128","4","4","4","4","3","0.750","0","0","0","0","0.750","0.750","10741","4","171","4","110","4","0","4","61","4","10912","4","10912","4","8","4","0.000","16581.000","16581.000","NA","3637.333","3637.333","NA","0","0","1","NA","0","0","0"
"active_stack","after_close","braces","natural","4","0","4","4","4","4","0","0.000","0","0","0","0","0.000","0.000","6949","4","312","4","216","4","0","4","96","4","7261","4","7261","4","8","4","0.000","14650.750","14650.750","NA","NA","NA","NA","0","0","4","NA","0","0","0"
"active_stack","after_close","braces","natural","4","32","4","4","4","4","3","0.750","0","0","0","0","0.750","0.750","7925","4","315","4","240","4","0","4","75","4","8240","4","8240","4","8","4","0.000","7211.750","7211.750","NA","2746.667","2746.667","NA","0","0","1","NA","0","0","0"
"active_stack","after_close","braces","natural","4","128","4","4","4","4","3","0.750","0","0","0","0","0.750","0.750","10886","4","328","4","253","4","0","4","75","4","11214","4","11214","4","8","4","0.000","6747.750","6747.750","NA","3738.000","3738.000","NA","0","0","1","NA","0","0","0"
"active_stack","after_close","braces","natural","8","0","4","4","4","4","3","0.750","0","0","0","0","0.750","0.750","7186","4","666","4","537","4","0","4","129","4","7852","4","7852","4","8","4","0.000","5473.500","5473.500","NA","2617.333","2617.333","NA","0","0","1","NA","0","0","0"
"active_stack","after_close","braces","natural","8","32","4","4","4","4","3","0.750","0","0","0","0","0.750","0.750","8164","4","465","4","344","4","0","4","121","4","8629","4","8629","4","8","4","0.000","7499.000","7499.000","NA","2876.333","2876.333","NA","0","0","1","NA","0","0","0"
"active_stack","after_close","braces","natural","8","128","4","4","4","4","4","1.000","0","0","0","0","1.000","1.000","11117","4","611","4","476","4","0","4","135","4","11728","4","11728","4","8","4","0.000","6331.750","6331.750","NA","2932.000","2932.000","NA","0","0","0","NA","0","0","0"
"active_stack","after_close","braces","nonce","2","0","4","4","4","4","0","0.000","0","0","0","0","0.000","0.000","7126","4","172","4","88","4","0","4","84","4","7298","4","7298","4","8","4","0.000","15519.500","15519.500","NA","NA","NA","NA","0","0","4","NA","0","0","0"
"active_stack","after_close","braces","nonce","2","32","4","4","4","4","4","1.000","0","0","0","0","1.000","1.000","8294","4","172","4","119","4","0","4","53","4","8466","4","8466","4","8","4","0.000","4387.750","4387.750","NA","2116.500","2116.500","NA","0","0","0","NA","0","0","0"
"active_stack","after_close","braces","nonce","2","128","4","4","4","4","3","0.750","0","0","0","0","0.750","0.750","11471","4","213","4","153","4","0","4","60","4","11684","4","11684","4","8","4","0.000","4182.000","4182.000","NA","3894.667","3894.667","NA","0","0","1","NA","0","0","0"
"active_stack","after_close","braces","nonce","4","0","4","4","4","4","1","0.250","0","0","0","0","0.250","0.250","7393","4","277","4","175","4","0","4","102","4","7670","4","7670","4","8","4","0.000","8494.750","8494.750","NA","7670.000","7670.000","NA","0","0","3","NA","0","0","0"
"active_stack","after_close","braces","nonce","4","32","4","4","4","4","1","0.250","0","0","0","0","0.250","0.250","8421","4","273","4","197","4","0","4","76","4","8694","4","8694","4","8","4","0.000","5116.500","5116.500","NA","8694.000","8694.000","NA","0","0","3","NA","0","0","0"
"active_stack","after_close","braces","nonce","4","128","4","4","4","4","4","1.000","0","0","0","0","1.000","1.000","11842","4","335","4","253","4","0","4","82","4","12177","4","12177","4","8","4","0.000","12442.500","12442.500","NA","3044.250","3044.250","NA","0","0","0","NA","0","0","0"
"active_stack","after_close","braces","nonce","8","0","4","4","4","4","1","0.250","0","0","0","0","0.250","0.250","7514","4","669","4","553","4","0","4","116","4","8183","4","8183","4","8","4","0.000","13234.000","13234.000","NA","8183.000","8183.000","NA","0","0","3","NA","0","0","0"
"active_stack","after_close","braces","nonce","8","32","4","4","4","4","3","0.750","0","0","0","0","0.750","0.750","8554","4","537","4","409","4","0","4","128","4","9091","4","9091","4","8","4","0.000","4546.500","4546.500","NA","3030.333","3030.333","NA","0","0","1","NA","0","0","0"
"active_stack","after_close","braces","nonce","8","128","4","4","4","4","4","1.000","0","0","0","0","1.000","1.000","11873","4","661","4","526","4","0","4","135","4","12534","4","12534","4","8","4","0.000","7908.250","7908.250","NA","3133.500","3133.500","NA","0","0","0","NA","0","0","0"
"active_stack","after_close","generic_end","natural","2","0","4","4","4","4","2","0.500","0","0","0","0","0.500","0.500","6949","4","194","4","125","4","0","4","69","4","7143","4","7143","4","8","4","0.000","18894.250","18894.250","NA","3571.500","3571.500","NA","0","0","2","NA","0","0","0"
"active_stack","after_close","generic_end","natural","2","32","4","4","4","4","4","1.000","0","0","0","0","1.000","1.000","7924","4","172","4","119","4","0","4","53","4","8096","4","8096","4","8","4","0.000","3454.500","3454.500","NA","2024.000","2024.000","NA","0","0","0","NA","0","0","0"
"active_stack","after_close","generic_end","natural","2","128","4","4","4","4","4","1.000","0","0","0","0","1.000","1.000","10865","4","231","4","177","4","0","4","54","4","11096","4","11096","4","8","4","0.000","4533.500","4533.500","NA","2774.000","2774.000","NA","0","0","0","NA","0","0","0"
"active_stack","after_close","generic_end","natural","4","0","4","4","4","4","4","1.000","0","0","0","0","1.000","1.000","7077","4","271","4","190","4","0","4","81","4","7348","4","7348","4","8","4","0.000","8855.250","8855.250","NA","1837.000","1837.000","NA","0","0","0","NA","0","0","0"
"active_stack","after_close","generic_end","natural","4","32","4","4","4","4","4","1.000","0","0","0","0","1.000","1.000","8053","4","314","4","233","4","0","4","81","4","8367","4","8367","4","8","4","0.000","11585.750","11585.750","NA","2091.750","2091.750","NA","0","0","0","NA","0","0","0"
"active_stack","after_close","generic_end","natural","4","128","4","4","4","4","3","0.750","0","0","0","0","0.750","0.750","11014","4","277","4","202","4","0","4","75","4","11291","4","11291","4","8","4","0.000","4526.000","4526.000","NA","3763.667","3763.667","NA","0","0","1","NA","0","0","0"
"active_stack","after_close","generic_end","natural","8","0","4","4","4","4","2","0.500","0","0","0","0","0.500","0.500","7322","4","487","4","365","4","0","4","122","4","7809","4","7809","4","8","4","0.000","4317.000","4317.000","NA","3904.500","3904.500","NA","0","0","2","NA","0","0","0"
"active_stack","after_close","generic_end","natural","8","32","4","4","4","4","4","1.000","0","0","0","0","1.000","1.000","8300","4","570","4","435","4","0","4","135","4","8870","4","8870","4","8","4","0.000","5588.250","5588.250","NA","2217.500","2217.500","NA","0","0","0","NA","0","0","0"
"active_stack","after_close","generic_end","natural","8","128","4","4","4","4","4","1.000","0","0","0","0","1.000","1.000","11253","4","560","4","425","4","0","4","135","4","11813","4","11813","4","8","4","0.000","6945.250","6945.250","NA","2953.250","2953.250","NA","0","0","0","NA","0","0","0"
"active_stack","after_close","generic_end","nonce","2","0","4","4","4","4","3","0.750","0","0","0","0","0.750","0.750","7347","4","170","4","108","4","0","4","62","4","7517","4","7517","4","8","4","0.000","9751.500","9751.500","NA","2505.667","2505.667","NA","0","0","1","NA","0","0","0"
"active_stack","after_close","generic_end","nonce","2","32","4","4","4","4","4","1.000","0","0","0","0","1.000","1.000","8515","4","186","4","133","4","0","4","53","4","8701","4","8701","4","8","4","0.000","3508.750","3508.750","NA","2175.250","2175.250","NA","0","0","0","NA","0","0","0"
"active_stack","after_close","generic_end","nonce","2","128","4","4","4","4","4","1.000","0","0","0","0","1.000","1.000","11692","4","216","4","162","4","0","4","54","4","11908","4","11908","4","8","4","0.000","11307.250","11307.250","NA","2977.000","2977.000","NA","0","0","0","NA","0","0","0"
"active_stack","after_close","generic_end","nonce","4","0","4","4","4","4","4","1.000","0","0","0","0","1.000","1.000","7554","4","332","4","251","4","0","4","81","4","7886","4","7886","4","8","4","0.000","7026.000","7026.000","NA","1971.500","1971.500","NA","0","0","0","NA","0","0","0"
"active_stack","after_close","generic_end","nonce","4","32","4","4","4","4","4","1.000","0","0","0","0","1.000","1.000","8582","4","299","4","218","4","0","4","81","4","8881","4","8881","4","8","4","0.000","4995.500","4995.500","NA","2220.250","2220.250","NA","0","0","0","NA","0","0","0"
"active_stack","after_close","generic_end","nonce","4","128","4","4","4","4","3","0.750","0","0","0","0","0.750","0.750","12003","4","293","4","218","4","0","4","75","4","12296","4","12296","4","8","4","0.000","7133.500","7133.500","NA","4098.667","4098.667","NA","0","0","1","NA","0","0","0"
"active_stack","after_close","generic_end","nonce","8","0","4","4","4","4","3","0.750","0","0","0","0","0.750","0.750","7720","4","442","4","313","4","0","4","129","4","8162","4","8162","4","8","4","0.000","9703.250","9703.250","NA","2720.667","2720.667","NA","0","0","1","NA","0","0","0"
"active_stack","after_close","generic_end","nonce","8","32","4","4","4","4","3","0.750","0","0","0","0","0.750","0.750","8795","4","629","4","501","4","0","4","128","4","9424","4","9424","4","8","4","0.000","4010.750","4010.750","NA","3141.333","3141.333","NA","0","0","1","NA","0","0","0"
"active_stack","after_close","generic_end","nonce","8","128","4","4","4","4","4","1.000","0","0","0","0","1.000","1.000","12115","4","535","4","400","4","0","4","135","4","12650","4","12650","4","8","4","0.000","11573.750","11573.750","NA","3162.500","3162.500","NA","0","0","0","NA","0","0","0"
"active_stack","after_close","named_end","natural","2","0","4","4","4","4","4","1.000","0","0","0","0","1.000","1.000","7869","4","88","4","37","4","0","4","51","4","7957","4","7957","4","8","4","0.000","10829.250","10829.250","NA","1989.250","1989.250","NA","0","0","0","NA","0","0","0"
"active_stack","after_close","named_end","natural","2","32","4","4","4","4","4","1.000","0","0","0","0","1.000","1.000","8847","4","71","4","22","4","0","4","49","4","8918","4","8918","4","8","4","0.000","3997.250","3997.250","NA","2229.500","2229.500","NA","0","0","0","NA","0","0","0"
"active_stack","after_close","named_end","natural","2","128","4","4","4","4","4","1.000","0","0","0","0","1.000","1.000","11784","4","155","4","101","4","0","4","54","4","11939","4","11939","4","8","4","0.000","16245.500","16245.500","NA","2984.750","2984.750","NA","0","0","0","NA","0","0","0"
"active_stack","after_close","named_end","natural","4","0","4","4","4","4","4","1.000","0","0","0","0","1.000","1.000","8024","4","167","4","88","4","0","4","79","4","8191","4","8191","4","8","4","0.000","19067.500","19067.500","NA","2047.750","2047.750","NA","0","0","0","NA","0","0","0"
"active_stack","after_close","named_end","natural","4","32","4","4","4","4","4","1.000","0","0","0","0","1.000","1.000","8999","4","209","4","128","4","0","4","81","4","9208","4","9208","4","8","4","0.000","18799.500","18799.500","NA","2302.000","2302.000","NA","0","0","0","NA","0","0","0"
"active_stack","after_close","named_end","natural","4","128","4","4","4","4","4","1.000","0","0","0","0","1.000","1.000","11962","4","233","4","151","4","0","4","82","4","12195","4","12195","4","8","4","0.000","5120.000","5120.000","NA","3048.750","3048.750","NA","0","0","0","NA","0","0","0"
"active_stack","after_close","named_end","natural","8","0","4","4","4","4","4","1.000","0","0","0","0","1.000","1.000","8317","4","431","4","295","4","0","4","136","4","8748","4","8748","4","8","4","0.000","13617.750","13617.750","NA","2187.000","2187.000","NA","0","0","0","NA","0","0","0"
"active_stack","after_close","named_end","natural","8","32","4","4","4","4","2","0.500","0","0","0","0","0.500","0.500","9301","4","324","4","176","4","0","4","148","4","9625","4","9625","4","8","4","0.000","6945.500","6945.500","NA","4812.500","4812.500","NA","0","0","2","NA","0","0","0"
"active_stack","after_close","named_end","natural","8","128","4","4","4","4","4","1.000","0","0","0","0","1.000","1.000","12252","4","472","4","337","4","0","4","135","4","12724","4","12724","4","8","4","0.000","5923.250","5923.250","NA","3181.000","3181.000","NA","0","0","0","NA","0","0","0"
"active_stack","after_close","named_end","nonce","2","0","4","4","4","4","4","1.000","0","0","0","0","1.000","1.000","8382","4","132","4","77","4","0","4","55","4","8514","4","8514","4","8","4","0.000","16693.000","16693.000","NA","2128.500","2128.500","NA","0","0","0","NA","0","0","0"
"active_stack","after_close","named_end","nonce","2","32","4","4","4","4","4","1.000","0","0","0","0","1.000","1.000","9533","4","155","4","102","4","0","4","53","4","9688","4","9688","4","8","4","0.000","6468.750","6468.750","NA","2422.000","2422.000","NA","0","0","0","NA","0","0","0"
"active_stack","after_close","named_end","nonce","2","128","4","4","4","4","4","1.000","0","0","0","0","1.000","1.000","12720","4","164","4","110","4","0","4","54","4","12884","4","12884","4","8","4","0.000","9294.500","9294.500","NA","3221.000","3221.000","NA","0","0","0","NA","0","0","0"
"active_stack","after_close","named_end","nonce","4","0","4","4","4","4","4","1.000","0","0","0","0","1.000","1.000","8613","4","231","4","150","4","0","4","81","4","8844","4","8844","4","8","4","0.000","7843.250","7843.250","NA","2211.000","2211.000","NA","0","0","0","NA","0","0","0"
"active_stack","after_close","named_end","nonce","4","32","4","4","4","4","4","1.000","0","0","0","0","1.000","1.000","9649","4","219","4","138","4","0","4","81","4","9868","4","9868","4","8","4","0.000","7212.000","7212.000","NA","2467.000","2467.000","NA","0","0","0","NA","0","0","0"
"active_stack","after_close","named_end","nonce","4","128","4","4","4","4","4","1.000","0","0","0","0","1.000","1.000","13062","4","246","4","164","4","0","4","82","4","13308","4","13308","4","8","4","0.000","12280.500","12280.500","NA","3327.000","3327.000","NA","0","0","0","NA","0","0","0"
"active_stack","after_close","named_end","nonce","8","0","4","4","4","4","4","1.000","0","0","0","0","1.000","1.000","8842","4","406","4","270","4","0","4","136","4","9248","4","9248","4","8","4","0.000","10720.750","10720.750","NA","2312.000","2312.000","NA","0","0","0","NA","0","0","0"
"active_stack","after_close","named_end","nonce","8","32","4","4","4","4","4","1.000","0","0","0","0","1.000","1.000","9910","4","443","4","308","4","0","4","135","4","10353","4","10353","4","8","4","0.000","2753.250","2753.250","NA","2588.250","2588.250","NA","0","0","0","NA","0","0","0"
"active_stack","after_close","named_end","nonce","8","128","4","4","4","4","4","1.000","0","0","0","0","1.000","1.000","13232","4","509","4","374","4","0","4","135","4","13741","4","13741","4","8","4","0.000","15306.500","15306.500","NA","3435.250","3435.250","NA","0","0","0","NA","0","0","0"
"active_stack","after_close","padded_end","natural","2","0","4","4","4","4","4","1.000","0","0","0","0","1.000","1.000","7541","4","155","4","100","4","0","4","55","4","7696","4","7696","4","8","4","0.000","10079.500","10079.500","NA","1924.000","1924.000","NA","0","0","0","NA","0","0","0"
"active_stack","after_close","padded_end","natural","2","32","4","4","4","4","4","1.000","0","0","0","0","1.000","1.000","8516","4","148","4","97","4","0","4","51","4","8664","4","8664","4","8","4","0.000","3323.500","3323.500","NA","2166.000","2166.000","NA","0","0","0","NA","0","0","0"
"active_stack","after_close","padded_end","natural","2","128","4","4","4","4","4","1.000","0","0","0","0","1.000","1.000","11457","4","224","4","170","4","0","4","54","4","11681","4","11681","4","8","4","0.000","13350.500","13350.500","NA","2920.250","2920.250","NA","0","0","0","NA","0","0","0"
"active_stack","after_close","padded_end","natural","4","0","4","4","4","4","4","1.000","0","0","0","0","1.000","1.000","7685","4","253","4","172","4","0","4","81","4","7938","4","7938","4","8","4","0.000","20255.000","20255.000","NA","1984.500","1984.500","NA","0","0","0","NA","0","0","0"
"active_stack","after_close","padded_end","natural","4","32","4","4","4","4","4","1.000","0","0","0","0","1.000","1.000","8661","4","289","4","208","4","0","4","81","4","8950","4","8950","4","8","4","0.000","8891.000","8891.000","NA","2237.500","2237.500","NA","0","0","0","NA","0","0","0"
"active_stack","after_close","padded_end","natural","4","128","4","4","4","4","4","1.000","0","0","0","0","1.000","1.000","11622","4","292","4","210","4","0","4","82","4","11914","4","11914","4","8","4","0.000","3010.250","3010.250","NA","2978.500","2978.500","NA","0","0","0","NA","0","0","0"
"active_stack","after_close","padded_end","natural","8","0","4","4","4","4","3","0.750","0","0","0","0","0.750","0.750","7962","4","422","4","293","4","0","4","129","4","8384","4","8384","4","8","4","0.000","12356.500","12356.500","NA","2794.667","2794.667","NA","0","0","1","NA","0","0","0"
"active_stack","after_close","padded_end","natural","8","32","4","4","4","4","3","0.750","0","0","0","0","0.750","0.750","8940","4","428","4","300","4","0","4","128","4","9368","4","9368","4","8","4","0.000","4645.750","4645.750","NA","3122.667","3122.667","NA","0","0","1","NA","0","0","0"
"active_stack","after_close","padded_end","natural","8","128","4","4","4","4","4","1.000","0","0","0","0","1.000","1.000","11893","4","553","4","418","4","0","4","135","4","12446","4","12446","4","8","4","0.000","5188.250","5188.250","NA","3111.500","3111.500","NA","0","0","0","NA","0","0","0"
"active_stack","after_close","padded_end","nonce","2","0","4","4","4","4","4","1.000","0","0","0","0","1.000","1.000","7939","4","176","4","121","4","0","4","55","4","8115","4","8115","4","8","4","0.000","21145.500","21145.500","NA","2028.750","2028.750","NA","0","0","0","NA","0","0","0"
"active_stack","after_close","padded_end","nonce","2","32","4","4","4","4","3","0.750","0","0","0","0","0.750","0.750","9107","4","180","4","121","4","0","4","59","4","9287","4","9287","4","8","4","0.000","5231.750","5231.750","NA","3095.667","3095.667","NA","0","0","1","NA","0","0","0"
"active_stack","after_close","padded_end","nonce","2","128","4","4","4","4","4","1.000","0","0","0","0","1.000","1.000","12284","4","245","4","191","4","0","4","54","4","12529","4","12529","4","8","4","0.000","9938.750","9938.750","NA","3132.250","3132.250","NA","0","0","0","NA","0","0","0"
"active_stack","after_close","padded_end","nonce","4","0","4","4","4","4","4","1.000","0","0","0","0","1.000","1.000","8162","4","255","4","174","4","0","4","81","4","8417","4","8417","4","8","4","0.000","16739.000","16739.000","NA","2104.250","2104.250","NA","0","0","0","NA","0","0","0"
"active_stack","after_close","padded_end","nonce","4","32","4","4","4","4","4","1.000","0","0","0","0","1.000","1.000","9190","4","287","4","206","4","0","4","81","4","9477","4","9477","4","8","4","0.000","4156.750","4156.750","NA","2369.250","2369.250","NA","0","0","0","NA","0","0","0"
"active_stack","after_close","padded_end","nonce","4","128","4","4","4","4","4","1.000","0","0","0","0","1.000","1.000","12611","4","308","4","226","4","0","4","82","4","12919","4","12919","4","8","4","0.000","9525.500","9525.500","NA","3229.750","3229.750","NA","0","0","0","NA","0","0","0"
"active_stack","after_close","padded_end","nonce","8","0","4","4","4","4","4","1.000","0","0","0","0","1.000","1.000","8360","4","443","4","307","4","0","4","136","4","8803","4","8803","4","8","4","0.000","7267.750","7267.750","NA","2200.750","2200.750","NA","0","0","0","NA","0","0","0"
"active_stack","after_close","padded_end","nonce","8","32","4","4","4","4","4","1.000","0","0","0","0","1.000","1.000","9435","4","547","4","412","4","0","4","135","4","9982","4","9982","4","8","4","0.000","4066.250","4066.250","NA","2495.500","2495.500","NA","0","0","0","NA","0","0","0"
"active_stack","after_close","padded_end","nonce","8","128","4","4","4","4","4","1.000","0","0","0","0","1.000","1.000","12755","4","540","4","405","4","0","4","135","4","13295","4","13295","4","8","4","0.000","13154.500","13154.500","NA","3323.750","3323.750","NA","0","0","0","NA","0","0","0"
"active_stack","after_close","typed_end","natural","2","0","4","4","4","4","4","1.000","0","0","0","0","1.000","1.000","7117","4","111","4","58","4","0","4","53","4","7228","4","7228","4","8","4","0.000","4269.500","4269.500","NA","1807.000","1807.000","NA","0","0","0","NA","0","0","0"
"active_stack","after_close","typed_end","natural","2","32","4","4","4","4","4","1.000","0","0","0","0","1.000","1.000","8092","4","123","4","70","4","0","4","53","4","8215","4","8215","4","8","4","0.000","12277.750","12277.750","NA","2053.750","2053.750","NA","0","0","0","NA","0","0","0"
"active_stack","after_close","typed_end","natural","2","128","4","4","4","4","4","1.000","0","0","0","0","1.000","1.000","11033","4","159","4","105","4","0","4","54","4","11192","4","11192","4","8","4","0.000","12360.000","12360.000","NA","2798.000","2798.000","NA","0","0","0","NA","0","0","0"
"active_stack","after_close","typed_end","natural","4","0","4","4","4","4","2","0.500","0","0","0","0","0.500","0.500","7249","4","240","4","145","4","0","4","95","4","7489","4","7489","4","8","4","0.000","3542.000","3542.000","NA","3744.500","3744.500","NA","0","0","2","NA","0","0","0"
"active_stack","after_close","typed_end","natural","4","32","4","4","4","4","4","1.000","0","0","0","0","1.000","1.000","8225","4","244","4","163","4","0","4","81","4","8469","4","8469","4","8","4","0.000","24198.750","24198.750","NA","2117.250","2117.250","NA","0","0","0","NA","0","0","0"
"active_stack","after_close","typed_end","natural","4","128","4","4","4","4","3","0.750","0","0","0","0","0.750","0.750","11186","4","248","4","173","4","0","4","75","4","11434","4","11434","4","8","4","0.000","3261.000","3261.000","NA","3811.333","3811.333","NA","0","0","1","NA","0","0","0"
"active_stack","after_close","typed_end","natural","8","0","4","4","4","4","4","1.000","0","0","0","0","1.000","1.000","7502","4","427","4","291","4","0","4","136","4","7929","4","7929","4","8","4","0.000","5975.000","5975.000","NA","1982.250","1982.250","NA","0","0","0","NA","0","0","0"
"active_stack","after_close","typed_end","natural","8","32","4","4","4","4","3","0.750","0","0","0","0","0.750","0.750","8480","4","456","4","328","4","0","4","128","4","8936","4","8936","4","8","4","0.000","5190.500","5190.500","NA","2978.667","2978.667","NA","0","0","1","NA","0","0","0"
"active_stack","after_close","typed_end","natural","8","128","4","4","4","4","4","1.000","0","0","0","0","1.000","1.000","11433","4","597","4","462","4","0","4","135","4","12030","4","12030","4","8","4","0.000","9097.250","9097.250","NA","3007.500","3007.500","NA","0","0","0","NA","0","0","0"
"active_stack","after_close","typed_end","nonce","2","0","4","4","4","4","4","1.000","0","0","0","0","1.000","1.000","7630","4","164","4","109","4","0","4","55","4","7794","4","7794","4","8","4","0.000","17097.500","17097.500","NA","1948.500","1948.500","NA","0","0","0","NA","0","0","0"
"active_stack","after_close","typed_end","nonce","2","32","4","4","4","4","4","1.000","0","0","0","0","1.000","1.000","8778","4","132","4","81","4","0","4","51","4","8910","4","8910","4","8","4","0.000","3937.250","3937.250","NA","2227.500","2227.500","NA","0","0","0","NA","0","0","0"
"active_stack","after_close","typed_end","nonce","2","128","4","4","4","4","4","1.000","0","0","0","0","1.000","1.000","11969","4","183","4","129","4","0","4","54","4","12152","4","12152","4","8","4","0.000","12354.000","12354.000","NA","3038.000","3038.000","NA","0","0","0","NA","0","0","0"
"active_stack","after_close","typed_end","nonce","4","0","4","4","4","4","3","0.750","0","0","0","0","0.750","0.750","7838","4","238","4","149","4","0","4","89","4","8076","4","8076","4","8","4","0.000","4669.500","4669.500","NA","2692.000","2692.000","NA","0","0","1","NA","0","0","0"
"active_stack","after_close","typed_end","nonce","4","32","4","4","4","4","3","0.750","0","0","0","0","0.750","0.750","8875","4","252","4","177","4","0","4","75","4","9127","4","9127","4","8","4","0.000","5224.250","5224.250","NA","3042.333","3042.333","NA","0","0","1","NA","0","0","0"
"active_stack","after_close","typed_end","nonce","4","128","4","4","4","4","4","1.000","0","0","0","0","1.000","1.000","12286","4","289","4","207","4","0","4","82","4","12575","4","12575","4","8","4","0.000","7810.750","7810.750","NA","3143.750","3143.750","NA","0","0","0","NA","0","0","0"
"active_stack","after_close","typed_end","nonce","8","0","4","4","4","4","4","1.000","0","0","0","0","1.000","1.000","8027","4","502","4","366","4","0","4","136","4","8529","4","8529","4","8","4","0.000","15717.000","15717.000","NA","2132.250","2132.250","NA","0","0","0","NA","0","0","0"
"active_stack","after_close","typed_end","nonce","8","32","4","4","4","4","4","1.000","0","0","0","0","1.000","1.000","9089","4","575","4","440","4","0","4","135","4","9664","4","9664","4","8","4","0.000","3659.250","3659.250","NA","2416.000","2416.000","NA","0","0","0","NA","0","0","0"
"active_stack","after_close","typed_end","nonce","8","128","4","4","4","4","4","1.000","0","0","0","0","1.000","1.000","12413","4","630","4","495","4","0","4","135","4","13043","4","13043","4","8","4","0.000","11527.500","11527.500","NA","3260.750","3260.750","NA","0","0","0","NA","0","0","0"
"active_stack","before_close","braces","natural","2","0","4","4","4","4","4","1.000","0","0","0","0","1.000","1.000","7109","4","122","4","42","4","0","4","80","4","7231","4","7231","4","8","4","0.000","5666.750","5666.750","NA","1807.750","1807.750","NA","0","0","0","NA","0","0","0"
"active_stack","before_close","braces","natural","2","32","4","4","4","4","4","1.000","0","0","0","0","1.000","1.000","8085","4","167","4","86","4","0","4","81","4","8252","4","8252","4","8","4","0.000","10807.500","10807.500","NA","2063.000","2063.000","NA","0","0","0","NA","0","0","0"
"active_stack","before_close","braces","natural","2","128","4","4","4","4","4","1.000","0","0","0","0","1.000","1.000","11028","4","181","4","102","4","0","4","79","4","11209","4","11209","4","8","4","0.000","6667.250","6667.250","NA","2802.250","2802.250","NA","0","0","0","NA","0","0","0"
"active_stack","before_close","braces","natural","4","0","4","4","4","4","4","1.000","0","0","0","0","1.000","1.000","7224","4","180","4","49","4","0","4","131","4","7404","4","7404","4","8","4","0.000","6084.250","6084.250","NA","1851.000","1851.000","NA","0","0","0","NA","0","0","0"
"active_stack","before_close","braces","natural","4","32","4","4","4","4","4","1.000","0","0","0","0","1.000","1.000","8205","4","197","4","68","4","0","4","129","4","8402","4","8402","4","8","4","0.000","5960.500","5960.500","NA","2100.500","2100.500","NA","0","0","0","NA","0","0","0"
"active_stack","before_close","braces","natural","4","128","4","4","4","4","4","1.000","0","0","0","0","1.000","1.000","11166","4","236","4","103","4","0","4","133","4","11402","4","11402","4","8","4","0.000","11569.000","11569.000","NA","2850.500","2850.500","NA","0","0","0","NA","0","0","0"
"active_stack","before_close","braces","natural","8","0","4","4","4","4","4","1.000","0","0","0","0","1.000","1.000","7457","4","414","4","177","4","0","4","237","4","7871","4","7871","4","8","4","0.000","8661.500","8661.500","NA","1967.750","1967.750","NA","0","0","0","NA","0","0","0"
"active_stack","before_close","braces","natural","8","32","4","4","4","4","4","1.000","0","0","0","0","1.000","1.000","8435","4","416","4","177","4","0","4","239","4","8851","4","8851","4","8","4","0.000","10593.500","10593.500","NA","2212.750","2212.750","NA","0","0","0","NA","0","0","0"
"active_stack","before_close","braces","natural","8","128","4","4","4","4","4","1.000","0","0","0","0","1.000","1.000","11391","4","455","4","214","4","0","4","241","4","11846","4","11846","4","8","4","0.000","14840.250","14840.250","NA","2961.500","2961.500","NA","0","0","0","NA","0","0","0"
"active_stack","before_close","braces","nonce","2","0","4","4","4","4","4","1.000","0","0","0","0","1.000","1.000","7410","4","134","4","54","4","0","4","80","4","7544","4","7544","4","8","4","0.000","3141.500","3141.500","NA","1886.000","1886.000","NA","0","0","0","NA","0","0","0"
"active_stack","before_close","braces","nonce","2","32","4","4","4","4","4","1.000","0","0","0","0","1.000","1.000","8579","4","200","4","119","4","0","4","81","4","8779","4","8779","4","8","4","0.000","11688.750","11688.750","NA","2194.750","2194.750","NA","0","0","0","NA","0","0","0"
"active_stack","before_close","braces","nonce","2","128","4","4","4","4","4","1.000","0","0","0","0","1.000","1.000","11758","4","201","4","122","4","0","4","79","4","11959","4","11959","4","8","4","0.000","13442.750","13442.750","NA","2989.750","2989.750","NA","0","0","0","NA","0","0","0"
"active_stack","before_close","braces","nonce","4","0","4","4","4","4","4","1.000","0","0","0","0","1.000","1.000","7668","4","230","4","97","4","0","4","133","4","7898","4","7898","4","8","4","0.000","4418.750","4418.750","NA","1974.500","1974.500","NA","0","0","0","NA","0","0","0"
"active_stack","before_close","braces","nonce","4","32","4","4","4","4","4","1.000","0","0","0","0","1.000","1.000","8701","4","189","4","60","4","0","4","129","4","8890","4","8890","4","8","4","0.000","3731.000","3731.000","NA","2222.500","2222.500","NA","0","0","0","NA","0","0","0"
"active_stack","before_close","braces","nonce","4","128","4","4","4","4","4","1.000","0","0","0","0","1.000","1.000","12122","4","276","4","141","4","0","4","135","4","12398","4","12398","4","8","4","0.000","12626.000","12626.000","NA","3099.500","3099.500","NA","0","0","0","NA","0","0","0"
"active_stack","before_close","braces","nonce","8","0","4","4","4","4","4","1.000","0","0","0","0","1.000","1.000","7785","4","275","4","42","4","0","4","233","4","8060","4","8060","4","8","4","0.000","10191.500","10191.500","NA","2015.000","2015.000","NA","0","0","0","NA","0","0","0"
"active_stack","before_close","braces","nonce","8","32","4","4","4","4","3","0.750","0","0","0","0","0.750","0.750","8825","4","527","4","294","4","0","4","233","4","9352","4","9352","4","8","4","0.000","10428.750","10428.750","NA","3117.333","3117.333","NA","0","0","1","NA","0","0","0"
"active_stack","before_close","braces","nonce","8","128","4","4","4","4","4","1.000","0","0","0","0","1.000","1.000","12147","4","604","4","363","4","0","4","241","4","12751","4","12751","4","8","4","0.000","8016.750","8016.750","NA","3187.750","3187.750","NA","0","0","0","NA","0","0","0"
"active_stack","before_close","generic_end","natural","2","0","4","4","4","4","4","1.000","0","0","0","0","1.000","1.000","7177","4","99","4","21","4","0","4","78","4","7276","4","7276","4","8","4","0.000","7588.750","7588.750","NA","1819.000","1819.000","NA","0","0","0","NA","0","0","0"
"active_stack","before_close","generic_end","natural","2","32","4","4","4","4","4","1.000","0","0","0","0","1.000","1.000","8153","4","166","4","87","4","0","4","79","4","8319","4","8319","4","8","4","0.000","9923.750","9923.750","NA","2079.750","2079.750","NA","0","0","0","NA","0","0","0"
"active_stack","before_close","generic_end","natural","2","128","4","4","4","4","4","1.000","0","0","0","0","1.000","1.000","11096","4","223","4","144","4","0","4","79","4","11319","4","11319","4","8","4","0.000","5816.250","5816.250","NA","2829.750","2829.750","NA","0","0","0","NA","0","0","0"
"active_stack","before_close","generic_end","natural","4","0","4","4","4","4","4","1.000","0","0","0","0","1.000","1.000","7292","4","218","4","85","4","0","4","133","4","7510","4","7510","4","8","4","0.000","6607.000","6607.000","NA","1877.500","1877.500","NA","0","0","0","NA","0","0","0"
"active_stack","before_close","generic_end","natural","4","32","4","4","4","4","4","1.000","0","0","0","0","1.000","1.000","8273","4","234","4","103","4","0","4","131","4","8507","4","8507","4","8","4","0.000","11349.000","11349.000","NA","2126.750","2126.750","NA","0","0","0","NA","0","0","0"
"active_stack","before_close","generic_end","natural","4","128","4","4","4","4","4","1.000","0","0","0","0","1.000","1.000","11234","4","343","4","208","4","0","4","135","4","11577","4","11577","4","8","4","0.000","6790.000","6790.000","NA","2894.250","2894.250","NA","0","0","0","NA","0","0","0"
"active_stack","before_close","generic_end","natural","8","0","4","4","4","4","4","1.000","0","0","0","0","1.000","1.000","7525","4","478","4","239","4","0","4","239","4","8003","4","8003","4","8","4","0.000","7259.250","7259.250","NA","2000.750","2000.750","NA","0","0","0","NA","0","0","0"
"active_stack","before_close","generic_end","natural","8","32","4","4","4","4","4","1.000","0","0","0","0","1.000","1.000","8503","4","523","4","282","4","0","4","241","4","9026","4","9026","4","8","4","0.000","11574.500","11574.500","NA","2256.500","2256.500","NA","0","0","0","NA","0","0","0"
"active_stack","before_close","generic_end","natural","8","128","4","4","4","4","4","1.000","0","0","0","0","1.000","1.000","11459","4","510","4","269","4","0","4","241","4","11969","4","11969","4","8","4","0.000","12506.500","12506.500","NA","2992.250","2992.250","NA","0","0","0","NA","0","0","0"
"active_stack","before_close","generic_end","nonce","2","0","4","4","4","4","4","1.000","0","0","0","0","1.000","1.000","7533","4","134","4","54","4","0","4","80","4","7667","4","7667","4","8","4","0.000","4662.000","4662.000","NA","1916.750","1916.750","NA","0","0","0","NA","0","0","0"
"active_stack","before_close","generic_end","nonce","2","32","4","4","4","4","4","1.000","0","0","0","0","1.000","1.000","8702","4","227","4","146","4","0","4","81","4","8929","4","8929","4","8","4","0.000","4614.750","4614.750","NA","2232.250","2232.250","NA","0","0","0","NA","0","0","0"
"active_stack","before_close","generic_end","nonce","2","128","4","4","4","4","4","1.000","0","0","0","0","1.000","1.000","11881","4","231","4","152","4","0","4","79","4","12112","4","12112","4","8","4","0.000","15688.250","15688.250","NA","3028.000","3028.000","NA","0","0","0","NA","0","0","0"
"active_stack","before_close","generic_end","nonce","4","0","4","4","4","4","4","1.000","0","0","0","0","1.000","1.000","7754","4","197","4","66","4","0","4","131","4","7951","4","7951","4","8","4","0.000","9443.500","9443.500","NA","1987.750","1987.750","NA","0","0","0","NA","0","0","0"
"active_stack","before_close","generic_end","nonce","4","32","4","4","4","4","4","1.000","0","0","0","0","1.000","1.000","8787","4","220","4","91","4","0","4","129","4","9007","4","9007","4","8","4","0.000","8883.000","8883.000","NA","2251.750","2251.750","NA","0","0","0","NA","0","0","0"
"active_stack","before_close","generic_end","nonce","4","128","4","4","4","4","4","1.000","0","0","0","0","1.000","1.000","12208","4","314","4","179","4","0","4","135","4","12522","4","12522","4","8","4","0.000","8429.000","8429.000","NA","3130.500","3130.500","NA","0","0","0","NA","0","0","0"
"active_stack","before_close","generic_end","nonce","8","0","4","4","4","4","4","1.000","0","0","0","0","1.000","1.000","7889","4","426","4","189","4","0","4","237","4","8315","4","8315","4","8","4","0.000","13092.500","13092.500","NA","2078.750","2078.750","NA","0","0","0","NA","0","0","0"
"active_stack","before_close","generic_end","nonce","8","32","4","4","4","4","4","1.000","0","0","0","0","1.000","1.000","8947","4","527","4","286","4","0","4","241","4","9474","4","9474","4","8","4","0.000","10217.250","10217.250","NA","2368.500","2368.500","NA","0","0","0","NA","0","0","0"
"active_stack","before_close","generic_end","nonce","8","128","4","4","4","4","4","1.000","0","0","0","0","1.000","1.000","12270","4","529","4","288","4","0","4","241","4","12799","4","12799","4","8","4","0.000","10453.000","10453.000","NA","3199.750","3199.750","NA","0","0","0","NA","0","0","0"
"active_stack","before_close","named_end","natural","2","0","4","4","4","4","4","1.000","0","0","0","0","1.000","1.000","7720","4","96","4","18","4","0","4","78","4","7816","4","7816","4","8","4","0.000","6135.000","6135.000","NA","1954.000","1954.000","NA","0","0","0","NA","0","0","0"
"active_stack","before_close","named_end","natural","2","32","4","4","4","4","4","1.000","0","0","0","0","1.000","1.000","8700","4","138","4","59","4","0","4","79","4","8838","4","8838","4","8","4","0.000","6961.500","6961.500","NA","2209.500","2209.500","NA","0","0","0","NA","0","0","0"
"active_stack","before_close","named_end","natural","2","128","4","4","4","4","4","1.000","0","0","0","0","1.000","1.000","11642","4","205","4","126","4","0","4","79","4","11847","4","11847","4","8","4","0.000","18979.750","18979.750","NA","2961.750","2961.750","NA","0","0","0","NA","0","0","0"
"active_stack","before_close","named_end","natural","4","0","4","4","4","4","4","1.000","0","0","0","0","1.000","1.000","7837","4","182","4","51","4","0","4","131","4","8019","4","8019","4","8","4","0.000","5417.000","5417.000","NA","2004.750","2004.750","NA","0","0","0","NA","0","0","0"
"active_stack","before_close","named_end","natural","4","32","4","4","4","4","4","1.000","0","0","0","0","1.000","1.000","8819","4","159","4","32","4","0","4","127","4","8978","4","8978","4","8","4","0.000","14409.750","14409.750","NA","2244.500","2244.500","NA","0","0","0","NA","0","0","0"
"active_stack","before_close","named_end","natural","4","128","4","4","4","4","4","1.000","0","0","0","0","1.000","1.000","11781","4","265","4","130","4","0","4","135","4","12046","4","12046","4","8","4","0.000","10943.000","10943.000","NA","3011.500","3011.500","NA","0","0","0","NA","0","0","0"
"active_stack","before_close","named_end","natural","8","0","4","4","4","4","4","1.000","0","0","0","0","1.000","1.000","8069","4","375","4","138","4","0","4","237","4","8444","4","8444","4","8","4","0.000","8395.000","8395.000","NA","2111.000","2111.000","NA","0","0","0","NA","0","0","0"
"active_stack","before_close","named_end","natural","8","32","4","4","4","4","4","1.000","0","0","0","0","1.000","1.000","9050","4","470","4","229","4","0","4","241","4","9520","4","9520","4","8","4","0.000","6829.250","6829.250","NA","2380.000","2380.000","NA","0","0","0","NA","0","0","0"
"active_stack","before_close","named_end","natural","8","128","4","4","4","4","4","1.000","0","0","0","0","1.000","1.000","12004","4","484","4","243","4","0","4","241","4","12488","4","12488","4","8","4","0.000","15527.500","15527.500","NA","3122.000","3122.000","NA","0","0","0","NA","0","0","0"
"active_stack","before_close","named_end","nonce","2","0","4","4","4","4","4","1.000","0","0","0","0","1.000","1.000","8142","4","106","4","28","4","0","4","78","4","8248","4","8248","4","8","4","0.000","7234.250","7234.250","NA","2062.000","2062.000","NA","0","0","0","NA","0","0","0"
"active_stack","before_close","named_end","nonce","2","32","4","4","4","4","4","1.000","0","0","0","0","1.000","1.000","9302","4","173","4","94","4","0","4","79","4","9475","4","9475","4","8","4","0.000","13082.000","13082.000","NA","2368.750","2368.750","NA","0","0","0","NA","0","0","0"
"active_stack","before_close","named_end","nonce","2","128","4","4","4","4","4","1.000","0","0","0","0","1.000","1.000","12490","4","227","4","148","4","0","4","79","4","12717","4","12717","4","8","4","0.000","17808.250","17808.250","NA","3179.250","3179.250","NA","0","0","0","NA","0","0","0"
"active_stack","before_close","named_end","nonce","4","0","4","4","4","4","4","1.000","0","0","0","0","1.000","1.000","8359","4","127","4","0","4","0","4","127","4","8486","4","8486","4","8","4","0.000","8131.750","8131.750","NA","2121.500","2121.500","NA","0","0","0","NA","0","0","0"
"active_stack","before_close","named_end","nonce","4","32","4","4","4","4","4","1.000","0","0","0","0","1.000","1.000","9397","4","306","4","173","4","0","4","133","4","9703","4","9703","4","8","4","0.000","5934.000","5934.000","NA","2425.750","2425.750","NA","0","0","0","NA","0","0","0"
"active_stack","before_close","named_end","nonce","4","128","4","4","4","4","4","1.000","0","0","0","0","1.000","1.000","12816","4","301","4","166","4","0","4","135","4","13117","4","13117","4","8","4","0.000","11517.500","11517.500","NA","3279.250","3279.250","NA","0","0","0","NA","0","0","0"
"active_stack","before_close","named_end","nonce","8","0","4","4","4","4","4","1.000","0","0","0","0","1.000","1.000","8500","4","386","4","149","4","0","4","237","4","8886","4","8886","4","8","4","0.000","13057.250","13057.250","NA","2221.500","2221.500","NA","0","0","0","NA","0","0","0"
"active_stack","before_close","named_end","nonce","8","32","4","4","4","4","4","1.000","0","0","0","0","1.000","1.000","9556","4","410","4","171","4","0","4","239","4","9966","4","9966","4","8","4","0.000","2884.000","2884.000","NA","2491.500","2491.500","NA","0","0","0","NA","0","0","0"
"active_stack","before_close","named_end","nonce","8","128","4","4","4","4","4","1.000","0","0","0","0","1.000","1.000","12877","4","572","4","331","4","0","4","241","4","13449","4","13449","4","8","4","0.000","4323.750","4323.750","NA","3362.250","3362.250","NA","0","0","0","NA","0","0","0"
"active_stack","before_close","padded_end","natural","2","0","4","4","4","4","4","1.000","0","0","0","0","1.000","1.000","7545","4","156","4","76","4","0","4","80","4","7701","4","7701","4","8","4","0.000","12814.250","12814.250","NA","1925.250","1925.250","NA","0","0","0","NA","0","0","0"
"active_stack","before_close","padded_end","natural","2","32","4","4","4","4","4","1.000","0","0","0","0","1.000","1.000","8521","4","159","4","80","4","0","4","79","4","8680","4","8680","4","8","4","0.000","10285.500","10285.500","NA","2170.000","2170.000","NA","0","0","0","NA","0","0","0"
"active_stack","before_close","padded_end","natural","2","128","4","4","4","4","4","1.000","0","0","0","0","1.000","1.000","11464","4","191","4","112","4","0","4","79","4","11655","4","11655","4","8","4","0.000","4057.250","4057.250","NA","2913.750","2913.750","NA","0","0","0","NA","0","0","0"
"active_stack","before_close","padded_end","natural","4","0","4","4","4","4","4","1.000","0","0","0","0","1.000","1.000","7660","4","206","4","75","4","0","4","131","4","7866","4","7866","4","8","4","0.000","6368.750","6368.750","NA","1966.500","1966.500","NA","0","0","0","NA","0","0","0"
"active_stack","before_close","padded_end","natural","4","32","4","4","4","4","4","1.000","0","0","0","0","1.000","1.000","8641","4","274","4","141","4","0","4","133","4","8915","4","8915","4","8","4","0.000","13236.250","13236.250","NA","2228.750","2228.750","NA","0","0","0","NA","0","0","0"
"active_stack","before_close","padded_end","natural","4","128","4","4","4","4","4","1.000","0","0","0","0","1.000","1.000","11602","4","326","4","191","4","0","4","135","4","11928","4","11928","4","8","4","0.000","14791.750","14791.750","NA","2982.000","2982.000","NA","0","0","0","NA","0","0","0"
"active_stack","before_close","padded_end","natural","8","0","4","4","4","4","3","0.750","0","0","0","0","0.750","0.750","7893","4","503","4","270","4","0","4","233","4","8396","4","8396","4","8","4","0.000","14948.750","14948.750","NA","2798.667","2798.667","NA","0","0","1","NA","0","0","0"
"active_stack","before_close","padded_end","natural","8","32","4","4","4","4","4","1.000","0","0","0","0","1.000","1.000","8871","4","533","4","292","4","0","4","241","4","9404","4","9404","4","8","4","0.000","8183.750","8183.750","NA","2351.000","2351.000","NA","0","0","0","NA","0","0","0"
"active_stack","before_close","padded_end","natural","8","128","4","4","4","4","4","1.000","0","0","0","0","1.000","1.000","11827","4","521","4","280","4","0","4","241","4","12348","4","12348","4","8","4","0.000","4739.500","4739.500","NA","3087.000","3087.000","NA","0","0","0","NA","0","0","0"
"active_stack","before_close","padded_end","nonce","2","0","4","4","4","4","4","1.000","0","0","0","0","1.000","1.000","7901","4","111","4","33","4","0","4","78","4","8012","4","8012","4","8","4","0.000","3618.000","3618.000","NA","2003.000","2003.000","NA","0","0","0","NA","0","0","0"
"active_stack","before_close","padded_end","nonce","2","32","4","4","4","4","4","1.000","0","0","0","0","1.000","1.000","9070","4","208","4","127","4","0","4","81","4","9278","4","9278","4","8","4","0.000","5365.250","5365.250","NA","2319.500","2319.500","NA","0","0","0","NA","0","0","0"
"active_stack","before_close","padded_end","nonce","2","128","4","4","4","4","4","1.000","0","0","0","0","1.000","1.000","12249","4","226","4","147","4","0","4","79","4","12475","4","12475","4","8","4","0.000","17276.250","17276.250","NA","3118.750","3118.750","NA","0","0","0","NA","0","0","0"
"active_stack","before_close","padded_end","nonce","4","0","4","4","4","4","4","1.000","0","0","0","0","1.000","1.000","8122","4","264","4","131","4","0","4","133","4","8386","4","8386","4","8","4","0.000","6592.250","6592.250","NA","2096.500","2096.500","NA","0","0","0","NA","0","0","0"
"active_stack","before_close","padded_end","nonce","4","32","4","4","4","4","4","1.000","0","0","0","0","1.000","1.000","9155","4","328","4","195","4","0","4","133","4","9483","4","9483","4","8","4","0.000","3713.500","3713.500","NA","2370.750","2370.750","NA","0","0","0","NA","0","0","0"
"active_stack","before_close","padded_end","nonce","4","128","4","4","4","4","4","1.000","0","0","0","0","1.000","1.000","12576","4","310","4","175","4","0","4","135","4","12886","4","12886","4","8","4","0.000","15907.000","15907.000","NA","3221.500","3221.500","NA","0","0","0","NA","0","0","0"
"active_stack","before_close","padded_end","nonce","8","0","4","4","4","4","4","1.000","0","0","0","0","1.000","1.000","8257","4","470","4","231","4","0","4","239","4","8727","4","8727","4","8","4","0.000","12335.750","12335.750","NA","2181.750","2181.750","NA","0","0","0","NA","0","0","0"
"active_stack","before_close","padded_end","nonce","8","32","4","4","4","4","4","1.000","0","0","0","0","1.000","1.000","9315","4","543","4","302","4","0","4","241","4","9858","4","9858","4","8","4","0.000","10350.750","10350.750","NA","2464.500","2464.500","NA","0","0","0","NA","0","0","0"
"active_stack","before_close","padded_end","nonce","8","128","4","4","4","4","4","1.000","0","0","0","0","1.000","1.000","12638","4","505","4","264","4","0","4","241","4","13143","4","13143","4","8","4","0.000","10703.750","10703.750","NA","3285.750","3285.750","NA","0","0","0","NA","0","0","0"
"active_stack","before_close","typed_end","natural","2","0","4","4","4","4","4","1.000","0","0","0","0","1.000","1.000","7289","4","76","4","0","4","0","4","76","4","7365","4","7365","4","8","4","0.000","3994.750","3994.750","NA","1841.250","1841.250","NA","0","0","0","NA","0","0","0"
"active_stack","before_close","typed_end","natural","2","32","4","4","4","4","4","1.000","0","0","0","0","1.000","1.000","8265","4","181","4","100","4","0","4","81","4","8446","4","8446","4","8","4","0.000","9901.750","9901.750","NA","2111.500","2111.500","NA","0","0","0","NA","0","0","0"
"active_stack","before_close","typed_end","natural","2","128","4","4","4","4","4","1.000","0","0","0","0","1.000","1.000","11208","4","164","4","87","4","0","4","77","4","11372","4","11372","4","8","4","0.000","6288.750","6288.750","NA","2843.000","2843.000","NA","0","0","0","NA","0","0","0"
"active_stack","before_close","typed_end","natural","4","0","4","4","4","4","4","1.000","0","0","0","0","1.000","1.000","7404","4","184","4","53","4","0","4","131","4","7588","4","7588","4","8","4","0.000","5327.250","5327.250","NA","1897.000","1897.000","NA","0","0","0","NA","0","0","0"
"active_stack","before_close","typed_end","natural","4","32","4","4","4","4","4","1.000","0","0","0","0","1.000","1.000","8385","4","153","4","26","4","0","4","127","4","8538","4","8538","4","8","4","0.000","11331.250","11331.250","NA","2134.500","2134.500","NA","0","0","0","NA","0","0","0"
"active_stack","before_close","typed_end","natural","4","128","4","4","4","4","4","1.000","0","0","0","0","1.000","1.000","11346","4","345","4","210","4","0","4","135","4","11691","4","11691","4","8","4","0.000","12237.250","12237.250","NA","2922.750","2922.750","NA","0","0","0","NA","0","0","0"
"active_stack","before_close","typed_end","natural","8","0","4","4","4","4","4","1.000","0","0","0","0","1.000","1.000","7637","4","333","4","98","4","0","4","235","4","7970","4","7970","4","8","4","0.000","10867.500","10867.500","NA","1992.500","1992.500","NA","0","0","0","NA","0","0","0"
"active_stack","before_close","typed_end","natural","8","32","4","4","4","4","4","1.000","0","0","0","0","1.000","1.000","8615","4","486","4","245","4","0","4","241","4","9101","4","9101","4","8","4","0.000","7006.250","7006.250","NA","2275.250","2275.250","NA","0","0","0","NA","0","0","0"
"active_stack","before_close","typed_end","natural","8","128","4","4","4","4","4","1.000","0","0","0","0","1.000","1.000","11571","4","527","4","286","4","0","4","241","4","12098","4","12098","4","8","4","0.000","13794.500","13794.500","NA","3024.500","3024.500","NA","0","0","0","NA","0","0","0"
"active_stack","before_close","typed_end","nonce","2","0","4","4","4","4","4","1.000","0","0","0","0","1.000","1.000","7711","4","107","4","29","4","0","4","78","4","7818","4","7818","4","8","4","0.000","6705.000","6705.000","NA","1954.500","1954.500","NA","0","0","0","NA","0","0","0"
"active_stack","before_close","typed_end","nonce","2","32","4","4","4","4","4","1.000","0","0","0","0","1.000","1.000","8867","4","193","4","112","4","0","4","81","4","9060","4","9060","4","8","4","0.000","4733.500","4733.500","NA","2265.000","2265.000","NA","0","0","0","NA","0","0","0"
"active_stack","before_close","typed_end","nonce","2","128","4","4","4","4","4","1.000","0","0","0","0","1.000","1.000","12056","4","175","4","98","4","0","4","77","4","12231","4","12231","4","8","4","0.000","10849.250","10849.250","NA","3057.750","3057.750","NA","0","0","0","NA","0","0","0"
"active_stack","before_close","typed_end","nonce","4","0","4","4","4","4","4","1.000","0","0","0","0","1.000","1.000","7926","4","127","4","0","4","0","4","127","4","8053","4","8053","4","8","4","0.000","5286.500","5286.500","NA","2013.250","2013.250","NA","0","0","0","NA","0","0","0"
"active_stack","before_close","typed_end","nonce","4","32","4","4","4","4","4","1.000","0","0","0","0","1.000","1.000","8963","4","259","4","128","4","0","4","131","4","9222","4","9222","4","8","4","0.000","8931.250","8931.250","NA","2305.500","2305.500","NA","0","0","0","NA","0","0","0"
"active_stack","before_close","typed_end","nonce","4","128","4","4","4","4","4","1.000","0","0","0","0","1.000","1.000","12381","4","294","4","159","4","0","4","135","4","12675","4","12675","4","8","4","0.000","13965.000","13965.000","NA","3168.750","3168.750","NA","0","0","0","NA","0","0","0"
"active_stack","before_close","typed_end","nonce","8","0","4","4","4","4","3","0.750","0","0","0","0","0.750","0.750","8068","4","353","4","111","4","0","4","242","4","8421","4","8421","4","8","4","0.000","5859.250","5859.250","NA","2807.000","2807.000","NA","0","0","1","NA","0","0","0"
"active_stack","before_close","typed_end","nonce","8","32","4","4","4","4","4","1.000","0","0","0","0","1.000","1.000","9121","4","554","4","313","4","0","4","241","4","9675","4","9675","4","8","4","0.000","10500.750","10500.750","NA","2418.750","2418.750","NA","0","0","0","NA","0","0","0"
"active_stack","before_close","typed_end","nonce","8","128","4","4","4","4","4","1.000","0","0","0","0","1.000","1.000","12444","4","555","4","314","4","0","4","241","4","12999","4","12999","4","8","4","0.000","5710.750","5710.750","NA","3249.750","3249.750","NA","0","0","0","NA","0","0","0"
"ast_to_source","complete","braces","natural","2","0","4","4","4","4","4","1.000","0","0","0","0","1.000","1.000","25852","4","461","4","113","4","0","4","348","4","26313","4","26313","4","8","4","0.000","34321.750","34321.750","NA","6578.250","6578.250","NA","0","0","0","1.000","4","0","0"
"ast_to_source","complete","braces","natural","2","8","4","4","4","4","4","1.000","0","0","0","0","1.000","1.000","26887","4","820","4","232","4","0","4","588","4","27707","4","27707","4","8","4","0.000","17235.500","17235.500","NA","6926.750","6926.750","NA","0","0","0","1.000","4","0","0"
"ast_to_source","complete","braces","natural","2","32","4","4","4","4","4","1.000","0","0","0","0","1.000","1.000","30272","4","1823","4","496","4","0","4","1327","4","32095","4","32095","4","8","4","0.000","13339.750","13339.750","NA","8023.750","8023.750","NA","0","0","0","1.000","4","0","0"
"ast_to_source","complete","braces","natural","4","0","4","4","4","4","4","1.000","0","0","0","0","1.000","1.000","26360","4","788","4","308","4","0","4","480","4","27148","4","27148","4","8","4","0.000","29179.500","29179.500","NA","6787.000","6787.000","NA","0","0","0","1.000","4","0","0"
"ast_to_source","complete","braces","natural","4","8","4","4","4","4","4","1.000","0","0","0","0","1.000","1.000","27419","4","1049","4","327","4","0","4","722","4","28468","4","28468","4","8","4","0.000","13700.250","13700.250","NA","7117.000","7117.000","NA","0","0","0","1.000","4","0","0"
"ast_to_source","complete","braces","natural","4","32","4","4","4","4","4","1.000","0","0","0","0","1.000","1.000","30681","4","1733","4","274","4","0","4","1459","4","32414","4","32414","4","8","4","0.000","17576.750","17576.750","NA","8103.500","8103.500","NA","0","0","0","1.000","4","0","0"
"ast_to_source","complete","braces","natural","8","0","4","4","4","4","2","0.500","0","0","0","0","0.500","0.500","27352","4","1140","4","411","4","0","4","729","4","28492","4","28492","4","8","4","0.000","21084.250","21084.250","NA","14246.000","14246.000","NA","0","0","0","0.500","4","2","0"
"ast_to_source","complete","braces","natural","8","8","4","4","4","4","1","0.250","0","0","0","0","0.250","0.250","28460","4","1359","4","395","4","0","4","964","4","29819","4","29819","4","8","4","0.000","12978.750","12978.750","NA","29819.000","29819.000","NA","0","0","0","0.250","4","3","0"
"ast_to_source","complete","braces","natural","8","32","4","4","4","4","2","0.500","0","0","0","0","0.500","0.500","31746","4","2060","4","344","4","0","4","1716","4","33806","4","33806","4","8","4","0.000","31477.000","31477.000","NA","16903.000","16903.000","NA","0","0","0","0.750","4","1","1"
"ast_to_source","complete","braces","nonce","2","0","4","4","4","4","4","1.000","0","0","0","0","1.000","1.000","26130","4","493","4","126","4","0","4","367","4","26623","4","26623","4","8","4","0.000","8023.750","8023.750","NA","6655.750","6655.750","NA","0","0","0","1.000","4","0","0"
"ast_to_source","complete","braces","nonce","2","8","4","4","4","4","4","1.000","0","0","0","0","1.000","1.000","27199","4","861","4","227","4","0","4","634","4","28060","4","28060","4","8","4","0.000","19079.750","19079.750","NA","7015.000","7015.000","NA","0","0","0","1.000","4","0","0"
"ast_to_source","complete","braces","nonce","2","32","4","4","4","4","4","1.000","0","0","0","0","1.000","1.000","30643","4","1649","4","199","4","0","4","1450","4","32292","4","32292","4","8","4","0.000","32520.500","32520.500","NA","8073.000","8073.000","NA","0","0","0","1.000","4","0","0"
"ast_to_source","complete","braces","nonce","4","0","4","4","4","4","4","1.000","0","0","0","0","1.000","1.000","26766","4","875","4","357","4","0","4","518","4","27641","4","27641","4","8","4","0.000","11949.000","11949.000","NA","6910.250","6910.250","NA","0","0","0","1.000","4","0","0"
"ast_to_source","complete","braces","nonce","4","8","4","4","4","4","4","1.000","0","0","0","0","1.000","1.000","27775","4","949","4","163","4","0","4","786","4","28724","4","28724","4","8","4","0.000","16133.750","16133.750","NA","7181.000","7181.000","NA","0","0","0","1.000","4","0","0"
"ast_to_source","complete","braces","nonce","4","32","4","4","4","4","4","1.000","0","0","0","0","1.000","1.000","31045","4","2100","4","509","4","0","4","1591","4","33145","4","33145","4","8","4","0.000","16905.250","16905.250","NA","8286.250","8286.250","NA","0","0","0","1.000","4","0","0"
"ast_to_source","complete","braces","nonce","8","0","4","4","4","4","1","0.250","0","0","0","0","0.250","0.250","27631","4","1168","4","393","4","0","4","775","4","28799","4","28799","4","8","4","0.000","27625.500","27625.500","NA","28799.000","28799.000","NA","0","0","0","0.250","4","3","0"
"ast_to_source","complete","braces","nonce","8","8","4","4","4","4","2","0.500","0","0","0","0","0.500","0.500","28832","4","1338","4","290","4","0","4","1048","4","30170","4","30170","4","8","4","0.000","31392.750","31392.750","NA","15085.000","15085.000","NA","0","0","0","0.500","4","2","0"
"ast_to_source","complete","braces","nonce","8","32","4","4","4","4","2","0.500","0","0","0","0","0.500","0.500","32022","4","2426","4","599","4","0","4","1827","4","34448","4","34448","4","8","4","0.000","29892.750","29892.750","NA","17224.000","17224.000","NA","0","0","0","0.500","4","2","0"
"ast_to_source","complete","generic_end","natural","2","0","4","4","4","4","4","1.000","0","0","0","0","1.000","1.000","26004","4","485","4","127","4","0","4","358","4","26489","4","26489","4","8","4","0.000","9713.000","9713.000","NA","6622.250","6622.250","NA","0","0","0","1.000","4","0","0"
"ast_to_source","complete","generic_end","natural","2","8","4","4","4","4","4","1.000","0","0","0","0","1.000","1.000","27039","4","746","4","146","4","0","4","600","4","27785","4","27785","4","8","4","0.000","10195.000","10195.000","NA","6946.250","6946.250","NA","0","0","0","1.000","4","0","0"
"ast_to_source","complete","generic_end","natural","2","32","4","4","4","4","4","1.000","0","0","0","0","1.000","1.000","30424","4","1541","4","202","4","0","4","1339","4","31965","4","31965","4","8","4","0.000","28440.750","28440.750","NA","7991.250","7991.250","NA","0","0","0","1.000","4","0","0"
"ast_to_source","complete","generic_end","natural","4","0","4","4","4","4","3","0.750","0","0","0","0","0.750","0.750","26512","4","738","4","240","4","0","4","498","4","27250","4","27250","4","8","4","0.000","20793.750","20793.750","NA","9083.333","9083.333","NA","0","0","0","0.750","4","1","0"
"ast_to_source","complete","generic_end","natural","4","8","4","4","4","4","4","1.000","0","0","0","0","1.000","1.000","27571","4","978","4","236","4","0","4","742","4","28549","4","28549","4","8","4","0.000","23129.000","23129.000","NA","7137.250","7137.250","NA","0","0","0","1.000","4","0","0"
"ast_to_source","complete","generic_end","natural","4","32","4","4","4","4","4","1.000","0","0","0","0","1.000","1.000","30833","4","1755","4","276","4","0","4","1479","4","32588","4","32588","4","8","4","0.000","18636.000","18636.000","NA","8147.000","8147.000","NA","0","0","0","1.000","4","0","0"
"ast_to_source","complete","generic_end","natural","8","0","4","4","4","4","0","0.000","0","0","0","0","0.000","0.000","27504","4","1173","4","418","4","0","4","755","4","28677","4","28677","4","8","4","0.000","22430.250","22430.250","NA","NA","NA","NA","0","0","0","0.000","4","4","0"
"ast_to_source","complete","generic_end","natural","8","8","4","4","4","4","0","0.000","0","0","0","0","0.000","0.000","28612","4","1334","4","341","4","0","4","993","4","29946","4","29946","4","8","4","0.000","24263.500","24263.500","NA","NA","NA","NA","0","0","0","0.000","4","4","0"
"ast_to_source","complete","generic_end","natural","8","32","4","4","4","4","0","0.000","0","0","0","0","0.000","0.000","31898","4","2259","4","516","4","0","4","1743","4","34157","4","34157","4","8","4","0.000","28530.000","28530.000","NA","NA","NA","NA","0","0","0","0.000","4","4","0"
"ast_to_source","complete","generic_end","nonce","2","0","4","4","4","4","4","1.000","0","0","0","0","1.000","1.000","26400","4","536","4","145","4","0","4","391","4","26936","4","26936","4","8","4","0.000","18983.750","18983.750","NA","6734.000","6734.000","NA","0","0","0","1.000","4","0","0"
"ast_to_source","complete","generic_end","nonce","2","8","4","4","4","4","4","1.000","0","0","0","0","1.000","1.000","27429","4","870","4","216","4","0","4","654","4","28299","4","28299","4","8","4","0.000","20640.250","20640.250","NA","7074.750","7074.750","NA","0","0","0","1.000","4","0","0"
"ast_to_source","complete","generic_end","nonce","2","32","4","4","4","4","4","1.000","0","0","0","0","1.000","1.000","30913","4","1690","4","216","4","0","4","1474","4","32603","4","32603","4","8","4","0.000","15064.750","15064.750","NA","8150.750","8150.750","NA","0","0","0","1.000","4","0","0"
"ast_to_source","complete","generic_end","nonce","4","0","4","4","4","4","3","0.750","0","0","0","0","0.750","0.750","26957","4","765","4","224","4","0","4","541","4","27722","4","27722","4","8","4","0.000","13742.250","13742.250","NA","9240.667","9240.667","NA","0","0","0","0.750","4","1","0"
"ast_to_source","complete","generic_end","nonce","4","8","4","4","4","4","4","1.000","0","0","0","0","1.000","1.000","27966","4","1005","4","193","4","0","4","812","4","28971","4","28971","4","8","4","0.000","22513.750","22513.750","NA","7242.750","7242.750","NA","0","0","0","1.000","4","0","0"
"ast_to_source","complete","generic_end","nonce","4","32","4","4","4","4","4","1.000","0","0","0","0","1.000","1.000","31236","4","1853","4","236","4","0","4","1617","4","33089","4","33089","4","8","4","0.000","17422.250","17422.250","NA","8272.250","8272.250","NA","0","0","0","1.000","4","0","0"
"ast_to_source","complete","generic_end","nonce","8","0","4","4","4","4","0","0.000","0","0","0","0","0.000","0.000","27861","4","1287","4","468","4","0","4","819","4","29148","4","29148","4","8","4","0.000","22726.750","22726.750","NA","NA","NA","NA","0","0","0","0.000","4","4","0"
"ast_to_source","complete","generic_end","nonce","8","8","4","4","4","4","0","0.000","0","0","0","0","0.000","0.000","29062","4","1367","4","277","4","0","4","1090","4","30429","4","30429","4","8","4","0.000","28328.500","28328.500","NA","NA","NA","NA","0","0","0","0.000","4","4","0"
"ast_to_source","complete","generic_end","nonce","8","32","4","4","4","4","0","0.000","0","0","0","0","0.000","0.000","32291","4","2590","4","709","4","0","4","1881","4","34881","4","34881","4","8","4","0.000","32096.250","32096.250","NA","NA","NA","NA","0","0","0","0.000","4","4","0"
"ast_to_source","complete","named_end","natural","2","0","4","4","4","4","4","1.000","0","0","0","0","1.000","1.000","27108","4","501","4","41","4","0","4","460","4","27609","4","27609","4","8","4","0.000","33396.750","33396.750","NA","6902.250","6902.250","NA","0","0","0","1.000","4","0","0"
"ast_to_source","complete","named_end","natural","2","8","4","4","4","4","4","1.000","0","0","0","0","1.000","1.000","28143","4","812","4","110","4","0","4","702","4","28955","4","28955","4","8","4","0.000","23238.750","23238.750","NA","7238.750","7238.750","NA","0","0","0","1.000","4","0","0"
"ast_to_source","complete","named_end","natural","2","32","4","4","4","4","4","1.000","0","0","0","0","1.000","1.000","31528","4","1667","4","220","4","0","4","1447","4","33195","4","33195","4","8","4","0.000","20666.500","20666.500","NA","8298.750","8298.750","NA","0","0","0","1.000","4","0","0"
"ast_to_source","complete","named_end","natural","4","0","4","4","4","4","4","1.000","0","0","0","0","1.000","1.000","27616","4","885","4","223","4","0","4","662","4","28501","4","28501","4","8","4","0.000","27627.250","27627.250","NA","7125.250","7125.250","NA","0","0","0","1.000","4","0","0"
"ast_to_source","complete","named_end","natural","4","8","4","4","4","4","4","1.000","0","0","0","0","1.000","1.000","28675","4","1124","4","221","4","0","4","903","4","29799","4","29799","4","8","4","0.000","20468.750","20468.750","NA","7449.750","7449.750","NA","0","0","0","1.000","4","0","0"
"ast_to_source","complete","named_end","natural","4","32","4","4","4","4","4","1.000","0","0","0","0","1.000","1.000","31937","4","2090","4","450","4","0","4","1640","4","34027","4","34027","4","8","4","0.000","22739.000","22739.000","NA","8506.750","8506.750","NA","0","0","0","1.000","4","0","0"
"ast_to_source","complete","named_end","natural","8","0","4","4","4","4","4","1.000","0","0","0","0","1.000","1.000","28608","4","1449","4","413","4","0","4","1036","4","30057","4","30057","4","8","4","0.000","27310.000","27310.000","NA","7514.250","7514.250","NA","0","0","0","1.000","4","0","0"
"ast_to_source","complete","named_end","natural","8","8","4","4","4","4","4","1.000","0","0","0","0","1.000","1.000","29716","4","1728","4","460","4","0","4","1268","4","31444","4","31444","4","8","4","0.000","14956.000","14956.000","NA","7861.000","7861.000","NA","0","0","0","1.000","4","0","0"
"ast_to_source","complete","named_end","natural","8","32","4","4","4","4","4","1.000","0","0","0","0","1.000","1.000","33002","4","2502","4","481","4","0","4","2021","4","35504","4","35504","4","8","4","0.000","27534.750","27534.750","NA","8876.000","8876.000","NA","0","0","0","1.000","4","0","0"
"ast_to_source","complete","named_end","nonce","2","0","4","4","4","4","4","1.000","0","0","0","0","1.000","1.000","27650","4","696","4","181","4","0","4","515","4","28346","4","28346","4","8","4","0.000","17023.000","17023.000","NA","7086.500","7086.500","NA","0","0","0","1.000","4","0","0"
"ast_to_source","complete","named_end","nonce","2","8","4","4","4","4","4","1.000","0","0","0","0","1.000","1.000","28672","4","968","4","194","4","0","4","774","4","29640","4","29640","4","8","4","0.000","21008.250","21008.250","NA","7410.000","7410.000","NA","0","0","0","1.000","4","0","0"
"ast_to_source","complete","named_end","nonce","2","32","4","4","4","4","3","0.750","0","0","0","0","0.750","0.750","32134","4","1795","4","201","4","0","4","1594","4","33929","4","33929","4","8","4","0.000","27923.500","27923.500","NA","11309.667","11309.667","NA","0","0","0","1.000","4","0","1"
"ast_to_source","complete","named_end","nonce","4","0","4","4","4","4","4","1.000","0","0","0","0","1.000","1.000","28188","4","969","4","245","4","0","4","724","4","29157","4","29157","4","8","4","0.000","24678.000","24678.000","NA","7289.250","7289.250","NA","0","0","0","1.000","4","0","0"
"ast_to_source","complete","named_end","nonce","4","8","4","4","4","4","4","1.000","0","0","0","0","1.000","1.000","29209","4","1218","4","222","4","0","4","996","4","30427","4","30427","4","8","4","0.000","13651.000","13651.000","NA","7606.750","7606.750","NA","0","0","0","1.000","4","0","0"
"ast_to_source","complete","named_end","nonce","4","32","4","4","4","4","4","1.000","0","0","0","0","1.000","1.000","32484","4","2357","4","558","4","0","4","1799","4","34841","4","34841","4","8","4","0.000","20259.250","20259.250","NA","8710.250","8710.250","NA","0","0","0","1.000","4","0","0"
"ast_to_source","complete","named_end","nonce","8","0","4","4","4","4","4","1.000","0","0","0","0","1.000","1.000","29111","4","1605","4","466","4","0","4","1139","4","30716","4","30716","4","8","4","0.000","11236.250","11236.250","NA","7679.000","7679.000","NA","0","0","0","1.000","4","0","0"
"ast_to_source","complete","named_end","nonce","8","8","4","4","4","4","4","1.000","0","0","0","0","1.000","1.000","30283","4","1788","4","390","4","0","4","1398","4","32071","4","32071","4","8","4","0.000","14828.000","14828.000","NA","8017.750","8017.750","NA","0","0","0","1.000","4","0","0"
"ast_to_source","complete","named_end","nonce","8","32","4","4","4","4","4","1.000","0","0","0","0","1.000","1.000","33524","4","2673","4","476","4","0","4","2197","4","36197","4","36197","4","8","4","0.000","13025.000","13025.000","NA","9049.250","9049.250","NA","0","0","0","1.000","4","0","0"
"ast_to_source","complete","padded_end","natural","2","0","4","4","4","4","4","1.000","0","0","0","0","1.000","1.000","26708","4","587","4","163","4","0","4","424","4","27295","4","27295","4","8","4","0.000","37737.750","37737.750","NA","6823.750","6823.750","NA","0","0","0","1.000","4","0","0"
"ast_to_source","complete","padded_end","natural","2","8","4","4","4","4","4","1.000","0","0","0","0","1.000","1.000","27743","4","829","4","165","4","0","4","664","4","28572","4","28572","4","8","4","0.000","18455.750","18455.750","NA","7143.000","7143.000","NA","0","0","0","1.000","4","0","0"
"ast_to_source","complete","padded_end","natural","2","32","4","4","4","4","4","1.000","0","0","0","0","1.000","1.000","31128","4","1747","4","344","4","0","4","1403","4","32875","4","32875","4","8","4","0.000","26210.000","26210.000","NA","8218.750","8218.750","NA","0","0","0","1.000","4","0","0"
"ast_to_source","complete","padded_end","natural","4","0","4","4","4","4","4","1.000","0","0","0","0","1.000","1.000","27216","4","884","4","288","4","0","4","596","4","28100","4","28100","4","8","4","0.000","15609.000","15609.000","NA","7025.000","7025.000","NA","0","0","0","1.000","4","0","0"
"ast_to_source","complete","padded_end","natural","4","8","4","4","4","4","4","1.000","0","0","0","0","1.000","1.000","28275","4","1108","4","270","4","0","4","838","4","29383","4","29383","4","8","4","0.000","20841.500","20841.500","NA","7345.750","7345.750","NA","0","0","0","1.000","4","0","0"
"ast_to_source","complete","padded_end","natural","4","32","4","4","4","4","4","1.000","0","0","0","0","1.000","1.000","31537","4","1860","4","285","4","0","4","1575","4","33397","4","33397","4","8","4","0.000","12618.250","12618.250","NA","8349.250","8349.250","NA","0","0","0","1.000","4","0","0"
"ast_to_source","complete","padded_end","natural","8","0","4","4","4","4","0","0.000","0","0","0","0","0.000","0.000","28208","4","1308","4","423","4","0","4","885","4","29516","4","29516","4","8","4","0.000","26984.750","26984.750","NA","NA","NA","NA","0","0","0","0.000","4","4","0"
"ast_to_source","complete","padded_end","natural","8","8","4","4","4","4","0","0.000","0","0","0","0","0.000","0.000","29316","4","1645","4","524","4","0","4","1121","4","30961","4","30961","4","8","4","0.000","19926.250","19926.250","NA","NA","NA","NA","0","0","0","0.000","4","4","0"
"ast_to_source","complete","padded_end","natural","8","32","4","4","4","4","0","0.000","0","0","0","0","0.000","0.000","32602","4","2353","4","476","4","0","4","1877","4","34955","4","34955","4","8","4","0.000","24782.250","24782.250","NA","NA","NA","NA","0","0","0","0.000","4","4","0"
"ast_to_source","complete","padded_end","nonce","2","0","4","4","4","4","4","1.000","0","0","0","0","1.000","1.000","27104","4","624","4","167","4","0","4","457","4","27728","4","27728","4","8","4","0.000","9351.750","9351.750","NA","6932.000","6932.000","NA","0","0","0","1.000","4","0","0"
"ast_to_source","complete","padded_end","nonce","2","8","4","4","4","4","4","1.000","0","0","0","0","1.000","1.000","28133","4","972","4","254","4","0","4","718","4","29105","4","29105","4","8","4","0.000","17913.250","17913.250","NA","7276.250","7276.250","NA","0","0","0","1.000","4","0","0"
"ast_to_source","complete","padded_end","nonce","2","32","4","4","4","4","4","1.000","0","0","0","0","1.000","1.000","31617","4","1907","4","369","4","0","4","1538","4","33524","4","33524","4","8","4","0.000","26081.250","26081.250","NA","8381.000","8381.000","NA","0","0","0","1.000","4","0","0"
"ast_to_source","complete","padded_end","nonce","4","0","4","4","4","4","4","1.000","0","0","0","0","1.000","1.000","27661","4","943","4","303","4","0","4","640","4","28604","4","28604","4","8","4","0.000","17630.750","17630.750","NA","7151.000","7151.000","NA","0","0","0","1.000","4","0","0"
"ast_to_source","complete","padded_end","nonce","4","8","4","4","4","4","4","1.000","0","0","0","0","1.000","1.000","28670","4","1233","4","325","4","0","4","908","4","29903","4","29903","4","8","4","0.000","22174.000","22174.000","NA","7475.750","7475.750","NA","0","0","0","1.000","4","0","0"
"ast_to_source","complete","padded_end","nonce","4","32","4","4","4","4","4","1.000","0","0","0","0","1.000","1.000","31940","4","2233","4","520","4","0","4","1713","4","34173","4","34173","4","8","4","0.000","11205.750","11205.750","NA","8543.250","8543.250","NA","0","0","0","1.000","4","0","0"
"ast_to_source","complete","padded_end","nonce","8","0","4","4","4","4","0","0.000","0","0","0","0","0.000","0.000","28565","4","1471","4","529","4","0","4","942","4","30036","4","30036","4","8","4","0.000","23948.250","23948.250","NA","NA","NA","NA","0","0","0","0.000","4","4","0"
"ast_to_source","complete","padded_end","nonce","8","8","4","4","4","4","0","0.000","0","0","0","0","0.000","0.000","29766","4","1702","4","481","4","0","4","1221","4","31468","4","31468","4","8","4","0.000","17708.500","17708.500","NA","NA","NA","NA","0","0","0","0.000","4","4","0"
"ast_to_source","complete","padded_end","nonce","8","32","4","4","4","4","1","0.250","0","0","0","0","0.250","0.250","32995","4","2813","4","786","4","0","4","2027","4","35808","4","35808","4","8","4","0.000","25242.500","25242.500","NA","35808.000","35808.000","NA","0","0","0","0.250","4","3","0"
"ast_to_source","complete","typed_end","natural","2","0","4","4","4","4","4","1.000","0","0","0","0","1.000","1.000","26200","4","515","4","139","4","0","4","376","4","26715","4","26715","4","8","4","0.000","37597.000","37597.000","NA","6678.750","6678.750","NA","0","0","0","1.000","4","0","0"
"ast_to_source","complete","typed_end","natural","2","8","4","4","4","4","4","1.000","0","0","0","0","1.000","1.000","27235","4","832","4","216","4","0","4","616","4","28067","4","28067","4","8","4","0.000","22686.500","22686.500","NA","7016.750","7016.750","NA","0","0","0","1.000","4","0","0"
"ast_to_source","complete","typed_end","natural","2","32","4","4","4","4","4","1.000","0","0","0","0","1.000","1.000","30620","4","1576","4","221","4","0","4","1355","4","32196","4","32196","4","8","4","0.000","13260.500","13260.500","NA","8049.000","8049.000","NA","0","0","0","1.000","4","0","0"
"ast_to_source","complete","typed_end","natural","4","0","4","4","4","4","4","1.000","0","0","0","0","1.000","1.000","26708","4","715","4","191","4","0","4","524","4","27423","4","27423","4","8","4","0.000","14944.750","14944.750","NA","6855.750","6855.750","NA","0","0","0","1.000","4","0","0"
"ast_to_source","complete","typed_end","natural","4","8","4","4","4","4","4","1.000","0","0","0","0","1.000","1.000","27767","4","1065","4","299","4","0","4","766","4","28832","4","28832","4","8","4","0.000","31666.500","31666.500","NA","7208.000","7208.000","NA","0","0","0","1.000","4","0","0"
"ast_to_source","complete","typed_end","natural","4","32","4","4","4","4","4","1.000","0","0","0","0","1.000","1.000","31029","4","1976","4","473","4","0","4","1503","4","33005","4","33005","4","8","4","0.000","26672.250","26672.250","NA","8251.250","8251.250","NA","0","0","0","1.000","4","0","0"
"ast_to_source","complete","typed_end","natural","8","0","4","4","4","4","1","0.250","0","0","0","0","0.250","0.250","27700","4","1235","4","437","4","0","4","798","4","28935","4","28935","4","8","4","0.000","22237.750","22237.750","NA","28935.000","28935.000","NA","0","0","0","0.250","4","3","0"
"ast_to_source","complete","typed_end","natural","8","8","4","4","4","4","3","0.750","0","0","0","0","0.750","0.750","28808","4","1362","4","322","4","0","4","1040","4","30170","4","30170","4","8","4","0.000","25142.000","25142.000","NA","10056.667","10056.667","NA","0","0","0","0.750","4","1","0"
"ast_to_source","complete","typed_end","natural","8","32","4","4","4","4","2","0.500","0","0","0","0","0.500","0.500","32094","4","2241","4","451","4","0","4","1790","4","34335","4","34335","4","8","4","0.000","27506.000","27506.000","NA","17167.500","17167.500","NA","0","0","0","0.750","4","1","1"
"ast_to_source","complete","typed_end","nonce","2","0","4","4","4","4","4","1.000","0","0","0","0","1.000","1.000","26742","4","569","4","144","4","0","4","425","4","27311","4","27311","4","8","4","0.000","19808.250","19808.250","NA","6827.750","6827.750","NA","0","0","0","1.000","4","0","0"
"ast_to_source","complete","typed_end","nonce","2","8","4","4","4","4","4","1.000","0","0","0","0","1.000","1.000","27764","4","926","4","240","4","0","4","686","4","28690","4","28690","4","8","4","0.000","11261.750","11261.750","NA","7172.500","7172.500","NA","0","0","0","1.000","4","0","0"
"ast_to_source","complete","typed_end","nonce","2","32","4","4","4","4","4","1.000","0","0","0","0","1.000","1.000","31226","4","1725","4","223","4","0","4","1502","4","32951","4","32951","4","8","4","0.000","24187.250","24187.250","NA","8237.750","8237.750","NA","0","0","0","1.000","4","0","0"
"ast_to_source","complete","typed_end","nonce","4","0","4","4","4","4","4","1.000","0","0","0","0","1.000","1.000","27280","4","847","4","261","4","0","4","586","4","28127","4","28127","4","8","4","0.000","10890.250","10890.250","NA","7031.750","7031.750","NA","0","0","0","1.000","4","0","0"
"ast_to_source","complete","typed_end","nonce","4","8","4","4","4","4","4","1.000","0","0","0","0","1.000","1.000","28301","4","1176","4","319","4","0","4","857","4","29477","4","29477","4","8","4","0.000","25709.750","25709.750","NA","7369.250","7369.250","NA","0","0","0","1.000","4","0","0"
"ast_to_source","complete","typed_end","nonce","4","32","4","4","4","4","4","1.000","0","0","0","0","1.000","1.000","31576","4","1879","4","217","4","0","4","1662","4","33455","4","33455","4","8","4","0.000","17958.750","17958.750","NA","8363.750","8363.750","NA","0","0","0","1.000","4","0","0"
"ast_to_source","complete","typed_end","nonce","8","0","4","4","4","4","2","0.500","0","0","0","0","0.500","0.500","28203","4","1325","4","423","4","0","4","902","4","29528","4","29528","4","8","4","0.000","31724.750","31724.750","NA","14764.000","14764.000","NA","0","0","0","0.500","4","2","0"
"ast_to_source","complete","typed_end","nonce","8","8","4","4","4","4","2","0.500","0","0","0","0","0.500","0.500","29375","4","1651","4","487","4","0","4","1164","4","31026","4","31026","4","8","4","0.000","32085.750","32085.750","NA","15513.000","15513.000","NA","0","0","0","0.500","4","2","0"
"ast_to_source","complete","typed_end","nonce","8","32","4","4","4","4","2","0.500","0","0","0","0","0.500","0.500","32616","4","2388","4","428","4","0","4","1960","4","35004","4","35004","4","8","4","0.000","27955.000","27955.000","NA","17502.000","17502.000","NA","0","0","0","0.500","4","2","0"
"scope_lookup","after_close","braces","natural","2","0","4","4","4","4","4","1.000","0","0","0","0","1.000","1.000","6493","4","213","4","181","4","0","4","32","4","6706","4","6706","4","8","4","0.000","8365.750","8365.750","NA","1676.500","1676.500","NA","0","0","0","NA","0","0","0"
"scope_lookup","after_close","braces","natural","2","32","4","4","4","4","4","1.000","0","0","0","0","1.000","1.000","7468","4","196","4","164","4","0","4","32","4","7664","4","7664","4","8","4","0.000","6473.250","6473.250","NA","1916.000","1916.000","NA","0","0","0","NA","0","0","0"
"scope_lookup","after_close","braces","natural","2","128","4","4","4","4","4","1.000","0","0","0","0","1.000","1.000","10409","4","241","4","209","4","0","4","32","4","10650","4","10650","4","8","4","0.000","5883.750","5883.750","NA","2662.500","2662.500","NA","0","0","0","NA","0","0","0"
"scope_lookup","after_close","braces","natural","4","0","4","4","4","4","1","0.250","0","0","0","0","0.250","0.250","6617","4","291","4","259","4","0","4","32","4","6908","4","6908","4","8","4","0.000","4671.500","4671.500","NA","6908.000","6908.000","NA","0","0","3","NA","0","0","0"
"scope_lookup","after_close","braces","natural","4","32","4","4","4","4","4","1.000","0","0","0","0","1.000","1.000","7593","4","296","4","264","4","0","4","32","4","7889","4","7889","4","8","4","0.000","11818.750","11818.750","NA","1972.250","1972.250","NA","0","0","0","NA","0","0","0"
"scope_lookup","after_close","braces","natural","4","128","4","4","4","4","4","1.000","0","0","0","0","1.000","1.000","10554","4","383","4","351","4","0","4","32","4","10937","4","10937","4","8","4","0.000","5496.750","5496.750","NA","2734.250","2734.250","NA","0","0","0","NA","0","0","0"
"scope_lookup","after_close","braces","natural","8","0","4","4","4","4","4","1.000","0","0","0","0","1.000","1.000","6854","4","508","4","476","4","0","4","32","4","7362","4","7362","4","8","4","0.000","9236.500","9236.500","NA","1840.500","1840.500","NA","0","0","0","NA","0","0","0"
"scope_lookup","after_close","braces","natural","8","32","4","4","4","4","1","0.250","0","0","0","0","0.250","0.250","7832","4","584","4","552","4","0","4","32","4","8416","4","8416","4","8","4","0.000","8736.250","8736.250","NA","8416.000","8416.000","NA","0","0","3","NA","0","0","0"
"scope_lookup","after_close","braces","natural","8","128","4","4","4","4","4","1.000","0","0","0","0","1.000","1.000","10785","4","868","4","836","4","0","4","32","4","11653","4","11653","4","8","4","0.000","9477.750","9477.750","NA","2913.250","2913.250","NA","0","0","0","NA","0","0","0"
"scope_lookup","after_close","braces","nonce","2","0","4","4","4","4","1","0.250","0","0","0","0","0.250","0.250","6794","4","224","4","192","4","0","4","32","4","7018","4","7018","4","8","4","0.000","5242.500","5242.500","NA","7018.000","7018.000","NA","0","0","3","NA","0","0","0"
"scope_lookup","after_close","braces","nonce","2","32","4","4","4","4","3","0.750","0","0","0","0","0.750","0.750","7962","4","224","4","192","4","0","4","32","4","8186","4","8186","4","8","4","0.000","11340.000","11340.000","NA","2728.667","2728.667","NA","0","0","1","NA","0","0","0"
"scope_lookup","after_close","braces","nonce","2","128","4","4","4","4","2","0.500","0","0","0","0","0.500","0.500","11139","4","230","4","198","4","0","4","32","4","11369","4","11369","4","8","4","0.000","6305.000","6305.000","NA","5684.500","5684.500","NA","0","0","2","NA","0","0","0"
"scope_lookup","after_close","braces","nonce","4","0","4","4","4","4","1","0.250","0","0","0","0","0.250","0.250","7061","4","265","4","233","4","0","4","32","4","7326","4","7326","4","8","4","0.000","3292.250","3292.250","NA","7326.000","7326.000","NA","0","0","3","NA","0","0","0"
"scope_lookup","after_close","braces","nonce","4","32","4","4","4","4","3","0.750","0","0","0","0","0.750","0.750","8089","4","370","4","338","4","0","4","32","4","8459","4","8459","4","8","4","0.000","5943.000","5943.000","NA","2819.667","2819.667","NA","0","0","1","NA","0","0","0"
"scope_lookup","after_close","braces","nonce","4","128","4","4","4","4","4","1.000","0","0","0","0","1.000","1.000","11510","4","479","4","447","4","0","4","32","4","11989","4","11989","4","8","4","0.000","15308.750","15308.750","NA","2997.250","2997.250","NA","0","0","0","NA","0","0","0"
"scope_lookup","after_close","braces","nonce","8","0","4","4","4","4","2","0.500","0","0","0","0","0.500","0.500","7182","4","575","4","543","4","0","4","32","4","7757","4","7757","4","8","4","0.000","6197.000","6197.000","NA","3878.500","3878.500","NA","0","0","2","NA","0","0","0"
"scope_lookup","after_close","braces","nonce","8","32","4","4","4","4","4","1.000","0","0","0","0","1.000","1.000","8222","4","715","4","683","4","0","4","32","4","8937","4","8937","4","8","4","0.000","23877.500","23877.500","NA","2234.250","2234.250","NA","0","0","0","NA","0","0","0"
"scope_lookup","after_close","braces","nonce","8","128","4","4","4","4","2","0.500","0","0","0","0","0.500","0.500","11541","4","848","4","816","4","0","4","32","4","12389","4","12389","4","8","4","0.000","14449.000","14449.000","NA","6194.500","6194.500","NA","0","0","2","NA","0","0","0"
"scope_lookup","after_close","generic_end","natural","2","0","4","4","4","4","2","0.500","0","0","0","0","0.500","0.500","6617","4","170","4","138","4","0","4","32","4","6787","4","6787","4","8","4","0.000","11391.000","11391.000","NA","3393.500","3393.500","NA","0","0","2","NA","0","0","0"
"scope_lookup","after_close","generic_end","natural","2","32","4","4","4","4","4","1.000","0","0","0","0","1.000","1.000","7592","4","275","4","243","4","0","4","32","4","7867","4","7867","4","8","4","0.000","4752.500","4752.500","NA","1966.750","1966.750","NA","0","0","0","NA","0","0","0"
"scope_lookup","after_close","generic_end","natural","2","128","4","4","4","4","3","0.750","0","0","0","0","0.750","0.750","10533","4","261","4","229","4","0","4","32","4","10794","4","10794","4","8","4","0.000","15940.750","15940.750","NA","3598.000","3598.000","NA","0","0","1","NA","0","0","0"
"scope_lookup","after_close","generic_end","natural","4","0","4","4","4","4","4","1.000","0","0","0","0","1.000","1.000","6745","4","290","4","258","4","0","4","32","4","7035","4","7035","4","8","4","0.000","3440.750","3440.750","NA","1758.750","1758.750","NA","0","0","0","NA","0","0","0"
"scope_lookup","after_close","generic_end","natural","4","32","4","4","4","4","4","1.000","0","0","0","0","1.000","1.000","7721","4","312","4","280","4","0","4","32","4","8033","4","8033","4","8","4","0.000","6171.000","6171.000","NA","2008.250","2008.250","NA","0","0","0","NA","0","0","0"
"scope_lookup","after_close","generic_end","natural","4","128","4","4","4","4","4","1.000","0","0","0","0","1.000","1.000","10682","4","366","4","334","4","0","4","32","4","11048","4","11048","4","8","4","0.000","10549.750","10549.750","NA","2762.000","2762.000","NA","0","0","0","NA","0","0","0"
"scope_lookup","after_close","generic_end","natural","8","0","4","4","4","4","2","0.500","0","0","0","0","0.500","0.500","6990","4","672","4","640","4","0","4","32","4","7662","4","7662","4","8","4","0.000","12139.500","12139.500","NA","3831.000","3831.000","NA","0","0","2","NA","0","0","0"
"scope_lookup","after_close","generic_end","natural","8","32","4","4","4","4","3","0.750","0","0","0","0","0.750","0.750","7968","4","509","4","477","4","0","4","32","4","8477","4","8477","4","8","4","0.000","12873.250","12873.250","NA","2825.667","2825.667","NA","0","0","1","NA","0","0","0"
"scope_lookup","after_close","generic_end","natural","8","128","4","4","4","4","4","1.000","0","0","0","0","1.000","1.000","10921","4","822","4","790","4","0","4","32","4","11743","4","11743","4","8","4","0.000","7416.500","7416.500","NA","2935.750","2935.750","NA","0","0","0","NA","0","0","0"
"scope_lookup","after_close","generic_end","nonce","2","0","4","4","4","4","3","0.750","0","0","0","0","0.750","0.750","7015","4","188","4","156","4","0","4","32","4","7203","4","7203","4","8","4","0.000","8468.500","8468.500","NA","2401.000","2401.000","NA","0","0","1","NA","0","0","0"
"scope_lookup","after_close","generic_end","nonce","2","32","4","4","4","4","3","0.750","0","0","0","0","0.750","0.750","8183","4","232","4","200","4","0","4","32","4","8415","4","8415","4","8","4","0.000","12547.500","12547.500","NA","2805.000","2805.000","NA","0","0","1","NA","0","0","0"
"scope_lookup","after_close","generic_end","nonce","2","128","4","4","4","4","4","1.000","0","0","0","0","1.000","1.000","11360","4","313","4","281","4","0","4","32","4","11673","4","11673","4","8","4","0.000","8386.750","8386.750","NA","2918.250","2918.250","NA","0","0","0","NA","0","0","0"
"scope_lookup","after_close","generic_end","nonce","4","0","4","4","4","4","2","0.500","0","0","0","0","0.500","0.500","7222","4","319","4","287","4","0","4","32","4","7541","4","7541","4","8","4","0.000","4479.500","4479.500","NA","3770.500","3770.500","NA","0","0","2","NA","0","0","0"
"scope_lookup","after_close","generic_end","nonce","4","32","4","4","4","4","3","0.750","0","0","0","0","0.750","0.750","8250","4","347","4","315","4","0","4","32","4","8597","4","8597","4","8","4","0.000","6381.250","6381.250","NA","2865.667","2865.667","NA","0","0","1","NA","0","0","0"
"scope_lookup","after_close","generic_end","nonce","4","128","4","4","4","4","4","1.000","0","0","0","0","1.000","1.000","11671","4","539","4","507","4","0","4","32","4","12210","4","12210","4","8","4","0.000","18835.500","18835.500","NA","3052.500","3052.500","NA","0","0","0","NA","0","0","0"
"scope_lookup","after_close","generic_end","nonce","8","0","4","4","4","4","4","1.000","0","0","0","0","1.000","1.000","7388","4","638","4","606","4","0","4","32","4","8026","4","8026","4","8","4","0.000","7165.250","7165.250","NA","2006.500","2006.500","NA","0","0","0","NA","0","0","0"
"scope_lookup","after_close","generic_end","nonce","8","32","4","4","4","4","4","1.000","0","0","0","0","1.000","1.000","8463","4","801","4","769","4","0","4","32","4","9264","4","9264","4","8","4","0.000","13873.750","13873.750","NA","2316.000","2316.000","NA","0","0","0","NA","0","0","0"
"scope_lookup","after_close","generic_end","nonce","8","128","4","4","4","4","3","0.750","0","0","0","0","0.750","0.750","11783","4","839","4","807","4","0","4","32","4","12622","4","12622","4","8","4","0.000","15192.000","15192.000","NA","4207.333","4207.333","NA","0","0","1","NA","0","0","0"
"scope_lookup","after_close","named_end","natural","2","0","4","4","4","4","4","1.000","0","0","0","0","1.000","1.000","7497","4","76","4","48","4","0","4","28","4","7573","4","7573","4","8","4","0.000","9426.500","9426.500","NA","1893.250","1893.250","NA","0","0","0","NA","0","0","0"
"scope_lookup","after_close","named_end","natural","2","32","4","4","4","4","4","1.000","0","0","0","0","1.000","1.000","8475","4","212","4","180","4","0","4","32","4","8687","4","8687","4","8","4","0.000","7546.000","7546.000","NA","2171.750","2171.750","NA","0","0","0","NA","0","0","0"
"scope_lookup","after_close","named_end","natural","2","128","4","4","4","4","4","1.000","0","0","0","0","1.000","1.000","11412","4","168","4","136","4","0","4","32","4","11580","4","11580","4","8","4","0.000","9040.750","9040.750","NA","2895.000","2895.000","NA","0","0","0","NA","0","0","0"
"scope_lookup","after_close","named_end","natural","4","0","4","4","4","4","2","0.500","0","0","0","0","0.500","0.500","7652","4","211","4","179","4","0","4","32","4","7863","4","7863","4","8","4","0.000","4515.250","4515.250","NA","3931.500","3931.500","NA","0","0","2","NA","0","0","0"
"scope_lookup","after_close","named_end","natural","4","32","4","4","4","4","4","1.000","0","0","0","0","1.000","1.000","8627","4","250","4","218","4","0","4","32","4","8877","4","8877","4","8","4","0.000","4728.000","4728.000","NA","2219.250","2219.250","NA","0","0","0","NA","0","0","0"
"scope_lookup","after_close","named_end","natural","4","128","4","4","4","4","4","1.000","0","0","0","0","1.000","1.000","11590","4","353","4","321","4","0","4","32","4","11943","4","11943","4","8","4","0.000","9305.000","9305.000","NA","2985.750","2985.750","NA","0","0","0","NA","0","0","0"
"scope_lookup","after_close","named_end","natural","8","0","4","4","4","4","4","1.000","0","0","0","0","1.000","1.000","7945","4","427","4","395","4","0","4","32","4","8372","4","8372","4","8","4","0.000","5479.000","5479.000","NA","2093.000","2093.000","NA","0","0","0","NA","0","0","0"
"scope_lookup","after_close","named_end","natural","8","32","4","4","4","4","4","1.000","0","0","0","0","1.000","1.000","8929","4","470","4","438","4","0","4","32","4","9399","4","9399","4","8","4","0.000","12874.500","12874.500","NA","2349.750","2349.750","NA","0","0","0","NA","0","0","0"
"scope_lookup","after_close","named_end","natural","8","128","4","4","4","4","3","0.750","0","0","0","0","0.750","0.750","11880","4","427","4","395","4","0","4","32","4","12307","4","12307","4","8","4","0.000","2883.000","2883.000","NA","4102.333","4102.333","NA","0","0","1","NA","0","0","0"
"scope_lookup","after_close","named_end","nonce","2","0","4","4","4","4","4","1.000","0","0","0","0","1.000","1.000","8014","4","136","4","104","4","0","4","32","4","8150","4","8150","4","8","4","0.000","3942.000","3942.000","NA","2037.500","2037.500","NA","0","0","0","NA","0","0","0"
"scope_lookup","after_close","named_end","nonce","2","32","4","4","4","4","4","1.000","0","0","0","0","1.000","1.000","9161","4","206","4","174","4","0","4","32","4","9367","4","9367","4","8","4","0.000","15778.250","15778.250","NA","2341.750","2341.750","NA","0","0","0","NA","0","0","0"
"scope_lookup","after_close","named_end","nonce","2","128","4","4","4","4","4","1.000","0","0","0","0","1.000","1.000","12349","4","254","4","222","4","0","4","32","4","12603","4","12603","4","8","4","0.000","10430.000","10430.000","NA","3150.750","3150.750","NA","0","0","0","NA","0","0","0"
"scope_lookup","after_close","named_end","nonce","4","0","4","4","4","4","2","0.500","0","0","0","0","0.500","0.500","8237","4","275","4","243","4","0","4","32","4","8512","4","8512","4","8","4","0.000","7662.250","7662.250","NA","4256.000","4256.000","NA","0","0","2","NA","0","0","0"
"scope_lookup","after_close","named_end","nonce","4","32","4","4","4","4","4","1.000","0","0","0","0","1.000","1.000","9276","4","311","4","279","4","0","4","32","4","9587","4","9587","4","8","4","0.000","5810.750","5810.750","NA","2396.750","2396.750","NA","0","0","0","NA","0","0","0"
"scope_lookup","after_close","named_end","nonce","4","128","4","4","4","4","4","1.000","0","0","0","0","1.000","1.000","12686","4","345","4","313","4","0","4","32","4","13031","4","13031","4","8","4","0.000","9799.000","9799.000","NA","3257.750","3257.750","NA","0","0","0","NA","0","0","0"
"scope_lookup","after_close","named_end","nonce","8","0","4","4","4","4","3","0.750","0","0","0","0","0.750","0.750","8474","4","461","4","429","4","0","4","32","4","8935","4","8935","4","8","4","0.000","14153.000","14153.000","NA","2978.333","2978.333","NA","0","0","1","NA","0","0","0"
"scope_lookup","after_close","named_end","nonce","8","32","4","4","4","4","4","1.000","0","0","0","0","1.000","1.000","9539","4","497","4","465","4","0","4","32","4","10036","4","10036","4","8","4","0.000","20153.000","20153.000","NA","2509.000","2509.000","NA","0","0","0","NA","0","0","0"
"scope_lookup","after_close","named_end","nonce","8","128","4","4","4","4","4","1.000","0","0","0","0","1.000","1.000","12861","4","540","4","508","4","0","4","32","4","13401","4","13401","4","8","4","0.000","17380.250","17380.250","NA","3350.250","3350.250","NA","0","0","0","NA","0","0","0"
"scope_lookup","after_close","padded_end","natural","2","0","4","4","4","4","4","1.000","0","0","0","0","1.000","1.000","7209","4","239","4","207","4","0","4","32","4","7448","4","7448","4","8","4","0.000","9047.250","9047.250","NA","1862.000","1862.000","NA","0","0","0","NA","0","0","0"
"scope_lookup","after_close","padded_end","natural","2","32","4","4","4","4","3","0.750","0","0","0","0","0.750","0.750","8184","4","229","4","197","4","0","4","32","4","8413","4","8413","4","8","4","0.000","5903.000","5903.000","NA","2804.333","2804.333","NA","0","0","1","NA","0","0","0"
"scope_lookup","after_close","padded_end","natural","2","128","4","4","4","4","4","1.000","0","0","0","0","1.000","1.000","11125","4","284","4","252","4","0","4","32","4","11409","4","11409","4","8","4","0.000","11034.000","11034.000","NA","2852.250","2852.250","NA","0","0","0","NA","0","0","0"
"scope_lookup","after_close","padded_end","natural","4","0","4","4","4","4","3","0.750","0","0","0","0","0.750","0.750","7353","4","325","4","293","4","0","4","32","4","7678","4","7678","4","8","4","0.000","4548.500","4548.500","NA","2559.333","2559.333","NA","0","0","1","NA","0","0","0"
"scope_lookup","after_close","padded_end","natural","4","32","4","4","4","4","3","0.750","0","0","0","0","0.750","0.750","8329","4","444","4","412","4","0","4","32","4","8773","4","8773","4","8","4","0.000","6243.000","6243.000","NA","2924.333","2924.333","NA","0","0","1","NA","0","0","0"
"scope_lookup","after_close","padded_end","natural","4","128","4","4","4","4","4","1.000","0","0","0","0","1.000","1.000","11290","4","425","4","393","4","0","4","32","4","11715","4","11715","4","8","4","0.000","5781.000","5781.000","NA","2928.750","2928.750","NA","0","0","0","NA","0","0","0"
"scope_lookup","after_close","padded_end","natural","8","0","4","4","4","4","4","1.000","0","0","0","0","1.000","1.000","7630","4","567","4","535","4","0","4","32","4","8197","4","8197","4","8","4","0.000","8317.500","8317.500","NA","2049.250","2049.250","NA","0","0","0","NA","0","0","0"
"scope_lookup","after_close","padded_end","natural","8","32","4","4","4","4","4","1.000","0","0","0","0","1.000","1.000","8608","4","673","4","641","4","0","4","32","4","9281","4","9281","4","8","4","0.000","16774.750","16774.750","NA","2320.250","2320.250","NA","0","0","0","NA","0","0","0"
"scope_lookup","after_close","padded_end","natural","8","128","4","4","4","4","4","1.000","0","0","0","0","1.000","1.000","11561","4","755","4","723","4","0","4","32","4","12316","4","12316","4","8","4","0.000","5897.250","5897.250","NA","3079.000","3079.000","NA","0","0","0","NA","0","0","0"
"scope_lookup","after_close","padded_end","nonce","2","0","4","4","4","4","4","1.000","0","0","0","0","1.000","1.000","7607","4","247","4","215","4","0","4","32","4","7854","4","7854","4","8","4","0.000","10980.000","10980.000","NA","1963.500","1963.500","NA","0","0","0","NA","0","0","0"
"scope_lookup","after_close","padded_end","nonce","2","32","4","4","4","4","3","0.750","0","0","0","0","0.750","0.750","8775","4","241","4","209","4","0","4","32","4","9016","4","9016","4","8","4","0.000","9367.500","9367.500","NA","3005.333","3005.333","NA","0","0","1","NA","0","0","0"
"scope_lookup","after_close","padded_end","nonce","2","128","4","4","4","4","4","1.000","0","0","0","0","1.000","1.000","11952","4","281","4","249","4","0","4","32","4","12233","4","12233","4","8","4","0.000","13852.000","13852.000","NA","3058.250","3058.250","NA","0","0","0","NA","0","0","0"
"scope_lookup","after_close","padded_end","nonce","4","0","4","4","4","4","4","1.000","0","0","0","0","1.000","1.000","7830","4","415","4","383","4","0","4","32","4","8245","4","8245","4","8","4","0.000","8529.500","8529.500","NA","2061.250","2061.250","NA","0","0","0","NA","0","0","0"
"scope_lookup","after_close","padded_end","nonce","4","32","4","4","4","4","3","0.750","0","0","0","0","0.750","0.750","8858","4","316","4","284","4","0","4","32","4","9174","4","9174","4","8","4","0.000","2296.250","2296.250","NA","3058.000","3058.000","NA","0","0","1","NA","0","0","0"
"scope_lookup","after_close","padded_end","nonce","4","128","4","4","4","4","4","1.000","0","0","0","0","1.000","1.000","12279","4","559","4","527","4","0","4","32","4","12838","4","12838","4","8","4","0.000","13812.750","13812.750","NA","3209.500","3209.500","NA","0","0","0","NA","0","0","0"
"scope_lookup","after_close","padded_end","nonce","8","0","4","4","4","4","4","1.000","0","0","0","0","1.000","1.000","8028","4","655","4","623","4","0","4","32","4","8683","4","8683","4","8","4","0.000","7397.000","7397.000","NA","2170.750","2170.750","NA","0","0","0","NA","0","0","0"
"scope_lookup","after_close","padded_end","nonce","8","32","4","4","4","4","4","1.000","0","0","0","0","1.000","1.000","9103","4","710","4","678","4","0","4","32","4","9813","4","9813","4","8","4","0.000","18786.000","18786.000","NA","2453.250","2453.250","NA","0","0","0","NA","0","0","0"
"scope_lookup","after_close","padded_end","nonce","8","128","4","4","4","4","3","0.750","0","0","0","0","0.750","0.750","12423","4","757","4","725","4","0","4","32","4","13180","4","13180","4","8","4","0.000","14374.000","14374.000","NA","4393.333","4393.333","NA","0","0","1","NA","0","0","0"
"scope_lookup","after_close","typed_end","natural","2","0","4","4","4","4","4","1.000","0","0","0","0","1.000","1.000","6785","4","186","4","154","4","0","4","32","4","6971","4","6971","4","8","4","0.000","2585.250","2585.250","NA","1742.750","1742.750","NA","0","0","0","NA","0","0","0"
"scope_lookup","after_close","typed_end","natural","2","32","4","4","4","4","4","1.000","0","0","0","0","1.000","1.000","7760","4","163","4","131","4","0","4","32","4","7923","4","7923","4","8","4","0.000","4968.000","4968.000","NA","1980.750","1980.750","NA","0","0","0","NA","0","0","0"
"scope_lookup","after_close","typed_end","natural","2","128","4","4","4","4","4","1.000","0","0","0","0","1.000","1.000","10701","4","206","4","174","4","0","4","32","4","10907","4","10907","4","8","4","0.000","11063.250","11063.250","NA","2726.750","2726.750","NA","0","0","0","NA","0","0","0"
"scope_lookup","after_close","typed_end","natural","4","0","4","4","4","4","3","0.750","0","0","0","0","0.750","0.750","6917","4","288","4","256","4","0","4","32","4","7205","4","7205","4","8","4","0.000","5207.500","5207.500","NA","2401.667","2401.667","NA","0","0","1","NA","0","0","0"
"scope_lookup","after_close","typed_end","natural","4","32","4","4","4","4","3","0.750","0","0","0","0","0.750","0.750","7893","4","283","4","251","4","0","4","32","4","8176","4","8176","4","8","4","0.000","11432.500","11432.500","NA","2725.333","2725.333","NA","0","0","1","NA","0","0","0"
"scope_lookup","after_close","typed_end","natural","4","128","4","4","4","4","3","0.750","0","0","0","0","0.750","0.750","10854","4","300","4","268","4","0","4","32","4","11154","4","11154","4","8","4","0.000","6625.250","6625.250","NA","3718.000","3718.000","NA","0","0","1","NA","0","0","0"
"scope_lookup","after_close","typed_end","natural","8","0","4","4","4","4","3","0.750","0","0","0","0","0.750","0.750","7170","4","397","4","365","4","0","4","32","4","7567","4","7567","4","8","4","0.000","6651.750","6651.750","NA","2522.333","2522.333","NA","0","0","1","NA","0","0","0"
"scope_lookup","after_close","typed_end","natural","8","32","4","4","4","4","4","1.000","0","0","0","0","1.000","1.000","8148","4","562","4","530","4","0","4","32","4","8710","4","8710","4","8","4","0.000","15110.500","15110.500","NA","2177.500","2177.500","NA","0","0","0","NA","0","0","0"
"scope_lookup","after_close","typed_end","natural","8","128","4","4","4","4","2","0.500","0","0","0","0","0.500","0.500","11101","4","1337","4","1305","4","0","4","32","4","12438","4","12438","4","8","4","0.000","9792.500","9792.500","NA","6219.000","6219.000","NA","0","0","2","NA","0","0","0"
"scope_lookup","after_close","typed_end","nonce","2","0","4","4","4","4","4","1.000","0","0","0","0","1.000","1.000","7302","4","169","4","137","4","0","4","32","4","7471","4","7471","4","8","4","0.000","9604.750","9604.750","NA","1867.750","1867.750","NA","0","0","0","NA","0","0","0"
"scope_lookup","after_close","typed_end","nonce","2","32","4","4","4","4","4","1.000","0","0","0","0","1.000","1.000","8446","4","163","4","133","4","0","4","30","4","8609","4","8609","4","8","4","0.000","14894.000","14894.000","NA","2152.250","2152.250","NA","0","0","0","NA","0","0","0"
"scope_lookup","after_close","typed_end","nonce","2","128","4","4","4","4","4","1.000","0","0","0","0","1.000","1.000","11638","4","247","4","215","4","0","4","32","4","11885","4","11885","4","8","4","0.000","13350.250","13350.250","NA","2971.250","2971.250","NA","0","0","0","NA","0","0","0"
"scope_lookup","after_close","typed_end","nonce","4","0","4","4","4","4","3","0.750","0","0","0","0","0.750","0.750","7502","4","329","4","297","4","0","4","32","4","7831","4","7831","4","8","4","0.000","6770.250","6770.250","NA","2610.333","2610.333","NA","0","0","1","NA","0","0","0"
"scope_lookup","after_close","typed_end","nonce","4","32","4","4","4","4","4","1.000","0","0","0","0","1.000","1.000","8542","4","280","4","248","4","0","4","32","4","8822","4","8822","4","8","4","0.000","3307.500","3307.500","NA","2205.500","2205.500","NA","0","0","0","NA","0","0","0"
"scope_lookup","after_close","typed_end","nonce","4","128","4","4","4","4","3","0.750","0","0","0","0","0.750","0.750","11950","4","466","4","434","4","0","4","32","4","12416","4","12416","4","8","4","0.000","12262.250","12262.250","NA","4138.667","4138.667","NA","0","0","1","NA","0","0","0"
"scope_lookup","after_close","typed_end","nonce","8","0","4","4","4","4","3","0.750","0","0","0","0","0.750","0.750","7699","4","641","4","609","4","0","4","32","4","8340","4","8340","4","8","4","0.000","20267.750","20267.750","NA","2780.000","2780.000","NA","0","0","1","NA","0","0","0"
"scope_lookup","after_close","typed_end","nonce","8","32","4","4","4","4","3","0.750","0","0","0","0","0.750","0.750","8758","4","547","4","515","4","0","4","32","4","9305","4","9305","4","8","4","0.000","19003.750","19003.750","NA","3101.667","3101.667","NA","0","0","1","NA","0","0","0"
"scope_lookup","after_close","typed_end","nonce","8","128","4","4","4","4","4","1.000","0","0","0","0","1.000","1.000","12082","4","910","4","878","4","0","4","32","4","12992","4","12992","4","8","4","0.000","11784.500","11784.500","NA","3248.000","3248.000","NA","0","0","0","NA","0","0","0"
"scope_lookup","before_close","braces","natural","2","0","4","4","4","4","4","1.000","0","0","0","0","1.000","1.000","6445","4","24","4","0","4","0","4","24","4","6469","4","6469","4","8","4","0.000","9228.000","9228.000","NA","1617.250","1617.250","NA","0","0","0","NA","0","0","0"
"scope_lookup","before_close","braces","natural","2","32","4","4","4","4","4","1.000","0","0","0","0","1.000","1.000","7421","4","91","4","59","4","0","4","32","4","7512","4","7512","4","8","4","0.000","6051.500","6051.500","NA","1878.000","1878.000","NA","0","0","0","NA","0","0","0"
"scope_lookup","before_close","braces","natural","2","128","4","4","4","4","4","1.000","0","0","0","0","1.000","1.000","10364","4","174","4","142","4","0","4","32","4","10538","4","10538","4","8","4","0.000","15247.250","15247.250","NA","2634.500","2634.500","NA","0","0","0","NA","0","0","0"
"scope_lookup","before_close","braces","natural","4","0","4","4","4","4","4","1.000","0","0","0","0","1.000","1.000","6560","4","24","4","0","4","0","4","24","4","6584","4","6584","4","8","4","0.000","9555.000","9555.000","NA","1646.000","1646.000","NA","0","0","0","NA","0","0","0"
"scope_lookup","before_close","braces","natural","4","32","4","4","4","4","4","1.000","0","0","0","0","1.000","1.000","7541","4","97","4","69","4","0","4","28","4","7638","4","7638","4","8","4","0.000","4832.000","4832.000","NA","1909.500","1909.500","NA","0","0","0","NA","0","0","0"
"scope_lookup","before_close","braces","natural","4","128","4","4","4","4","4","1.000","0","0","0","0","1.000","1.000","10502","4","121","4","91","4","0","4","30","4","10623","4","10623","4","8","4","0.000","12542.250","12542.250","NA","2655.750","2655.750","NA","0","0","0","NA","0","0","0"
"scope_lookup","before_close","braces","natural","8","0","4","4","4","4","4","1.000","0","0","0","0","1.000","1.000","6793","4","24","4","0","4","0","4","24","4","6817","4","6817","4","8","4","0.000","7510.000","7510.000","NA","1704.250","1704.250","NA","0","0","0","NA","0","0","0"
"scope_lookup","before_close","braces","natural","8","32","4","4","4","4","4","1.000","0","0","0","0","1.000","1.000","7771","4","73","4","43","4","0","4","30","4","7844","4","7844","4","8","4","0.000","6391.250","6391.250","NA","1961.000","1961.000","NA","0","0","0","NA","0","0","0"
"scope_lookup","before_close","braces","natural","8","128","4","4","4","4","4","1.000","0","0","0","0","1.000","1.000","10727","4","199","4","167","4","0","4","32","4","10926","4","10926","4","8","4","0.000","16201.250","16201.250","NA","2731.500","2731.500","NA","0","0","0","NA","0","0","0"
"scope_lookup","before_close","braces","nonce","2","0","4","4","4","4","4","1.000","0","0","0","0","1.000","1.000","6746","4","50","4","22","4","0","4","28","4","6796","4","6796","4","8","4","0.000","3581.000","3581.000","NA","1699.000","1699.000","NA","0","0","0","NA","0","0","0"
"scope_lookup","before_close","braces","nonce","2","32","4","4","4","4","4","1.000","0","0","0","0","1.000","1.000","7915","4","126","4","96","4","0","4","30","4","8041","4","8041","4","8","4","0.000","6246.250","6246.250","NA","2010.250","2010.250","NA","0","0","0","NA","0","0","0"
"scope_lookup","before_close","braces","nonce","2","128","4","4","4","4","4","1.000","0","0","0","0","1.000","1.000","11094","4","227","4","195","4","0","4","32","4","11321","4","11321","4","8","4","0.000","13076.000","13076.000","NA","2830.250","2830.250","NA","0","0","0","NA","0","0","0"
"scope_lookup","before_close","braces","nonce","4","0","4","4","4","4","4","1.000","0","0","0","0","1.000","1.000","7004","4","77","4","45","4","0","4","32","4","7081","4","7081","4","8","4","0.000","13470.250","13470.250","NA","1770.250","1770.250","NA","0","0","0","NA","0","0","0"
"scope_lookup","before_close","braces","nonce","4","32","4","4","4","4","4","1.000","0","0","0","0","1.000","1.000","8037","4","143","4","111","4","0","4","32","4","8180","4","8180","4","8","4","0.000","11110.250","11110.250","NA","2045.000","2045.000","NA","0","0","0","NA","0","0","0"
"scope_lookup","before_close","braces","nonce","4","128","4","4","4","4","4","1.000","0","0","0","0","1.000","1.000","11458","4","220","4","188","4","0","4","32","4","11678","4","11678","4","8","4","0.000","9581.500","9581.500","NA","2919.500","2919.500","NA","0","0","0","NA","0","0","0"
"scope_lookup","before_close","braces","nonce","8","0","4","4","4","4","4","1.000","0","0","0","0","1.000","1.000","7121","4","50","4","22","4","0","4","28","4","7171","4","7171","4","8","4","0.000","8897.000","8897.000","NA","1792.750","1792.750","NA","0","0","0","NA","0","0","0"
"scope_lookup","before_close","braces","nonce","8","32","4","4","4","4","4","1.000","0","0","0","0","1.000","1.000","8161","4","167","4","137","4","0","4","30","4","8328","4","8328","4","8","4","0.000","6442.000","6442.000","NA","2082.000","2082.000","NA","0","0","0","NA","0","0","0"
"scope_lookup","before_close","braces","nonce","8","128","4","4","4","4","4","1.000","0","0","0","0","1.000","1.000","11483","4","337","4","305","4","0","4","32","4","11820","4","11820","4","8","4","0.000","3025.000","3025.000","NA","2955.000","2955.000","NA","0","0","0","NA","0","0","0"
"scope_lookup","before_close","generic_end","natural","2","0","4","4","4","4","4","1.000","0","0","0","0","1.000","1.000","6513","4","24","4","0","4","0","4","24","4","6537","4","6537","4","8","4","0.000","10969.750","10969.750","NA","1634.250","1634.250","NA","0","0","0","NA","0","0","0"
"scope_lookup","before_close","generic_end","natural","2","32","4","4","4","4","4","1.000","0","0","0","0","1.000","1.000","7489","4","107","4","77","4","0","4","30","4","7596","4","7596","4","8","4","0.000","3821.250","3821.250","NA","1899.000","1899.000","NA","0","0","0","NA","0","0","0"
"scope_lookup","before_close","generic_end","natural","2","128","4","4","4","4","4","1.000","0","0","0","0","1.000","1.000","10432","4","157","4","127","4","0","4","30","4","10589","4","10589","4","8","4","0.000","11841.250","11841.250","NA","2647.250","2647.250","NA","0","0","0","NA","0","0","0"
"scope_lookup","before_close","generic_end","natural","4","0","4","4","4","4","4","1.000","0","0","0","0","1.000","1.000","6628","4","24","4","0","4","0","4","24","4","6652","4","6652","4","8","4","0.000","6775.500","6775.500","NA","1663.000","1663.000","NA","0","0","0","NA","0","0","0"
"scope_lookup","before_close","generic_end","natural","4","32","4","4","4","4","4","1.000","0","0","0","0","1.000","1.000","7609","4","73","4","47","4","0","4","26","4","7682","4","7682","4","8","4","0.000","3862.500","3862.500","NA","1920.500","1920.500","NA","0","0","0","NA","0","0","0"
"scope_lookup","before_close","generic_end","natural","4","128","4","4","4","4","4","1.000","0","0","0","0","1.000","1.000","10570","4","169","4","137","4","0","4","32","4","10739","4","10739","4","8","4","0.000","9944.500","9944.500","NA","2684.750","2684.750","NA","0","0","0","NA","0","0","0"
"scope_lookup","before_close","generic_end","natural","8","0","4","4","4","4","4","1.000","0","0","0","0","1.000","1.000","6861","4","50","4","22","4","0","4","28","4","6911","4","6911","4","8","4","0.000","7779.000","7779.000","NA","1727.750","1727.750","NA","0","0","0","NA","0","0","0"
"scope_lookup","before_close","generic_end","natural","8","32","4","4","4","4","4","1.000","0","0","0","0","1.000","1.000","7839","4","164","4","134","4","0","4","30","4","8003","4","8003","4","8","4","0.000","19140.000","19140.000","NA","2000.750","2000.750","NA","0","0","0","NA","0","0","0"
"scope_lookup","before_close","generic_end","natural","8","128","4","4","4","4","4","1.000","0","0","0","0","1.000","1.000","10795","4","256","4","226","4","0","4","30","4","11051","4","11051","4","8","4","0.000","18654.250","18654.250","NA","2762.750","2762.750","NA","0","0","0","NA","0","0","0"
"scope_lookup","before_close","generic_end","nonce","2","0","4","4","4","4","4","1.000","0","0","0","0","1.000","1.000","6869","4","24","4","0","4","0","4","24","4","6893","4","6893","4","8","4","0.000","8409.250","8409.250","NA","1723.250","1723.250","NA","0","0","0","NA","0","0","0"
"scope_lookup","before_close","generic_end","nonce","2","32","4","4","4","4","4","1.000","0","0","0","0","1.000","1.000","8038","4","125","4","97","4","0","4","28","4","8163","4","8163","4","8","4","0.000","7302.500","7302.500","NA","2040.750","2040.750","NA","0","0","0","NA","0","0","0"
"scope_lookup","before_close","generic_end","nonce","2","128","4","4","4","4","4","1.000","0","0","0","0","1.000","1.000","11217","4","265","4","233","4","0","4","32","4","11482","4","11482","4","8","4","0.000","7139.000","7139.000","NA","2870.500","2870.500","NA","0","0","0","NA","0","0","0"
"scope_lookup","before_close","generic_end","nonce","4","0","4","4","4","4","4","1.000","0","0","0","0","1.000","1.000","7090","4","50","4","22","4","0","4","28","4","7140","4","7140","4","8","4","0.000","12218.250","12218.250","NA","1785.000","1785.000","NA","0","0","0","NA","0","0","0"
"scope_lookup","before_close","generic_end","nonce","4","32","4","4","4","4","4","1.000","0","0","0","0","1.000","1.000","8123","4","110","4","80","4","0","4","30","4","8233","4","8233","4","8","4","0.000","11981.250","11981.250","NA","2058.250","2058.250","NA","0","0","0","NA","0","0","0"
"scope_lookup","before_close","generic_end","nonce","4","128","4","4","4","4","4","1.000","0","0","0","0","1.000","1.000","11544","4","278","4","246","4","0","4","32","4","11822","4","11822","4","8","4","0.000","5948.500","5948.500","NA","2955.500","2955.500","NA","0","0","0","NA","0","0","0"
"scope_lookup","before_close","generic_end","nonce","8","0","4","4","4","4","4","1.000","0","0","0","0","1.000","1.000","7225","4","165","4","133","4","0","4","32","4","7390","4","7390","4","8","4","0.000","12977.000","12977.000","NA","1847.500","1847.500","NA","0","0","0","NA","0","0","0"
"scope_lookup","before_close","generic_end","nonce","8","32","4","4","4","4","4","1.000","0","0","0","0","1.000","1.000","8283","4","189","4","157","4","0","4","32","4","8472","4","8472","4","8","4","0.000","7917.250","7917.250","NA","2118.000","2118.000","NA","0","0","0","NA","0","0","0"
"scope_lookup","before_close","generic_end","nonce","8","128","4","4","4","4","4","1.000","0","0","0","0","1.000","1.000","11606","4","420","4","388","4","0","4","32","4","12026","4","12026","4","8","4","0.000","6944.250","6944.250","NA","3006.500","3006.500","NA","0","0","0","NA","0","0","0"
"scope_lookup","before_close","named_end","natural","2","0","4","4","4","4","4","1.000","0","0","0","0","1.000","1.000","7028","4","24","4","0","4","0","4","24","4","7052","4","7052","4","8","4","0.000","9096.000","9096.000","NA","1763.000","1763.000","NA","0","0","0","NA","0","0","0"
"scope_lookup","before_close","named_end","natural","2","32","4","4","4","4","4","1.000","0","0","0","0","1.000","1.000","8008","4","66","4","36","4","0","4","30","4","8074","4","8074","4","8","4","0.000","5169.000","5169.000","NA","2018.500","2018.500","NA","0","0","0","NA","0","0","0"
"scope_lookup","before_close","named_end","natural","2","128","4","4","4","4","4","1.000","0","0","0","0","1.000","1.000","10950","4","191","4","159","4","0","4","32","4","11141","4","11141","4","8","4","0.000","15010.250","15010.250","NA","2785.250","2785.250","NA","0","0","0","NA","0","0","0"
"scope_lookup","before_close","named_end","natural","4","0","4","4","4","4","4","1.000","0","0","0","0","1.000","1.000","7145","4","24","4","0","4","0","4","24","4","7169","4","7169","4","8","4","0.000","9315.250","9315.250","NA","1792.250","1792.250","NA","0","0","0","NA","0","0","0"
"scope_lookup","before_close","named_end","natural","4","32","4","4","4","4","4","1.000","0","0","0","0","1.000","1.000","8127","4","52","4","24","4","0","4","28","4","8179","4","8179","4","8","4","0.000","2080.500","2080.500","NA","2044.750","2044.750","NA","0","0","0","NA","0","0","0"
"scope_lookup","before_close","named_end","natural","4","128","4","4","4","4","4","1.000","0","0","0","0","1.000","1.000","11089","4","133","4","101","4","0","4","32","4","11222","4","11222","4","8","4","0.000","12116.750","12116.750","NA","2805.500","2805.500","NA","0","0","0","NA","0","0","0"
"scope_lookup","before_close","named_end","natural","8","0","4","4","4","4","4","1.000","0","0","0","0","1.000","1.000","7377","4","24","4","0","4","0","4","24","4","7401","4","7401","4","8","4","0.000","6675.750","6675.750","NA","1850.250","1850.250","NA","0","0","0","NA","0","0","0"
"scope_lookup","before_close","named_end","natural","8","32","4","4","4","4","4","1.000","0","0","0","0","1.000","1.000","8358","4","56","4","28","4","0","4","28","4","8414","4","8414","4","8","4","0.000","15026.000","15026.000","NA","2103.500","2103.500","NA","0","0","0","NA","0","0","0"
"scope_lookup","before_close","named_end","natural","8","128","4","4","4","4","4","1.000","0","0","0","0","1.000","1.000","11312","4","129","4","99","4","0","4","30","4","11441","4","11441","4","8","4","0.000","16595.500","16595.500","NA","2860.250","2860.250","NA","0","0","0","NA","0","0","0"
"scope_lookup","before_close","named_end","nonce","2","0","4","4","4","4","4","1.000","0","0","0","0","1.000","1.000","7451","4","24","4","0","4","0","4","24","4","7475","4","7475","4","8","4","0.000","8564.000","8564.000","NA","1868.750","1868.750","NA","0","0","0","NA","0","0","0"
"scope_lookup","before_close","named_end","nonce","2","32","4","4","4","4","4","1.000","0","0","0","0","1.000","1.000","8610","4","70","4","44","4","0","4","26","4","8680","4","8680","4","8","4","0.000","13625.750","13625.750","NA","2170.000","2170.000","NA","0","0","0","NA","0","0","0"
"scope_lookup","before_close","named_end","nonce","2","128","4","4","4","4","4","1.000","0","0","0","0","1.000","1.000","11796","4","181","4","149","4","0","4","32","4","11977","4","11977","4","8","4","0.000","9586.750","9586.750","NA","2994.250","2994.250","NA","0","0","0","NA","0","0","0"
"scope_lookup","before_close","named_end","nonce","4","0","4","4","4","4","4","1.000","0","0","0","0","1.000","1.000","7666","4","24","4","0","4","0","4","24","4","7690","4","7690","4","8","4","0.000","4102.500","4102.500","NA","1922.500","1922.500","NA","0","0","0","NA","0","0","0"
"scope_lookup","before_close","named_end","nonce","4","32","4","4","4","4","4","1.000","0","0","0","0","1.000","1.000","8707","4","140","4","110","4","0","4","30","4","8847","4","8847","4","8","4","0.000","14718.750","14718.750","NA","2211.750","2211.750","NA","0","0","0","NA","0","0","0"
"scope_lookup","before_close","named_end","nonce","4","128","4","4","4","4","4","1.000","0","0","0","0","1.000","1.000","12123","4","237","4","205","4","0","4","32","4","12360","4","12360","4","8","4","0.000","9178.500","9178.500","NA","3090.000","3090.000","NA","0","0","0","NA","0","0","0"
"scope_lookup","before_close","named_end","nonce","8","0","4","4","4","4","4","1.000","0","0","0","0","1.000","1.000","7809","4","50","4","22","4","0","4","28","4","7859","4","7859","4","8","4","0.000","16443.250","16443.250","NA","1964.750","1964.750","NA","0","0","0","NA","0","0","0"
"scope_lookup","before_close","named_end","nonce","8","32","4","4","4","4","4","1.000","0","0","0","0","1.000","1.000","8862","4","65","4","37","4","0","4","28","4","8927","4","8927","4","8","4","0.000","3316.500","3316.500","NA","2231.750","2231.750","NA","0","0","0","NA","0","0","0"
"scope_lookup","before_close","named_end","nonce","8","128","4","4","4","4","4","1.000","0","0","0","0","1.000","1.000","12183","4","391","4","359","4","0","4","32","4","12574","4","12574","4","8","4","0.000","8121.250","8121.250","NA","3143.500","3143.500","NA","0","0","0","NA","0","0","0"
"scope_lookup","before_close","padded_end","natural","2","0","4","4","4","4","4","1.000","0","0","0","0","1.000","1.000","6881","4","92","4","64","4","0","4","28","4","6973","4","6973","4","8","4","0.000","3945.750","3945.750","NA","1743.250","1743.250","NA","0","0","0","NA","0","0","0"
"scope_lookup","before_close","padded_end","natural","2","32","4","4","4","4","4","1.000","0","0","0","0","1.000","1.000","7857","4","225","4","193","4","0","4","32","4","8082","4","8082","4","8","4","0.000","9454.500","9454.500","NA","2020.500","2020.500","NA","0","0","0","NA","0","0","0"
"scope_lookup","before_close","padded_end","natural","2","128","4","4","4","4","4","1.000","0","0","0","0","1.000","1.000","10800","4","223","4","191","4","0","4","32","4","11023","4","11023","4","8","4","0.000","9775.250","9775.250","NA","2755.750","2755.750","NA","0","0","0","NA","0","0","0"
"scope_lookup","before_close","padded_end","natural","4","0","4","4","4","4","4","1.000","0","0","0","0","1.000","1.000","6996","4","82","4","50","4","0","4","32","4","7078","4","7078","4","8","4","0.000","5792.750","5792.750","NA","1769.500","1769.500","NA","0","0","0","NA","0","0","0"
"scope_lookup","before_close","padded_end","natural","4","32","4","4","4","4","4","1.000","0","0","0","0","1.000","1.000","7977","4","238","4","206","4","0","4","32","4","8215","4","8215","4","8","4","0.000","7696.750","7696.750","NA","2053.750","2053.750","NA","0","0","0","NA","0","0","0"
"scope_lookup","before_close","padded_end","natural","4","128","4","4","4","4","4","1.000","0","0","0","0","1.000","1.000","10938","4","215","4","183","4","0","4","32","4","11153","4","11153","4","8","4","0.000","10467.750","10467.750","NA","2788.250","2788.250","NA","0","0","0","NA","0","0","0"
"scope_lookup","before_close","padded_end","natural","8","0","4","4","4","4","4","1.000","0","0","0","0","1.000","1.000","7229","4","64","4","34","4","0","4","30","4","7293","4","7293","4","8","4","0.000","3601.000","3601.000","NA","1823.250","1823.250","NA","0","0","0","NA","0","0","0"
"scope_lookup","before_close","padded_end","natural","8","32","4","4","4","4","4","1.000","0","0","0","0","1.000","1.000","8207","4","307","4","275","4","0","4","32","4","8514","4","8514","4","8","4","0.000","12941.750","12941.750","NA","2128.500","2128.500","NA","0","0","0","NA","0","0","0"
"scope_lookup","before_close","padded_end","natural","8","128","4","4","4","4","4","1.000","0","0","0","0","1.000","1.000","11163","4","399","4","367","4","0","4","32","4","11562","4","11562","4","8","4","0.000","9066.500","9066.500","NA","2890.500","2890.500","NA","0","0","0","NA","0","0","0"
"scope_lookup","before_close","padded_end","nonce","2","0","4","4","4","4","4","1.000","0","0","0","0","1.000","1.000","7237","4","51","4","23","4","0","4","28","4","7288","4","7288","4","8","4","0.000","9836.000","9836.000","NA","1822.000","1822.000","NA","0","0","0","NA","0","0","0"
"scope_lookup","before_close","padded_end","nonce","2","32","4","4","4","4","4","1.000","0","0","0","0","1.000","1.000","8406","4","197","4","167","4","0","4","30","4","8603","4","8603","4","8","4","0.000","6182.250","6182.250","NA","2150.750","2150.750","NA","0","0","0","NA","0","0","0"
"scope_lookup","before_close","padded_end","nonce","2","128","4","4","4","4","4","1.000","0","0","0","0","1.000","1.000","11585","4","185","4","155","4","0","4","30","4","11770","4","11770","4","8","4","0.000","12850.500","12850.500","NA","2942.500","2942.500","NA","0","0","0","NA","0","0","0"
"scope_lookup","before_close","padded_end","nonce","4","0","4","4","4","4","4","1.000","0","0","0","0","1.000","1.000","7458","4","50","4","22","4","0","4","28","4","7508","4","7508","4","8","4","0.000","13566.500","13566.500","NA","1877.000","1877.000","NA","0","0","0","NA","0","0","0"
"scope_lookup","before_close","padded_end","nonce","4","32","4","4","4","4","4","1.000","0","0","0","0","1.000","1.000","8491","4","196","4","164","4","0","4","32","4","8687","4","8687","4","8","4","0.000","17264.500","17264.500","NA","2171.750","2171.750","NA","0","0","0","NA","0","0","0"
"scope_lookup","before_close","padded_end","nonce","4","128","4","4","4","4","4","1.000","0","0","0","0","1.000","1.000","11912","4","229","4","197","4","0","4","32","4","12141","4","12141","4","8","4","0.000","8104.500","8104.500","NA","3035.250","3035.250","NA","0","0","0","NA","0","0","0"
"scope_lookup","before_close","padded_end","nonce","8","0","4","4","4","4","4","1.000","0","0","0","0","1.000","1.000","7593","4","50","4","22","4","0","4","28","4","7643","4","7643","4","8","4","0.000","10950.000","10950.000","NA","1910.750","1910.750","NA","0","0","0","NA","0","0","0"
"scope_lookup","before_close","padded_end","nonce","8","32","4","4","4","4","4","1.000","0","0","0","0","1.000","1.000","8651","4","282","4","252","4","0","4","30","4","8933","4","8933","4","8","4","0.000","4289.000","4289.000","NA","2233.250","2233.250","NA","0","0","0","NA","0","0","0"
"scope_lookup","before_close","padded_end","nonce","8","128","4","4","4","4","4","1.000","0","0","0","0","1.000","1.000","11974","4","430","4","398","4","0","4","32","4","12404","4","12404","4","8","4","0.000","6346.000","6346.000","NA","3101.000","3101.000","NA","0","0","0","NA","0","0","0"
"scope_lookup","before_close","typed_end","natural","2","0","4","4","4","4","4","1.000","0","0","0","0","1.000","1.000","6625","4","24","4","0","4","0","4","24","4","6649","4","6649","4","8","4","0.000","4597.750","4597.750","NA","1662.250","1662.250","NA","0","0","0","NA","0","0","0"
"scope_lookup","before_close","typed_end","natural","2","32","4","4","4","4","4","1.000","0","0","0","0","1.000","1.000","7601","4","100","4","72","4","0","4","28","4","7701","4","7701","4","8","4","0.000","3332.250","3332.250","NA","1925.250","1925.250","NA","0","0","0","NA","0","0","0"
"scope_lookup","before_close","typed_end","natural","2","128","4","4","4","4","4","1.000","0","0","0","0","1.000","1.000","10544","4","208","4","176","4","0","4","32","4","10752","4","10752","4","8","4","0.000","11944.500","11944.500","NA","2688.000","2688.000","NA","0","0","0","NA","0","0","0"
"scope_lookup","before_close","typed_end","natural","4","0","4","4","4","4","4","1.000","0","0","0","0","1.000","1.000","6740","4","24","4","0","4","0","4","24","4","6764","4","6764","4","8","4","0.000","4000.500","4000.500","NA","1691.000","1691.000","NA","0","0","0","NA","0","0","0"
"scope_lookup","before_close","typed_end","natural","4","32","4","4","4","4","4","1.000","0","0","0","0","1.000","1.000","7721","4","151","4","121","4","0","4","30","4","7872","4","7872","4","8","4","0.000","7609.500","7609.500","NA","1968.000","1968.000","NA","0","0","0","NA","0","0","0"
"scope_lookup","before_close","typed_end","natural","4","128","4","4","4","4","4","1.000","0","0","0","0","1.000","1.000","10682","4","223","4","191","4","0","4","32","4","10905","4","10905","4","8","4","0.000","19119.500","19119.500","NA","2726.250","2726.250","NA","0","0","0","NA","0","0","0"
"scope_lookup","before_close","typed_end","natural","8","0","4","4","4","4","4","1.000","0","0","0","0","1.000","1.000","6973","4","37","4","11","4","0","4","26","4","7010","4","7010","4","8","4","0.000","7822.500","7822.500","NA","1752.500","1752.500","NA","0","0","0","NA","0","0","0"
"scope_lookup","before_close","typed_end","natural","8","32","4","4","4","4","4","1.000","0","0","0","0","1.000","1.000","7951","4","217","4","185","4","0","4","32","4","8168","4","8168","4","8","4","0.000","9383.000","9383.000","NA","2042.000","2042.000","NA","0","0","0","NA","0","0","0"
"scope_lookup","before_close","typed_end","natural","8","128","4","4","4","4","4","1.000","0","0","0","0","1.000","1.000","10907","4","213","4","183","4","0","4","30","4","11120","4","11120","4","8","4","0.000","8681.750","8681.750","NA","2780.000","2780.000","NA","0","0","0","NA","0","0","0"
"scope_lookup","before_close","typed_end","nonce","2","0","4","4","4","4","4","1.000","0","0","0","0","1.000","1.000","7048","4","24","4","0","4","0","4","24","4","7072","4","7072","4","8","4","0.000","5513.500","5513.500","NA","1768.000","1768.000","NA","0","0","0","NA","0","0","0"
"scope_lookup","before_close","typed_end","nonce","2","32","4","4","4","4","4","1.000","0","0","0","0","1.000","1.000","8203","4","105","4","75","4","0","4","30","4","8308","4","8308","4","8","4","0.000","19298.000","19298.000","NA","2077.000","2077.000","NA","0","0","0","NA","0","0","0"
"scope_lookup","before_close","typed_end","nonce","2","128","4","4","4","4","4","1.000","0","0","0","0","1.000","1.000","11390","4","217","4","185","4","0","4","32","4","11607","4","11607","4","8","4","0.000","15256.500","15256.500","NA","2901.750","2901.750","NA","0","0","0","NA","0","0","0"
"scope_lookup","before_close","typed_end","nonce","4","0","4","4","4","4","4","1.000","0","0","0","0","1.000","1.000","7261","4","37","4","11","4","0","4","26","4","7298","4","7298","4","8","4","0.000","4060.500","4060.500","NA","1824.500","1824.500","NA","0","0","0","NA","0","0","0"
"scope_lookup","before_close","typed_end","nonce","4","32","4","4","4","4","4","1.000","0","0","0","0","1.000","1.000","8301","4","150","4","120","4","0","4","30","4","8451","4","8451","4","8","4","0.000","16248.000","16248.000","NA","2112.750","2112.750","NA","0","0","0","NA","0","0","0"
"scope_lookup","before_close","typed_end","nonce","4","128","4","4","4","4","4","1.000","0","0","0","0","1.000","1.000","11716","4","201","4","169","4","0","4","32","4","11917","4","11917","4","8","4","0.000","12284.250","12284.250","NA","2979.250","2979.250","NA","0","0","0","NA","0","0","0"
"scope_lookup","before_close","typed_end","nonce","8","0","4","4","4","4","4","1.000","0","0","0","0","1.000","1.000","7405","4","80","4","48","4","0","4","32","4","7485","4","7485","4","8","4","0.000","6406.000","6406.000","NA","1871.250","1871.250","NA","0","0","0","NA","0","0","0"
"scope_lookup","before_close","typed_end","nonce","8","32","4","4","4","4","4","1.000","0","0","0","0","1.000","1.000","8455","4","285","4","253","4","0","4","32","4","8740","4","8740","4","8","4","0.000","5003.000","5003.000","NA","2185.000","2185.000","NA","0","0","0","NA","0","0","0"
"scope_lookup","before_close","typed_end","nonce","8","128","4","4","4","4","4","1.000","0","0","0","0","1.000","1.000","11778","4","333","4","301","4","0","4","32","4","12111","4","12111","4","8","4","0.000","8099.750","8099.750","NA","3027.750","3027.750","NA","0","0","0","NA","0","0","0"
"ALL","ALL","ALL","natural","2","0","100","100","100","100","95","0.950","0","0","0","0","0.950","0.950","273106","100","4871","100","1943","100","0","100","2928","100","277977","100","277977","100","200","100","0.000","12735.040","12735.040","NA","2926.074","2926.074","NA","0","0","5","1.000","20","0","0"
"ALL","ALL","ALL","natural","2","8","20","20","20","20","20","1.000","0","0","0","0","1.000","1.000","137047","20","4039","20","869","20","0","20","3170","20","141086","20","141086","20","40","20","0.000","18362.300","18362.300","NA","7054.300","7054.300","NA","0","0","0","1.000","20","0","0"
"ALL","ALL","ALL","natural","2","32","100","100","100","100","99","0.990","0","0","0","0","0.990","0.990","314730","100","11496","100","3655","100","0","100","7841","100","326226","100","326226","100","200","100","0.000","9656.650","9656.650","NA","3295.212","3295.212","NA","0","0","1","1.000","20","0","0"
"ALL","ALL","ALL","natural","2","128","80","80","80","80","78","0.975","0","0","0","0","0.975","0.975","219588","80","4017","80","3029","80","0","80","988","80","223605","80","223605","80","160","80","0.000","11083.038","11083.038","NA","2866.731","2866.731","NA","0","0","2","NA","0","0","0"
"ALL","ALL","ALL","natural","4","0","100","100","100","100","86","0.860","0","0","0","0","0.860","0.860","278166","100","7806","100","3669","100","0","100","4137","100","285972","100","285972","100","200","100","0.000","10486.060","10486.060","NA","3325.256","3325.256","NA","0","0","13","0.950","20","1","0"
"ALL","ALL","ALL","natural","4","8","20","20","20","20","20","1.000","0","0","0","0","1.000","1.000","139707","20","5324","20","1353","20","0","20","3971","20","145031","20","145031","20","40","20","0.000","21961.200","21961.200","NA","7251.550","7251.550","NA","0","0","0","1.000","20","0","0"
"ALL","ALL","ALL","natural","4","32","100","100","100","100","97","0.970","0","0","0","0","0.970","0.970","319341","100","13998","100","4992","100","0","100","9006","100","333339","100","333339","100","200","100","0.000","11667.610","11667.610","NA","3436.485","3436.485","NA","0","0","3","1.000","20","0","0"
"ALL","ALL","ALL","natural","4","128","80","80","80","80","76","0.950","0","0","0","0","0.950","0.950","222550","80","5581","80","4201","80","0","80","1380","80","228131","80","228131","80","160","80","0.000","9047.225","9047.225","NA","3001.724","3001.724","NA","0","0","4","NA","0","0","0"
"ALL","ALL","ALL","natural","8","0","100","100","100","100","79","0.790","0","0","0","0","0.790","0.790","288064","100","13611","100","7283","100","0","100","6328","100","301675","100","301675","100","200","100","0.000","11485.250","11485.250","NA","3818.671","3818.671","NA","0","0","8","0.350","20","13","0"
"ALL","ALL","ALL","natural","8","8","20","20","20","20","8","0.400","0","0","0","0","0.400","0.400","144912","20","7428","20","2042","20","0","20","5386","20","152340","20","152340","20","40","20","0.000","19453.300","19453.300","NA","19042.500","19042.500","NA","0","0","0","0.400","20","12","0"
"ALL","ALL","ALL","natural","8","32","100","100","100","100","79","0.790","0","0","0","0","0.790","0.790","329612","100","19701","100","8379","100","0","100","11322","100","349313","100","349313","100","200","100","0.000","13725.500","13725.500","NA","4421.684","4421.684","NA","0","0","9","0.500","20","10","2"
"ALL","ALL","ALL","natural","8","128","80","80","80","80","77","0.963","0","0","0","0","0.963","0.963","227352","80","10695","80","8501","80","0","80","2194","80","238047","80","238047","80","160","80","0.000","9978.013","9978.013","NA","3091.519","3091.519","NA","0","0","3","NA","0","0","0"
"ALL","ALL","ALL","nonce","2","0","100","100","100","100","91","0.910","0","0","0","0","0.910","0.910","283230","100","5461","100","2313","100","0","100","3148","100","288691","100","288691","100","200","100","0.000","10115.990","10115.990","NA","3172.429","3172.429","NA","0","0","9","1.000","20","0","0"
"ALL","ALL","ALL","nonce","2","8","20","20","20","20","20","1.000","0","0","0","0","1.000","1.000","139197","20","4597","20","1131","20","0","20","3466","20","143794","20","143794","20","40","20","0.000","17980.650","17980.650","NA","7189.700","7189.700","NA","0","0","0","1.000","20","0","0"
"ALL","ALL","ALL","nonce","2","32","100","100","100","100","95","0.950","0","0","0","0","0.950","0.950","328979","100","12281","100","3749","100","0","100","8532","100","341260","100","341260","100","200","100","0.000","12215.110","12215.110","NA","3592.211","3592.211","NA","0","0","4","1.000","20","0","1"
"ALL","ALL","ALL","nonce","2","128","80","80","80","80","77","0.963","0","0","0","0","0.963","0.963","236090","80","4481","80","3494","80","0","80","987","80","240571","80","240571","80","160","80","0.000","11618.700","11618.700","NA","3124.299","3124.299","NA","0","0","3","NA","0","0","0"
"ALL","ALL","ALL","nonce","4","0","100","100","100","100","87","0.870","0","0","0","0","0.870","0.870","290572","100","8518","100","4126","100","0","100","4392","100","299090","100","299090","100","200","100","0.000","9427.490","9427.490","NA","3437.816","3437.816","NA","0","0","12","0.950","20","1","0"
"ALL","ALL","ALL","nonce","4","8","20","20","20","20","20","1.000","0","0","0","0","1.000","1.000","141921","20","5581","20","1222","20","0","20","4359","20","147502","20","147502","20","40","20","0.000","20036.450","20036.450","NA","7375.100","7375.100","NA","0","0","0","1.000","20","0","0"
"ALL","ALL","ALL","nonce","4","32","100","100","100","100","93","0.930","0","0","0","0","0.930","0.930","332675","100","15417","100","5672","100","0","100","9745","100","348092","100","348092","100","200","100","0.000","9468.420","9468.420","NA","3742.925","3742.925","NA","0","0","7","1.000","20","0","0"
"ALL","ALL","ALL","nonce","4","128","80","80","80","80","78","0.975","0","0","0","0","0.975","0.975","242756","80","6519","80","5121","80","0","80","1398","80","249275","80","249275","80","160","80","0.000","11337.638","11337.638","NA","3195.833","3195.833","NA","0","0","2","NA","0","0","0"
"ALL","ALL","ALL","nonce","8","0","100","100","100","100","78","0.780","0","0","0","0","0.780","0.780","298257","100","14593","100","7867","100","0","100","6726","100","312850","100","312850","100","200","100","0.000","13571.750","13571.750","NA","4010.897","4010.897","NA","0","0","9","0.350","20","13","0"
"ALL","ALL","ALL","nonce","8","8","20","20","20","20","8","0.400","0","0","0","0","0.400","0.400","147318","20","7846","20","1925","20","0","20","5921","20","155164","20","155164","20","40","20","0.000","24868.700","24868.700","NA","19395.500","19395.500","NA","0","0","0","0.400","20","12","0"
"ALL","ALL","ALL","nonce","8","32","100","100","100","100","85","0.850","0","0","0","0","0.850","0.850","341492","100","22440","100","10380","100","0","100","12060","100","363932","100","363932","100","200","100","0.000","12571.630","12571.630","NA","4281.553","4281.553","NA","0","0","4","0.450","20","11","0"
"ALL","ALL","ALL","nonce","8","128","80","80","80","80","76","0.950","0","0","0","0","0.950","0.950","244478","80","11445","80","9245","80","0","80","2200","80","255923","80","255923","80","160","80","0.000","10219.725","10219.725","NA","3367.408","3367.408","NA","0","0","4","NA","0","0","0"
