"trial_id","family_id","task","view","style","lexical_regime","outcome","reason","first_parse_error_code","first_parse_error_line","first_parse_error_column","model_evaluable","dispatched","terminal","element_count_difference","unknown_names","closed_names","order_mismatch","ast_error_code","ast_error_path","ast_mismatch_class","ast_mismatch_path"
"007ededee474166d918a5f2b930191163ee0536669720b67ec5fd8c4cbf2c4c5","family-12b66a4f091fcaef2efe","ast_to_source","complete","braces","natural","invalid_generated_syntax","Full program ends with open scopes","unclosed_scope","87","1","true","true","true","","","","","","","",""
"016f10fede5bd13db56a980caa4ba1d48d5037872b48aa531b8b63986ffdab5a","family-a41d7f88d59707bd3f2d","ast_to_source","complete","generic_end","natural","not_dispatched","Response status: not_dispatched","","","","false","false","false","","","","","","","",""
"02356497bc833241f922ccba82eb0bb1a15898cc37e0ef4846b931d75ed7e007","family-84ee8e7abcf75c0c00c0","source_to_ast","complete","braces","natural","invalid_answer_format","Invalid JSON at offset 2325: Extra input after JSON value","","","","true","true","true","","","","","invalid_json","$","",""
"028ce5e211f9e627ae9e20886b4328481f8fdc98a3fed7f6e92ee0a4c71c2b60","family-96da80c5e82416d09035","source_to_ast","complete","typed_end","natural","not_dispatched","Response status: not_dispatched","","","","false","false","false","","","","","","","",""
"032f40cf7b44e70a4fa565a424dbc3ebe936f0124392db25e2aed800624fbac7","family-a41d7f88d59707bd3f2d","ast_to_source","complete","braces","natural","not_dispatched","Response status: not_dispatched","","","","false","false","false","","","","","","","",""
"0374e10ab98e1bf2b854afea63e77e33fc281d6348e59927a8d56c6abf54658d","family-9db4f13345b7e00be2e2","ast_to_source","complete","padded_end","nonce","invalid_generated_syntax","Full program ends with open scopes","unclosed_scope","63","1","true","true","true","","","","","","","",""
"03d18896664d056113f5f579fc9b8e7955c0f68cc8d6642703416bb04b75dec6","family-282ab3333fd63bc6846e","source_to_ast","complete","named_end","natural","not_dispatched","Response status: not_dispatched","","","","false","false","false","","","","","","","",""
"04b2e61518dd1b8ea9a5c19e9e992eb63269d38ecc92dc4a6a3c944f798d3fa5","family-65b4cd7b2b5e09ee1914","source_to_ast","complete","braces","nonce","invalid_answer_format","Invalid JSON at offset 1485: Extra input after JSON value","","","","true","true","true","","","","","invalid_json","$","",""
"05650db88370dd730ba23f3a43f2c9d43e14cafdbae9f37e15705a6e21ded992","family-116e071d00ed5fd66db8","source_to_ast","complete","braces","natural","not_dispatched","Response status: not_dispatched","","","","false","false","false","","","","","","","",""
"058ca7dab40841d99b4689e51e5996e75f75204aa4322de547e487e9684c4952","family-e9c7e641de56d7fa4b38","ast_to_source","complete","generic_end","nonce","not_dispatched","Response status: not_dispatched","","","","false","false","false","","","","","","","",""
"06e2881d2fb3de5e41a1160eb6f05793c1f060f728d6fea0382cd59c8f6e20b3","family-b2fb45e6ee76f6ef3cca","source_to_ast","complete","padded_end","natural","not_dispatched","Response status: not_dispatched","","","","false","false","false","","","","","","","",""
"07f3438b6e18fee90a89db888dc12de9bc3a8f5b015b2d3fbca2c78193ccece4","family-9b108f5ac9f01829ac57","ast_to_source","complete","padded_end","nonce","not_dispatched","Response status: not_dispatched","","","","false","false","false","","","","","","","",""
"08ec8ddb9dab6f472a70b12a4cebb093ffcc62206d5960aaad2ddf99f0dfe39f","family-fa2c4c2706d146e7fcc8","ast_to_source","complete","padded_end","nonce","not_dispatched","Response status: not_dispatched","","","","false","false","false","","","","","","","",""
"08f6068608146b12911d35d193fb0e2b68c922d63af87b22f99fa4a38084c0ce","family-5bef964f2d6a5e0a88d4","source_to_ast","complete","generic_end","natural","not_dispatched","Response status: not_dispatched","","","","false","false","false","","","","","","","",""
"0922fc3b7f3c1d2885da181b299e142210d322c964f6204ea3f0e65af3c1a5b9","family-0c189415a60643700625","ast_to_source","complete","generic_end","nonce","not_dispatched","Response status: not_dispatched","","","","false","false","false","","","","","","","",""
"0986552907382d573e830601470b0211ca11cab51e58b147ea112635cc9fa26d","family-d43ca68a75fec3b4ecfa","source_to_ast","complete","generic_end","nonce","not_dispatched","Response status: not_dispatched","","","","false","false","false","","","","","","","",""
"0a315df3dd393d025f4e6301c4b852dbd3345bae39047913f12b8288d00ffadd","family-3d27370bd591e4decece","source_to_ast","complete","padded_end","natural","not_dispatched","Response status: not_dispatched","","","","false","false","false","","","","","","","",""
"0a95fd1ae7ad848509023b7274bdf32c354b13cd76b727cfcff77fb099a95d12","family-f19c5e9a557080b18b95","ast_to_source","complete","generic_end","nonce","invalid_generated_syntax","Full program ends with open scopes","unclosed_scope","57","1","true","true","true","","","","","","","",""
"0ae88fb625c82ed13f975ee7f2e178a6087dbb44ec805aa3a7ed87d667b384d4","family-15457ec44c70d875cf8e","ast_to_source","complete","braces","nonce","invalid_generated_syntax","Full program ends with open scopes","unclosed_scope","32","1","true","true","true","","","","","","","",""
"0afd329205c2d9f249cb119588580025626609e59a6bcdd2780e2ea5820db52f","family-7ffaacd234afcde9266a","ast_to_source","complete","padded_end","natural","invalid_generated_syntax","Full program ends with open scopes","unclosed_scope","52","1","true","true","true","","","","","","","",""
"0b1a2dfd7cb801fa28ca04f29da4a3cecdf0810583490528d76e54e484cfe59e","family-0c189415a60643700625","ast_to_source","complete","padded_end","nonce","not_dispatched","Response status: not_dispatched","","","","false","false","false","","","","","","","",""
"0b4fd35fad6ea36fac43688792d14dc0a2005169bd75852a7b84d1401ad9314e","family-18f5da329306773bcaa3","source_to_ast","complete","padded_end","natural","not_dispatched","Response status: not_dispatched","","","","false","false","false","","","","","","","",""
"0b5edb61d5d906b46ca479630361875d7d2ac44303972c723cb99c6e977e1c63","family-fbccde68878c4d9d5ba8","source_to_ast","complete","named_end","natural","not_dispatched","Response status: not_dispatched","","","","false","false","false","","","","","","","",""
"0b9f37cee8664ea98c62edcab719dbcdceb2184992b4b9bb909113e62610ed3e","family-0c189415a60643700625","source_to_ast","complete","typed_end","nonce","not_dispatched","Response status: not_dispatched","","","","false","false","false","","","","","","","",""
"0bee99a88ee35fe2868166ad28206ec224181ef3ae86175141f28037c287ebff","family-c8136098cc972fa47380","ast_to_source","complete","named_end","natural","not_dispatched","Response status: not_dispatched","","","","false","false","false","","","","","","","",""
"0c28dea66c8a846fa2bf977b4697ec2695432a09429026c237c16afac1ccd12f","family-9cb9fac4063fb72402fe","ast_to_source","complete","typed_end","nonce","not_dispatched","Response status: not_dispatched","","","","false","false","false","","","","","","","",""
"0cc62fdb18dab38b282cad4c205bb7d792a21873adf0c801b9279c23a5cb7cd5","family-5bef964f2d6a5e0a88d4","source_to_ast","complete","typed_end","nonce","not_dispatched","Response status: not_dispatched","","","","false","false","false","","","","","","","",""
"0d3203770c06ffff322c87ac4c2a651b8cd9ac4a87594a6acba1bdc24278240c","family-7ffaacd234afcde9266a","source_to_ast","complete","padded_end","nonce","invalid_answer_format","Invalid JSON at offset 1976: Extra input after JSON value","","","","true","true","true","","","","","invalid_json","$","",""
"0d4bcc4a0ec47599ead15d746507da815c2fa8e47cfcb4233747258e65dc0e52","family-65b4cd7b2b5e09ee1914","source_to_ast","complete","typed_end","nonce","invalid_answer_format","Invalid JSON at offset 1485: Extra input after JSON value","","","","true","true","true","","","","","invalid_json","$","",""
"0db88db5670d69cdb2adfdfef42eb45facf491da115adf4118cf2cb528b30a51","family-6ad0bfbab1610179b253","ast_to_source","complete","padded_end","natural","invalid_generated_syntax","Full program ends with open scopes","unclosed_scope","39","1","true","true","true","","","","","","","",""
"0dfecc5dafe0934031028b907ae4f087ffb89aa3abe631d1b1da3870c440514c","family-0c189415a60643700625","source_to_ast","complete","braces","natural","not_dispatched","Response status: not_dispatched","","","","false","false","false","","","","","","","",""
"0e25ac6ceffa57513fce2d839d7e843fe873e5828d665f2433dfa2ceccb26a73","family-3ee1bbf1eb46287cb477","ast_to_source","complete","generic_end","nonce","not_dispatched","Response status: not_dispatched","","","","false","false","false","","","","","","","",""
"0e57cce7dfed6ccd19ca09791792e3a6882f43b9c8fb9a8053078f98e8d0baae","family-18f5da329306773bcaa3","source_to_ast","complete","braces","natural","not_dispatched","Response status: not_dispatched","","","","false","false","false","","","","","","","",""
"0e94e1ea117f8b2eae17424145721e7bc5282d5819eafb35c2ccfba56ca476a1","family-f07d4da4f62998463fb7","ast_to_source","complete","padded_end","nonce","invalid_generated_syntax","Full program ends with open scopes","unclosed_scope","38","1","true","true","true","","","","","","","",""
"0eb4de3002ca2d28552e1b26e68bdc03b8dbc24e9d3b6269b39244671b18f0ab","family-cece3b124d80638a562b","ast_to_source","complete","generic_end","natural","invalid_generated_syntax","Full program ends with open scopes","unclosed_scope","39","1","true","true","true","","","","","","","",""
"0eb7d48e98f4cdab509df43bf90abd4abb376390d8199d34814f40dfa75ea572","family-f5488480aa566cbc611a","source_to_ast","complete","braces","nonce","not_dispatched","Response status: not_dispatched","","","","false","false","false","","","","","","","",""
"0f67058c3aaf705072101e1d828af270f7f95cc04ae80a303372904f589162bf","family-c8136098cc972fa47380","source_to_ast","complete","typed_end","natural","invalid_answer_format","Invalid JSON at offset 3192: Extra input after JSON value","","","","true","true","true","","","","","invalid_json","$","",""
"0f91dcaee9acd5912ae3d1f44de64e17faa2d68010f3c2dcaf17d907e2ae5256","family-f6ad25e5a7822dd2777b","source_to_ast","complete","named_end","nonce","not_dispatched","Response status: not_dispatched","","","","false","false","false","","","","","","","",""
"0f921d9c827abba08a66b184b6f9fa63d128741c47d259e8db3957a89e5505fc","family-c8136098cc972fa47380","source_to_ast","complete","named_end","natural","invalid_answer_format","Invalid JSON at offset 3192: Extra input after JSON value","","","","true","true","true","","","","","invalid_json","$","",""
"0fb6990c648b1eb2d9baa9488f5f25f138bb69ffce01e2ce8eb842df1b05c4d2","family-3563f6e71f7ada1158bf","ast_to_source","complete","named_end","natural","not_dispatched","Response status: not_dispatched","","","","false","false","false","","","","","","","",""
"0fbb6effe1784668406de87c5d3f7b83872ee3b78b3d0df58cbb2b927475e1b5","family-b2fb45e6ee76f6ef3cca","source_to_ast","complete","typed_end","natural","not_dispatched","Response status: not_dispatched","","","","false","false","false","","","","","","","",""
"11ba5b1295cc6da74683a472741308448b77763e35d72edaf5318cd273cbe065","family-12b66a4f091fcaef2efe","ast_to_source","complete","typed_end","nonce","not_dispatched","Response status: not_dispatched","","","","false","false","false","","","","","","","",""
"1243e4b7a85a19d07a59bdb2bbaf89a3cea27c2b89813e5e32dadfee2f5b515a","family-695c44822542b0d20813","ast_to_source","complete","generic_end","natural","not_dispatched","Response status: not_dispatched","","","","false","false","false","","","","","","","",""
"134271c45ef0c307de124ea3017370cbb7c73bb2987da60304987be02373e94d","family-588bf424c8a3eb6f83e0","source_to_ast","complete","padded_end","natural","not_dispatched","Response status: not_dispatched","","","","false","false","false","","","","","","","",""
"136b67907bef23ac000036e61d7fe5785370571da53df78d6a1085156278e12c","family-a41d7f88d59707bd3f2d","source_to_ast","complete","named_end","nonce","not_dispatched","Response status: not_dispatched","","","","false","false","false","","","","","","","",""
"136fa47ecf480e621ae791e51dacc3ab4ceaced6e5b9b3523d4cbddf05486a8f","family-54a567bb1c424886c9e2","ast_to_source","complete","generic_end","natural","invalid_generated_syntax","Full program ends with open scopes","unclosed_scope","19","1","true","true","true","","","","","","","",""
"1396b255e79ef83859d9c739e1adfdb4889fccbf7573e041f8706364eb10facd","family-695c44822542b0d20813","ast_to_source","complete","named_end","natural","not_dispatched","Response status: not_dispatched","","","","false","false","false","","","","","","","",""
"1448d8e290dbb5264134ad89ba15fd98b5b0259a90775f9ceed275e87a782152","family-f07d4da4f62998463fb7","source_to_ast","complete","named_end","natural","not_dispatched","Response status: not_dispatched","","","","false","false","false","","","","","","","",""
"15e346d443ade6ca58f55c6f3c501d39696ba04f92175364a19f6f35f757f326","family-2ee81eec6366f90958dc","ast_to_source","complete","braces","natural","invalid_generated_syntax","Full program ends with open scopes","unclosed_scope","55","1","true","true","true","","","","","","","",""
"16b1acb24fb98496d76ce4baba41e57fc3d91ad75aa195ac9bdcfc7de00bc268","family-3ee1bbf1eb46287cb477","source_to_ast","complete","typed_end","nonce","invalid_answer_format","Invalid JSON at offset 1976: Extra input after JSON value","","","","true","true","true","","","","","invalid_json","$","",""
"16ceef357bd6ff511e3b70e858fce04bb514892948dca97c48bd7103d8698e98","family-12b66a4f091fcaef2efe","source_to_ast","complete","generic_end","nonce","not_dispatched","Response status: not_dispatched","","","","false","false","false","","","","","","","",""
"1728a1aab60ddf810b3c1f3134f0d2894d3e417fcccde346c314d76a93a666b3","family-d49bbdef0c1da3ec003b","ast_to_source","complete","braces","nonce","not_dispatched","Response status: not_dispatched","","","","false","false","false","","","","","","","",""
"1775129c4a58c602491a43521c51fd2f9674b26a6e7d4122a0a589487d12f65a","family-d087ce4fdbc60321d22c","ast_to_source","complete","typed_end","natural","invalid_generated_syntax","Expected end area","close_kind_mismatch","77","1","true","true","true","","","","","","","",""
"1786035dffa7c43d1c4b3c226b9a439c88b17170e669f6b992fc9726cb8c733c","family-7c86fedf251f95ab14c3","ast_to_source","complete","generic_end","natural","not_dispatched","Response status: not_dispatched","","","","false","false","false","","","","","","","",""
"182f46b78b40110d1f20c0821ac5e0f96d083ddee07e11f329a8eccf4b3758ff","family-9bbcab1a11170b7966b1","source_to_ast","complete","typed_end","nonce","not_dispatched","Response status: not_dispatched","","","","false","false","false","","","","","","","",""
"1929c3139c0cdca4a7dd4029a08b921719dc5a8c6971046e7357ad5e9e19244a","family-c8136098cc972fa47380","ast_to_source","complete","padded_end","natural","not_dispatched","Response status: not_dispatched","","","","false","false","false","","","","","","","",""
"19b1801d44d4b4fff03272faf86259874a014e5da43a83f7eb2a35a0096a68a2","family-f6ad25e5a7822dd2777b","source_to_ast","complete","generic_end","nonce","not_dispatched","Response status: not_dispatched","","","","false","false","false","","","","","","","",""
"1a1a844fc0dbd5b25a52bd6cd78d1360c1807251065d37cfd2ebc87f2a3ff7e4","family-15457ec44c70d875cf8e","ast_to_source","complete","generic_end","nonce","invalid_generated_syntax","Full program ends with open scopes","unclosed_scope","31","1","true","true","true","","","","","","","",""
"1a5756a2597827bf84e818c569098b6782a65229ecb58c04416524a30addbe81","family-2ee81eec6366f90958dc","source_to_ast","complete","generic_end","nonce","not_dispatched","Response status: not_dispatched","","","","false","false","false","","","","","","","",""
"1a961f3d3d667673a924570ffdecd40f5a73e2170ab9f0fdca7ddca750de60c1","family-18f5da329306773bcaa3","source_to_ast","complete","typed_end","natural","not_dispatched","Response status: not_dispatched","","","","false","false","false","","","","","","","",""
"1aa22fb83d85abac374cf76cd82f9ca138eec8156912b8468ce582e956c31cc5","family-e6da7166942b5064330f","ast_to_source","complete","generic_end","nonce","not_dispatched","Response status: not_dispatched","","","","false","false","false","","","","","","","",""
"1c0d2d866b6253181a5da1b34d6cec8abefce22e2f515ed6c07412b6975e16be","family-116e071d00ed5fd66db8","source_to_ast","complete","typed_end","natural","not_dispatched","Response status: not_dispatched","","","","false","false","false","","","","","","","",""
"1c370645847a42a10f31f08d1e55d41c84791d77dc889ed3d367b00cf4ec54e5","family-20fac567c03b286945bf","source_to_ast","complete","generic_end","natural","not_dispatched","Response status: not_dispatched","","","","false","false","false","","","","","","","",""
"1c675858c877afe16983596a922e1b24dc4935f56862636f60ef97afe9ea0743","family-9107d7327f5965625d06","source_to_ast","complete","generic_end","nonce","not_dispatched","Response status: not_dispatched","","","","false","false","false","","","","","","","",""
"1c74c10431c6cd3b1739409c5cb8488afbec0941ec6682f529620809eb2564ee","family-65b4cd7b2b5e09ee1914","ast_to_source","complete","named_end","nonce","not_dispatched","Response status: not_dispatched","","","","false","false","false","","","","","","","",""
"1cbfc60c74efdf9d9db68785ef4229651cc3332684d77d4f2093977505bd9929","family-0c189415a60643700625","ast_to_source","complete","generic_end","natural","not_dispatched","Response status: not_dispatched","","","","false","false","false","","","","","","","",""
"1ef8f251bab50bfdfdc230920cccc252e05237dc664b64aee58e43bf168a2334","family-e6da7166942b5064330f","ast_to_source","complete","padded_end","nonce","not_dispatched","Response status: not_dispatched","","","","false","false","false","","","","","","","",""
"1f4cb8554727aa20c63e0526327af3c7b068955e20c7d4c58e8094d3b2b95a62","family-65b4cd7b2b5e09ee1914","source_to_ast","complete","braces","natural","not_dispatched","Response status: not_dispatched","","","","false","false","false","","","","","","","",""
"200229db56782e6cdfec69e0966e7dd0aeb5bb5be870283c8d7a647f1afe4351","family-b2fb45e6ee76f6ef3cca","ast_to_source","complete","braces","nonce","not_dispatched","Response status: not_dispatched","","","","false","false","false","","","","","","","",""
"20797cd4ee88b820259cd83841e55c217e853058bd2d629552eb5de22664903d","family-15457ec44c70d875cf8e","ast_to_source","complete","padded_end","nonce","invalid_generated_syntax","Full program ends with open scopes","unclosed_scope","32","1","true","true","true","","","","","","","",""
"207a17e78d57947ff1b3257b82f18d1d6aef4a1d99feacaa04a9f99bf4371630","family-12b66a4f091fcaef2efe","source_to_ast","complete","typed_end","nonce","not_dispatched","Response status: not_dispatched","","","","false","false","false","","","","","","","",""
"20996ee9a571c50fd247d66b2af430202a5d5f893909db1fcc1656b04991dc02","family-fa2c4c2706d146e7fcc8","source_to_ast","complete","braces","nonce","not_dispatched","Response status: not_dispatched","","","","false","false","false","","","","","","","",""
"213dbc5a1ac54eeba21f10e914a7197ba313825f7c3575655c8fc4395b86c97c","family-65b4cd7b2b5e09ee1914","ast_to_source","complete","braces","natural","invalid_generated_syntax","Full program ends with open scopes","unclosed_scope","40","1","true","true","true","","","","","","","",""
"21446e5b007a6a3d9850a879158c7d26726c3f0ba98f7238bf7bb4bb29df927e","family-436650b654d449b3aa21","ast_to_source","complete","braces","nonce","invalid_generated_syntax","Full program ends with open scopes","unclosed_scope","56","1","true","true","true","","","","","","","",""
"214b06a7e2eaf853a3715fce83b67d527f7c1b84db11dd505ac1621b006013b7","family-436650b654d449b3aa21","source_to_ast","complete","braces","nonce","invalid_answer_format","Invalid JSON at offset 2021: Extra input after JSON value","","","","true","true","true","","","","","invalid_json","$","",""
"216e1eee2bf0aee7e47b54159015b76aa51f9532546800f4808f071978ee1229","family-3563f6e71f7ada1158bf","source_to_ast","complete","padded_end","nonce","invalid_answer_format","Invalid JSON at offset 2325: Extra input after JSON value","","","","true","true","true","","","","","invalid_json","$","",""
"21bd3ce5bd6ed751267da710b6ff1b350b43d616351b3dfc1b0fa517803b1cfb","family-9bbcab1a11170b7966b1","source_to_ast","complete","braces","natural","not_dispatched","Response status: not_dispatched","","","","false","false","false","","","","","","","",""
"21c00c83a903b920bfef08f98835195170e8882f95d290717462fa472eb4ff7b","family-e6da7166942b5064330f","source_to_ast","complete","padded_end","nonce","not_dispatched","Response status: not_dispatched","","","","false","false","false","","","","","","","",""
"21cb7a968e792a4d0c42e1efc7b12ef2f5d566a510b95662f3f8658ccf5531a9","family-84ee8e7abcf75c0c00c0","source_to_ast","complete","named_end","natural","invalid_answer_format","Invalid JSON at offset 2325: Extra input after JSON value","","","","true","true","true","","","","","invalid_json","$","",""
"2208ba31d2b9fb5a209a3937a8b3715c0132f6fcc9d326ee6a436fde225b86e3","family-7b1fd9e33aa96c941a8c","ast_to_source","complete","padded_end","natural","invalid_generated_syntax","Full program ends with open scopes","unclosed_scope","30","1","true","true","true","","","","","","","",""
"22d516e47dd5bca984440edf4577c6ed688cbdd39bbe56addf7f2b8ce50cf339","family-e9c7e641de56d7fa4b38","ast_to_source","complete","padded_end","natural","not_dispatched","Response status: not_dispatched","","","","false","false","false","","","","","","","",""
"230b4261383c03785663496b18a0c4e91f393bc882a1d8af951d8b42b548b20f","family-0c189415a60643700625","source_to_ast","complete","padded_end","natural","not_dispatched","Response status: not_dispatched","","","","false","false","false","","","","","","","",""
"237ba715f2d3b7d5355c0c8a64961c6442a639faab49bfbf7e1722ce2fb661f5","family-282ab3333fd63bc6846e","ast_to_source","complete","generic_end","nonce","not_dispatched","Response status: not_dispatched","","","","false","false","false","","","","","","","",""
"2406830e2e60e37f60f7f0b78c4aab83587a1f35a10b39c96326dbad6aaf415e","family-5bef964f2d6a5e0a88d4","source_to_ast","complete","braces","nonce","not_dispatched","Response status: not_dispatched","","","","false","false","false","","","","","","","",""
"241b90bc98436a7b7eba8c12d585895a852e17b68442a4033fcc13f224aa2291","family-3563f6e71f7ada1158bf","ast_to_source","complete","padded_end","natural","not_dispatched","Response status: not_dispatched","","","","false","false","false","","","","","","","",""
"24514f973cd64922d9435996f72e15ef497d07ba5927c74e37bccdd556745db8","family-9b108f5ac9f01829ac57","ast_to_source","complete","named_end","natural","not_dispatched","Response status: not_dispatched","","","","false","false","false","","","","","","","",""
"246853e075d7554fef1279492a045da5405cb46dedbbd0ea590a2c6d0e500721","family-18f5da329306773bcaa3","source_to_ast","complete","generic_end","natural","not_dispatched","Response status: not_dispatched","","","","false","false","false","","","","","","","",""
"2511b564198dc60d162141d1dca0259c831dce526fde146cf19dc647dd805465","family-3ee1bbf1eb46287cb477","ast_to_source","complete","typed_end","nonce","not_dispatched","Response status: not_dispatched","","","","false","false","false","","","","","","","",""
"251f39b516afe06d45d9df4e0e5c8c4ca623772e132651d639e5f1e445268493","family-fbccde68878c4d9d5ba8","source_to_ast","complete","padded_end","natural","not_dispatched","Response status: not_dispatched","","","","false","false","false","","","","","","","",""
"25871dc9d45c99ad2e3cd318eb1dcf97e46b168bdaa98c8f4fa4ab64830743f1","family-7c86fedf251f95ab14c3","source_to_ast","complete","generic_end","nonce","not_dispatched","Response status: not_dispatched","","","","false","false","false","","","","","","","",""
"25b3da206109ad0705e0b75480dda495bf268f5ec4a0952f24c1ccca6ed87d9c","family-588bf424c8a3eb6f83e0","source_to_ast","complete","typed_end","nonce","not_dispatched","Response status: not_dispatched","","","","false","false","false","","","","","","","",""
"25c070f63264270ab2c7334abf036db8532638a1f6339274fece64e1f9135edc","family-282ab3333fd63bc6846e","source_to_ast","complete","braces","natural","not_dispatched","Response status: not_dispatched","","","","false","false","false","","","","","","","",""
"25edb2d817b0bfd0e6ce635f1c4bfa4c6615d55d50c63a0a3a13cdeb74a3b51b","family-f5488480aa566cbc611a","source_to_ast","complete","named_end","natural","not_dispatched","Response status: not_dispatched","","","","false","false","false","","","","","","","",""
"26342a99337d5384bf1101de0ea0b55ca3a7cabef0140058eed1fbd3178f7904","family-96da80c5e82416d09035","source_to_ast","complete","braces","nonce","not_dispatched","Response status: not_dispatched","","","","false","false","false","","","","","","","",""
"264e533671ab2d46e67a45ae9b5d24fc57b41add26d13d71164616c07a0f0b35","family-20fac567c03b286945bf","ast_to_source","complete","braces","nonce","not_dispatched","Response status: not_dispatched","","","","false","false","false","","","","","","","",""
"274a7d2aa67c7b2d8372cafe65edbd022ff6d32465443437886c9492f7bf0742","family-3ee1bbf1eb46287cb477","ast_to_source","complete","named_end","nonce","not_dispatched","Response status: not_dispatched","","","","false","false","false","","","","","","","",""
"27dc63305b1c8596d4a767534f3d4b1798cc55b4071c2313fd2435e5088ffe56","family-282ab3333fd63bc6846e","source_to_ast","complete","typed_end","natural","not_dispatched","Response status: not_dispatched","","","","false","false","false","","","","","","","",""
"281ac71788529986d0efe28e35d1bcf93b9bdd7349fe83bf7ec00075a4fc48df","family-5bef964f2d6a5e0a88d4","ast_to_source","complete","typed_end","nonce","not_dispatched","Response status: not_dispatched","","","","false","false","false","","","","","","","",""
"28a50dff77b1c6cb2d70b401511dda70c33be132579eb118a15b6636bb20afa2","family-436650b654d449b3aa21","ast_to_source","complete","braces","natural","invalid_generated_syntax","Full program ends with open scopes","unclosed_scope","54","1","true","true","true","","","","","","","",""
"28b7d2630613e5966ee2d1904c6d88aeeff7f34e41d825f9de206c498ed54f96","family-12b66a4f091fcaef2efe","source_to_ast","complete","typed_end","natural","invalid_answer_format","Invalid JSON at offset 3192: Extra input after JSON value","","","","true","true","true","","","","","invalid_json","$","",""
"296378014de9aa4f4af77ee952c92e987272dfb464c0d9755de2f5d5525d7e67","family-96da80c5e82416d09035","source_to_ast","complete","named_end","nonce","not_dispatched","Response status: not_dispatched","","","","false","false","false","","","","","","","",""
"297635fcd916d0282a4d920983c249811865f7ebe75f7f4ab3a1bd469a00a578","family-695c44822542b0d20813","source_to_ast","complete","typed_end","natural","not_dispatched","Response status: not_dispatched","","","","false","false","false","","","","","","","",""
"29d2bebda46a7b05d80873bc45cd3d842e9d390bf7484687500384de6e26b4f8","family-9db4f13345b7e00be2e2","source_to_ast","complete","generic_end","nonce","not_dispatched","Response status: not_dispatched","","","","false","false","false","","","","","","","",""
"29f1894ef7947a25af346f5949bc9f77a52e90b90db568c9f163857eac7e1d52","family-fbccde68878c4d9d5ba8","source_to_ast","complete","braces","natural","not_dispatched","Response status: not_dispatched","","","","false","false","false","","","","","","","",""
"29fe3ab2e3d0af973db5668ea8b9ce32db038872656c64e3ca73958d76e4d368","family-b2fb45e6ee76f6ef3cca","ast_to_source","complete","generic_end","nonce","not_dispatched","Response status: not_dispatched","","","","false","false","false","","","","","","","",""
"2a003e1cb2c7c0fb6060441d21532781e60be7c6bb18c0af797057040534fc58","family-fa2c4c2706d146e7fcc8","source_to_ast","complete","padded_end","nonce","not_dispatched","Response status: not_dispatched","","","","false","false","false","","","","","","","",""
"2a9c4c162ca789c7c9848f5033cfaecedddc28196b3e0dbec32162fba33e958d","family-65b4cd7b2b5e09ee1914","ast_to_source","complete","padded_end","natural","invalid_generated_syntax","Full program ends with open scopes","unclosed_scope","39","1","true","true","true","","","","","","","",""
"2aa53e094a6ac9d4497e8be055532898058e2e23cab8dd8876d2d645febaa135","family-3ee1bbf1eb46287cb477","source_to_ast","complete","named_end","nonce","invalid_answer_format","Invalid JSON at offset 1976: Extra input after JSON value","","","","true","true","true","","","","","invalid_json","$","",""
"2b6b9e909fb4ea6840a0eb1600252bce3953b66d12d0a4155f8ef1e1cac019fb","family-18f5da329306773bcaa3","ast_to_source","complete","named_end","natural","not_dispatched","Response status: not_dispatched","","","","false","false","false","","","","","","","",""
"2c220f120b83475e6fa8bf489154e1765094fc41c20e08a4554a17a81fda0124","family-d43ca68a75fec3b4ecfa","source_to_ast","complete","typed_end","natural","not_dispatched","Response status: not_dispatched","","","","false","false","false","","","","","","","",""
"2c3afc01bc4586941f51d22b2cf1be04b9201e4bcf81770f6aa1cc2d955f6c3b","family-12b66a4f091fcaef2efe","source_to_ast","complete","braces","natural","invalid_answer_format","Invalid JSON at offset 3192: Extra input after JSON value","","","","true","true","true","","","","","invalid_json","$","",""
"2c77cd0a7f1069f80499b17813a74e26ab66953aab213967db872ba375567457","family-9b108f5ac9f01829ac57","ast_to_source","complete","typed_end","nonce","not_dispatched","Response status: not_dispatched","","","","false","false","false","","","","","","","",""
"2ca8fdd94f8c6355dc8683dbc7444e4c7e685d311e6490e7ce7c4e3f39b7abfa","family-c8136098cc972fa47380","source_to_ast","complete","braces","nonce","invalid_answer_format","Invalid JSON at offset 3192: Extra input after JSON value","","","","true","true","true","","","","","invalid_json","$","",""
"2cd49cadd3cc4ae7e44e0d2494c5ed93ee9275d3146fa74cf1526498c1edfa49","family-3ee1bbf1eb46287cb477","source_to_ast","complete","generic_end","natural","invalid_answer_format","Invalid JSON at offset 1976: Extra input after JSON value","","","","true","true","true","","","","","invalid_json","$","",""
"2d18ea7ecaf9b322c6c550858c7de49233d3aa7911c29d72e35cf2960ae7196e","family-282ab3333fd63bc6846e","ast_to_source","complete","typed_end","nonce","not_dispatched","Response status: not_dispatched","","","","false","false","false","","","","","","","",""
"2d301e1471c300b93b39111092543fb57422bf838b441b460651a1df3a4423fc","family-d087ce4fdbc60321d22c","ast_to_source","complete","generic_end","nonce","not_dispatched","Response status: not_dispatched","","","","false","false","false","","","","","","","",""
"2df06ac2d5d00d791724a00aad83e881dc3e7574f9b8973c82e8b9fff3f270cb","family-5bef964f2d6a5e0a88d4","source_to_ast","complete","named_end","natural","not_dispatched","Response status: not_dispatched","","","","false","false","false","","","","","","","",""
"2df9bd4beacb5250cd64c899694d03dcef3cab0d1e965efe7a78120226e98a2c","family-f8892f13d741e19d25a6","ast_to_source","complete","braces","nonce","not_dispatched","Response status: not_dispatched","","","","false","false","false","","","","","","","",""
"2e518639a4ebf3fd91643af1ea1e4cf52ac9c454c3982c71bc767654c67409f9","family-f07d4da4f62998463fb7","source_to_ast","complete","typed_end","nonce","not_dispatched","Response status: not_dispatched","","","","false","false","false","","","","","","","",""
"2ebe31425f115938b08c00609abf87d9503cad0f4bcba1ad014c51bc3c8df70b","family-20fac567c03b286945bf","ast_to_source","complete","named_end","nonce","not_dispatched","Response status: not_dispatched","","","","false","false","false","","","","","","","",""
"2f8e6c508f77a4dffe01f48f09458ed9ddf5b49ae8096cdae661cc3fb7a48097","family-9b108f5ac9f01829ac57","source_to_ast","complete","padded_end","natural","not_dispatched","Response status: not_dispatched","","","","false","false","false","","","","","","","",""
"2f92483caca799edc80302026dd74797f7876be994048685d5a3c8d0068451cb","family-f19c5e9a557080b18b95","ast_to_source","complete","braces","nonce","invalid_generated_syntax","Full program ends with open scopes","unclosed_scope","62","1","true","true","true","","","","","","","",""
"300071867e7509912c69149ad69f4dda51530623bb33b8b71f892bda237f0137","family-cece3b124d80638a562b","ast_to_source","complete","braces","nonce","api_rejected","Response status: api_rejected","","","","false","true","true","","","","","","","",""
"306db5015c527fc898cda7a38069345af82cc850113108cf19a4b7655dc02016","family-9b108f5ac9f01829ac57","ast_to_source","complete","typed_end","natural","not_dispatched","Response status: not_dispatched","","","","false","false","false","","","","","","","",""
"30722b3af7ee403176c1b49c57278a3d96d9869eb1b3d7007e9df1aa1102400f","family-96da80c5e82416d09035","source_to_ast","complete","padded_end","nonce","not_dispatched","Response status: not_dispatched","","","","false","false","false","","","","","","","",""
"3084620b407f66f114abcec6bc152daa1d67dba8362fd56a95db60ccb9d3232c","family-f5488480aa566cbc611a","source_to_ast","complete","typed_end","natural","not_dispatched","Response status: not_dispatched","","","","false","false","false","","","","","","","",""
"32cccf6551a059d9b8bdaa1e8ac28962bfb505a30daac38e6e1b8b5b96813461","family-fde68d1cf440abeeabbc","source_to_ast","complete","generic_end","natural","not_dispatched","Response status: not_dispatched","","","","false","false","false","","","","","","","",""
"33120be1f43b86a793b7f4f9b85a68cc97de06bc1ed8125ed5ede05be660be36","family-0c189415a60643700625","source_to_ast","complete","generic_end","natural","not_dispatched","Response status: not_dispatched","","","","false","false","false","","","","","","","",""
"33232e0a7934cdbe02668f878aa170168c331677abebf43b8f623926ab2b2d0a","family-3d27370bd591e4decece","source_to_ast","complete","typed_end","natural","not_dispatched","Response status: not_dispatched","","","","false","false","false","","","","","","","",""
"33c4727106a895ef65ef8b8a5fe719a4fa7feaaf8da97d5f40119b37ca691cf8","family-2ee81eec6366f90958dc","ast_to_source","complete","typed_end","nonce","invalid_generated_syntax","Expected wor sapu","close_kind_mismatch","56","1","true","true","true","","","","","","","",""
"342a31223b086c7efc70e2031f2d69b35fce2ca112954b4c33f5e5060431de76","family-0c189415a60643700625","source_to_ast","complete","named_end","natural","not_dispatched","Response status: not_dispatched","","","","false","false","false","","","","","","","",""
"3438684970f5349582497406f32c8936a8f0d60d86c94a87a9773b9ba1cf20f2","family-f8892f13d741e19d25a6","ast_to_source","complete","padded_end","natural","not_dispatched","Response status: not_dispatched","","","","false","false","false","","","","","","","",""
"367d33a3ced0fb0cf56e2edf681871a089886ed332a2916798d255965263932a","family-3ee1bbf1eb46287cb477","source_to_ast","complete","padded_end","natural","invalid_answer_format","Invalid JSON at offset 1976: Extra input after JSON value","","","","true","true","true","","","","","invalid_json","$","",""
"3681cd0df9f4565fbe23977e66c13e14da7e24602fc623d6dba822f7e3e7131f","family-20fac567c03b286945bf","source_to_ast","complete","padded_end","natural","not_dispatched","Response status: not_dispatched","","","","false","false","false","","","","","","","",""
"36a4e350a11d862fcff927422558d8c3ca643592763a8033a3dff5c5bfa34514","family-15457ec44c70d875cf8e","ast_to_source","complete","padded_end","natural","invalid_generated_syntax","Full program ends with open scopes","unclosed_scope","31","1","true","true","true","","","","","","","",""
"3744683e28a35cbb8386c7c5c2f24a147d6059a8f3f8b244c871c824a8810129","family-84ee8e7abcf75c0c00c0","ast_to_source","complete","generic_end","natural","invalid_generated_syntax","Full program ends with open scopes","unclosed_scope","61","1","true","true","true","","","","","","","",""
"389214b62ca6050e9274d9dad4c62f8a15c8f5a472327b66de1a1de7c6abe2e2","family-3ee1bbf1eb46287cb477","source_to_ast","complete","generic_end","nonce","api_rejected","Response status: api_rejected","","","","false","true","true","","","","","","","",""
"38ca91adb2c140aeaa1c3b4df0174f04087ed8cebe898c22e67ec9b16f17265c","family-1bce1f301dc01c23ef90","source_to_ast","complete","braces","natural","not_dispatched","Response status: not_dispatched","","","","false","false","false","","","","","","","",""
"38cd07b292225568d79dda1f60c7ecd28a66a219bc880de66120a66094401178","family-f19c5e9a557080b18b95","ast_to_source","complete","braces","natural","not_dispatched","Response status: not_dispatched","","","","false","false","false","","","","","","","",""
"390edb0d0fc60660a4ca9c2ae274ddafc66ad12ab9f3ffcd4ead0d4815f47d97","family-9cb9fac4063fb72402fe","ast_to_source","complete","padded_end","nonce","not_dispatched","Response status: not_dispatched","","","","false","false","false","","","","","","","",""
"393bc10e2744c4308c3732a67faf9cea90632f18b71cef0e4604f0a97ea50506","family-20fac567c03b286945bf","ast_to_source","complete","generic_end","nonce","not_dispatched","Response status: not_dispatched","","","","false","false","false","","","","","","","",""
"3a77f2557d5234d0aa92835537bdce7fd8951baea5cdea9648bd1a469ebd0259","family-12b66a4f091fcaef2efe","ast_to_source","complete","named_end","natural","valid_syntax_wrong_ast","Parsed AST differs from the original","","","","true","true","true","","","","","","","",""
"3a902c72282f809e446949ea827d6c0ac7b0b817ee273f73493b15b3ce4db6b7","family-1bce1f301dc01c23ef90","source_to_ast","complete","padded_end","natural","not_dispatched","Response status: not_dispatched","","","","false","false","false","","","","","","","",""
"3acfe934764e4b7dd977d53d004a67de24690027387703a44ac9f8fa15a00fc6","family-e9c7e641de56d7fa4b38","ast_to_source","complete","named_end","natural","not_dispatched","Response status: not_dispatched","","","","false","false","false","","","","","","","",""
"3ae6d39ec15de4487f6b27d829bfde4a2001bcbb61295ecca1fa1ebc2cc85eaa","family-9bbcab1a11170b7966b1","source_to_ast","complete","padded_end","nonce","not_dispatched","Response status: not_dispatched","","","","false","false","false","","","","","","","",""
"3b8514b42457be0f37d89a15b953a704b7867a55dc432e2cc71d5200476836c2","family-d087ce4fdbc60321d22c","ast_to_source","complete","generic_end","natural","invalid_generated_syntax","Full program ends with open scopes","unclosed_scope","86","1","true","true","true","","","","","","","",""
"3b974cafa28348780a4eb3c05b2947eba86e4ecbee364f2931b5ac41e9c0e3a9","family-b2fb45e6ee76f6ef3cca","ast_to_source","complete","padded_end","natural","invalid_generated_syntax","Full program ends with open scopes","unclosed_scope","61","1","true","true","true","","","","","","","",""
"3ba2855b2620371cb297df0b30a3246a2cafd3c0f031efb10d7300ffd28c2ff5","family-f07d4da4f62998463fb7","ast_to_source","complete","generic_end","nonce","invalid_generated_syntax","Full program ends with open scopes","unclosed_scope","38","1","true","true","true","","","","","","","",""
"3bbe893a883ef83bb4a27243574923e13baea1e225cd380043ac4fa5199051fb","family-fde68d1cf440abeeabbc","ast_to_source","complete","braces","natural","not_dispatched","Response status: not_dispatched","","","","false","false","false","","","","","","","",""
"3c09e8c564c14670cad16a63f1986bf385dfc0381a88c15726fce209a5f9c044","family-436650b654d449b3aa21","ast_to_source","complete","padded_end","nonce","invalid_generated_syntax","Full program ends with open scopes","unclosed_scope","53","1","true","true","true","","","","","","","",""
"3d070b7969762997361be5dbc770816743d0a26bf7c9a20f163a3b3a8cc7ea04","family-695c44822542b0d20813","source_to_ast","complete","generic_end","natural","not_dispatched","Response status: not_dispatched","","","","false","false","false","","","","","","","",""
"3e82b11e8dcc4191fc1b8bc2d63fb373d87fd26180c4b3bb1a4e5da0953e6424","family-3563f6e71f7ada1158bf","source_to_ast","complete","typed_end","natural","not_dispatched","Response status: not_dispatched","","","","false","false","false","","","","","","","",""
"3eb943e1a2306007f3aedc6a3b18a874f080c611f0d48028b52b45abb4281092","family-3563f6e71f7ada1158bf","ast_to_source","complete","generic_end","natural","not_dispatched","Response status: not_dispatched","","","","false","false","false","","","","","","","",""
"3f56a9a09c6dff857f3a3e3e57bc33c810fe388bf386da506f755e012e47b0a9","family-282ab3333fd63bc6846e","ast_to_source","complete","braces","nonce","not_dispatched","Response status: not_dispatched","","","","false","false","false","","","","","","","",""
"4032a68281cef3bb3c3c7e5931096eecc56200b909db8ca517604b08fedeaade","family-436650b654d449b3aa21","ast_to_source","complete","typed_end","nonce","invalid_generated_syntax","Expected vix pesi","close_kind_mismatch","52","1","true","true","true","","","","","","","",""
"407e1cca9325120744d02d4934e437a796287d43c310f81ac92c6981b4ab1067","family-1bce1f301dc01c23ef90","ast_to_source","complete","generic_end","nonce","invalid_generated_syntax","Full program ends with open scopes","unclosed_scope","31","1","true","true","true","","","","","","","",""
"408f77638e6bb685cdeaf985535cbc530bf7b7a392224d70c2f3f129b8b3d529","family-65b4cd7b2b5e09ee1914","ast_to_source","complete","generic_end","nonce","not_dispatched","Response status: not_dispatched","","","","false","false","false","","","","","","","",""
"40b1853100aa662f35962d30a983fcb0d3dfb4d62d8faaf4781371637ce09916","family-20fac567c03b286945bf","ast_to_source","complete","padded_end","nonce","not_dispatched","Response status: not_dispatched","","","","false","false","false","","","","","","","",""
"4244d2a394d34d18cb4a337c5010b7971aba8ad2fe0cfcf3cce480badd5905d1","family-e9c7e641de56d7fa4b38","ast_to_source","complete","typed_end","nonce","not_dispatched","Response status: not_dispatched","","","","false","false","false","","","","","","","",""
"42af4a528b26d839a5d2465ff5ea443167abd201f1009e9047217d311f930490","family-5bef964f2d6a5e0a88d4","source_to_ast","complete","padded_end","nonce","not_dispatched","Response status: not_dispatched","","","","false","false","false","","","","","","","",""
"42b7248ebc5f9cb15a84b15ff8536e5efb3ea80b28540b65935ca8f8daafebeb","family-f07d4da4f62998463fb7","ast_to_source","complete","typed_end","nonce","invalid_generated_syntax","Full program ends with open scopes","unclosed_scope","39","1","true","true","true","","","","","","","",""
"42fe35b4773921af47632cbc754948e2432ddaa972df83db713479aae789a6f3","family-9b108f5ac9f01829ac57","ast_to_source","complete","braces","nonce","not_dispatched","Response status: not_dispatched","","","","false","false","false","","","","","","","",""
"43c00a81693f25f1d55ed9bb784a3357793be6e63d4968afdd363cfe22e26dae","family-9107d7327f5965625d06","ast_to_source","complete","typed_end","natural","not_dispatched","Response status: not_dispatched","","","","false","false","false","","","","","","","",""
"43c496643b844a7af97e57150afcaf15ce53f4c7d4a0d4a739325520843b20ff","family-9db4f13345b7e00be2e2","source_to_ast","complete","typed_end","nonce","not_dispatched","Response status: not_dispatched","","","","false","false","false","","","","","","","",""
"43f76b91a69859ae6eeaa354153f29eb90dfd16e11642cf69b392a4c0948b56d","family-fa2c4c2706d146e7fcc8","ast_to_source","complete","generic_end","natural","not_dispatched","Response status: not_dispatched","","","","false","false","false","","","","","","","",""
"445de669c14b9ab4c4c9c7315b6b6995b5e2fca1eabaf2619baec72d484f634b","family-b2fb45e6ee76f6ef3cca","ast_to_source","complete","braces","natural","invalid_generated_syntax","Invalid nop","invalid_nop","45","1","true","true","true","","","","","","","",""
"45811a3dbcdf75b88c67a18a83d9190b97eeb01d3bae5683f4ef2794ed112e70","family-15457ec44c70d875cf8e","source_to_ast","complete","braces","nonce","not_dispatched","Response status: not_dispatched","","","","false","false","false","","","","","","","",""
"45a756b35877efc194ee23070a4379bbcb507e9208fd93ae931a0c2d505b2a95","family-9cb9fac4063fb72402fe","source_to_ast","complete","named_end","nonce","not_dispatched","Response status: not_dispatched","","","","false","false","false","","","","","","","",""
"45b3831e286bbf6fb89be9d181746cbc5f51f0e2e4d1899e32f4ba2c839fa760","family-65b4cd7b2b5e09ee1914","source_to_ast","complete","generic_end","natural","not_dispatched","Response status: not_dispatched","","","","false","false","false","","","","","","","",""
"4675cc9f4f9cdea76bedf5870da8bc34e36bb3374c3bcb48ff2b47eae5920d70","family-84ee8e7abcf75c0c00c0","source_to_ast","complete","padded_end","natural","invalid_answer_format","Invalid JSON at offset 2325: Extra input after JSON value","","","","true","true","true","","","","","invalid_json","$","",""
"46aee2b903574fa3b03b1ac34ec20f23090e365835c0cc68625e94d604133161","family-fde68d1cf440abeeabbc","ast_to_source","complete","named_end","natural","not_dispatched","Response status: not_dispatched","","","","false","false","false","","","","","","","",""
"46d8876cec408a73791da6f8529646b13366817a134fd8b9f647324655ce5e07","family-9107d7327f5965625d06","ast_to_source","complete","generic_end","nonce","invalid_generated_syntax","Full program ends with open scopes","unclosed_scope","87","1","true","true","true","","","","","","","",""
"470743f7170ef438a34ed732b2dd1577246b7bccc87691e053d04e77e4a3afb2","family-fa2c4c2706d146e7fcc8","ast_to_source","complete","typed_end","nonce","not_dispatched","Response status: not_dispatched","","","","false","false","false","","","","","","","",""
"472dd559a1151137391e6f9e9ba3cb2654fc46216abef34f6b82cde7d6033287","family-7ffaacd234afcde9266a","source_to_ast","complete","typed_end","nonce","invalid_answer_format","Invalid JSON at offset 1974: Expected ']'","","","","true","true","true","","","","","invalid_json","$","",""
"47f8c268e5bf85efd99a1d653129816b936628b6bb72ec85036f24a99352c794","family-3d27370bd591e4decece","source_to_ast","complete","braces","natural","not_dispatched","Response status: not_dispatched","","","","false","false","false","","","","","","","",""
"4ac1f25a8650daef585b3a67e922ac2da9c35961c19bc282e2f5e50f93436a65","family-5bef964f2d6a5e0a88d4","source_to_ast","complete","padded_end","natural","not_dispatched","Response status: not_dispatched","","","","false","false","false","","","","","","","",""
"4be421deacf26f3ff433ef837dc9c85631fe97c315b390a4dfa441070c2a24a1","family-7ffaacd234afcde9266a","ast_to_source","complete","typed_end","nonce","invalid_generated_syntax","Expected tek zomu","close_kind_mismatch","54","1","true","true","true","","","","","","","",""
"4cd86928639a741bfd8a6be17f97864cff155ce544a50ebd620e76d73da73132","family-2ee81eec6366f90958dc","source_to_ast","complete","braces","natural","not_dispatched","Response status: not_dispatched","","","","false","false","false","","","","","","","",""
"4d0156a3ff4812c3482ad4b6fc133b9f9ba8a6b7455141587f6b765aee4e6f63","family-fbccde68878c4d9d5ba8","source_to_ast","complete","padded_end","nonce","not_dispatched","Response status: not_dispatched","","","","false","false","false","","","","","","","",""
"4d622592feef4bbacd266fc6068e7c08456430799598554dfb7903fd8dffdf22","family-cece3b124d80638a562b","source_to_ast","complete","named_end","natural","not_dispatched","Response status: not_dispatched","","","","false","false","false","","","","","","","",""
"4d794273be1b84b4bee6fb0e2f92cd43493edb09aed901b35e6fc9771f29620b","family-e6da7166942b5064330f","source_to_ast","complete","typed_end","nonce","not_dispatched","Response status: not_dispatched","","","","false","false","false","","","","","","","",""
"4db9480aa3d979912acabd09d1fcb6b7cc398408905fa5d0424284a257ef6561","family-f19c5e9a557080b18b95","ast_to_source","complete","generic_end","natural","not_dispatched","Response status: not_dispatched","","","","false","false","false","","","","","","","",""
"4e05038d0a1072f2c7bcfe6432ba2647c6c3c013ebf4f958be03b1b59af2a62b","family-9107d7327f5965625d06","source_to_ast","complete","braces","natural","not_dispatched","Response status: not_dispatched","","","","false","false","false","","","","","","","",""
"4e3c2cf5778795c2016ab383cf95698c218f819edaf82a9ff1d7fcdc4d675e14","family-9cb9fac4063fb72402fe","source_to_ast","complete","generic_end","nonce","not_dispatched","Response status: not_dispatched","","","","false","false","false","","","","","","","",""
"4e855500695caa28667a2d2804cab9b69951ed8e596e4b6baaf7453e24bba97c","family-116e071d00ed5fd66db8","source_to_ast","complete","padded_end","natural","not_dispatched","Response status: not_dispatched","","","","false","false","false","","","","","","","",""
"4ef0eff0add1c52b759c042447f3b04f58d568cf17436c9f62671056a53382f1","family-202a74b122859bc6dd1c","ast_to_source","complete","generic_end","nonce","invalid_generated_syntax","Full program ends with open scopes","unclosed_scope","21","1","true","true","true","","","","","","","",""
"4f1d05596af555f4ee5ee65a464b8b794ec07712b60fba9af817fd03fec93f9c","family-9b108f5ac9f01829ac57","source_to_ast","complete","named_end","natural","not_dispatched","Response status: not_dispatched","","","","false","false","false","","","","","","","",""
"4f8f2d37ebbc8d5c2f534008b38fd98f35b259ad1d45b16d9dba6600734f0bf4","family-9b108f5ac9f01829ac57","source_to_ast","complete","braces","natural","not_dispatched","Response status: not_dispatched","","","","false","false","false","","","","","","","",""
"4faa0ea4333cda31b7ba10cfd25b282dd3c552026f026718d021e10ea081ad7e","family-12b66a4f091fcaef2efe","ast_to_source","complete","padded_end","nonce","not_dispatched","Response status: not_dispatched","","","","false","false","false","","","","","","","",""
"4fb8d7d812662737df18f987834c73a181ac3f791f976e797afb0ea9ff95db65","family-1bce1f301dc01c23ef90","source_to_ast","complete","generic_end","natural","not_dispatched","Response status: not_dispatched","","","","false","false","false","","","","","","","",""
"4fc57290d1f4cc9aa03af15b43f12ce52eecb67776be767300aeb5ef42b52491","family-fa2c4c2706d146e7fcc8","ast_to_source","complete","braces","natural","not_dispatched","Response status: not_dispatched","","","","false","false","false","","","","","","","",""
"4ffa35d8319343f208dc6467f6a65d15c860e7929e410935ebb536d4a3a1fa58","family-fbccde68878c4d9d5ba8","source_to_ast","complete","generic_end","nonce","not_dispatched","Response status: not_dispatched","","","","false","false","false","","","","","","","",""
"5032d65ee32811cdd2f9edc784c42db8543c78e883e6131209fd52955d52d54b","family-3563f6e71f7ada1158bf","source_to_ast","complete","braces","natural","not_dispatched","Response status: not_dispatched","","","","false","false","false","","","","","","","",""
"503bd4632925ed841d39f84c0253b4b926a4fc042e32070d82a5c2691247ce8f","family-9cb9fac4063fb72402fe","source_to_ast","complete","braces","nonce","not_dispatched","Response status: not_dispatched","","","","false","false","false","","","","","","","",""
"507702ca7b06dc381dba0be73f2dab279fa48fb31243afb2bfb045f16a46b00d","family-7ffaacd234afcde9266a","ast_to_source","complete","braces","nonce","invalid_generated_syntax","Full program ends with open scopes","unclosed_scope","54","1","true","true","true","","","","","","","",""
"51634f9a2909e53320cf0b76cd2699f95580987bd75b451a770445d2134cb607","family-f19c5e9a557080b18b95","source_to_ast","complete","typed_end","natural","not_dispatched","Response status: not_dispatched","","","","false","false","false","","","","","","","",""
"517e9b647abd27aaf2a52059cf94fed97b747000b0390c99b4a986b9ae972258","family-9107d7327f5965625d06","ast_to_source","complete","braces","natural","not_dispatched","Response status: not_dispatched","","","","false","false","false","","","","","","","",""
"528711182184fb047d500aaa1922ee1414a00e7856741c8779224bded6fc4ff0","family-9bbcab1a11170b7966b1","source_to_ast","complete","generic_end","nonce","not_dispatched","Response status: not_dispatched","","","","false","false","false","","","","","","","",""
"5287e011d0fa022610b879fc4bd3a9e9c42d1eecb13f165cfd24b9240472c673","family-3563f6e71f7ada1158bf","ast_to_source","complete","braces","natural","not_dispatched","Response status: not_dispatched","","","","false","false","false","","","","","","","",""
"52d017fdc0a457786fefb1dee87a153e06c1f056645937d3dcc674ae7ecc56c0","family-1bce1f301dc01c23ef90","ast_to_source","complete","padded_end","nonce","invalid_generated_syntax","Full program ends with open scopes","unclosed_scope","31","1","true","true","true","","","","","","","",""
"52f5d976a750fc8392eb902ad73cac0a074068b01bfc7c2d9a1f0ab25bc71eaa","family-695c44822542b0d20813","source_to_ast","complete","padded_end","natural","not_dispatched","Response status: not_dispatched","","","","false","false","false","","","","","","","",""
"534f62ffded783e2c002cb894949f575b0a0a38371c610ab3339e5c2f75268b7","family-0c189415a60643700625","source_to_ast","complete","named_end","nonce","not_dispatched","Response status: not_dispatched","","","","false","false","false","","","","","","","",""
"5352a6053abd4f6e879041134376d1f47a3bff568395d8e35bc11134351e9fc6","family-2ee81eec6366f90958dc","ast_to_source","complete","generic_end","natural","invalid_generated_syntax","Full program ends with open scopes","unclosed_scope","52","1","true","true","true","","","","","","","",""
"53d3cea05d28477105ccf29401a3454a8ed64c9a7e6c8aded3e09419963fdb7f","family-588bf424c8a3eb6f83e0","source_to_ast","complete","named_end","nonce","not_dispatched","Response status: not_dispatched","","","","false","false","false","","","","","","","",""
"53e1c9714caf4a0b53483a6cfbf81d5aa4c168ee066ae086c026ada51255818e","family-f8892f13d741e19d25a6","ast_to_source","complete","braces","natural","not_dispatched","Response status: not_dispatched","","","","false","false","false","","","","","","","",""
"54ad7de9e87eb0be94b804be34f434062321c87e98b8c026fb2e2381a1e03a56","family-c8136098cc972fa47380","ast_to_source","complete","generic_end","nonce","not_dispatched","Response status: not_dispatched","","","","false","false","false","","","","","","","",""
"54bc2b95e3928ef3235848d8d3429c86572134ca3a033583776c842f1caada70","family-f07d4da4f62998463fb7","source_to_ast","complete","generic_end","natural","not_dispatched","Response status: not_dispatched","","","","false","false","false","","","","","","","",""
"558ae09a534b8575080fb90015f12e999ee7478028bcfa3e0636d148b33cc5b1","family-d087ce4fdbc60321d22c","ast_to_source","complete","named_end","nonce","not_dispatched","Response status: not_dispatched","","","","false","false","false","","","","","","","",""
"564a71676a49d19c23622432e473ae0dfe69551cb6cde1b9457cd41683bd5aa3","family-fde68d1cf440abeeabbc","ast_to_source","complete","typed_end","natural","not_dispatched","Response status: not_dispatched","","","","false","false","false","","","","","","","",""
"564c78428f43c0cc62d3f31aa5510a12290b4376b5dc296c8987fccf21a78ba6","family-9db4f13345b7e00be2e2","ast_to_source","complete","typed_end","nonce","valid_syntax_wrong_ast","Parsed AST differs from the original","","","","true","true","true","","","","","","","",""
"569eadfb6c4ace9d49d4f707b3c596f6b62a64f227bded5925b5ff8ac77f592a","family-9107d7327f5965625d06","source_to_ast","complete","generic_end","natural","not_dispatched","Response status: not_dispatched","","","","false","false","false","","","","","","","",""
"56a4038c23ef9f013a677c25f4310f7f3f844ee634ebf4ccc3de43d587e9c6dd","family-5bef964f2d6a5e0a88d4","source_to_ast","complete","braces","natural","not_dispatched","Response status: not_dispatched","","","","false","false","false","","","","","","","",""
"56ff0216a8db36f0d6ed6748923fd05cba3be36a48057b14c9586fe1cf3a499f","family-18f5da329306773bcaa3","ast_to_source","complete","typed_end","nonce","not_dispatched","Response status: not_dispatched","","","","false","false","false","","","","","","","",""
"575d95e51b33a704fd77413dd4bbdfb823be55ba8f23163f4f53584a5dd1165c","family-6ad0bfbab1610179b253","source_to_ast","complete","named_end","nonce","invalid_answer_format","Invalid JSON at offset 1485: Extra input after JSON value","","","","true","true","true","","","","","invalid_json","$","",""
"57820d22806b2dafe05f6504fea600c0b48f9701d56c2541c332d949a9de0f6f","family-9db4f13345b7e00be2e2","source_to_ast","complete","named_end","natural","invalid_answer_format","Invalid JSON at offset 2397: Extra input after JSON value","","","","true","true","true","","","","","invalid_json","$","",""
"57cc615a2019b85575baa8e77ff5d8224a91d0a30f137bd92390c0a40bc8b1fd","family-15457ec44c70d875cf8e","source_to_ast","complete","typed_end","nonce","not_dispatched","Response status: not_dispatched","","","","false","false","false","","","","","","","",""
"582b58dd1eef83dee903be76a6ed4d715ba60fb6c7d4e48c8c32e85b1d558106","family-9b108f5ac9f01829ac57","ast_to_source","complete","generic_end","nonce","not_dispatched","Response status: not_dispatched","","","","false","false","false","","","","","","","",""
"5830933b422702a14d9967dd3f22c12efca608255a99f05d53bb77bc831b1d7a","family-d087ce4fdbc60321d22c","source_to_ast","complete","padded_end","natural","invalid_answer_format","Invalid JSON at offset 3237: Extra input after JSON value","","","","true","true","true","","","","","invalid_json","$","",""
"593970e2da3f2408b08d3c57a29ac879b265ac16b19d990c2ff398113b7473ae","family-12b66a4f091fcaef2efe","ast_to_source","complete","braces","nonce","not_dispatched","Response status: not_dispatched","","","","false","false","false","","","","","","","",""
"594dd90e8f1dc01fdb656ea05d840f8d3c94d9d499a527ef27d48f86742e2650","family-5bef964f2d6a5e0a88d4","ast_to_source","complete","padded_end","natural","invalid_generated_syntax","Full program ends with open scopes","unclosed_scope","58","1","true","true","true","","","","","","","",""
"5a3cd25592ec64b5e226af63aa0b52e8798f53cd95ff4c4a9b5ab8c3981f27ec","family-9bbcab1a11170b7966b1","source_to_ast","complete","braces","nonce","not_dispatched","Response status: not_dispatched","","","","false","false","false","","","","","","","",""
"5a54d8294769a2d196cae8e4018b1ede99406f77cd4968dc86028094e49a9de1","family-6ad0bfbab1610179b253","ast_to_source","complete","braces","nonce","not_dispatched","Response status: not_dispatched","","","","false","false","false","","","","","","","",""
"5b05a3e9527cb9f8c23064ba3a520685433251c86e157a2de01fff09a556f5ca","family-b2fb45e6ee76f6ef3cca","source_to_ast","complete","named_end","natural","not_dispatched","Response status: not_dispatched","","","","false","false","false","","","","","","","",""
"5b124ad4e5d21f919c4b67811ada768b4afcd55d349e8dbe4d5095ac0b05756b","family-84ee8e7abcf75c0c00c0","source_to_ast","complete","padded_end","nonce","invalid_answer_format","Invalid JSON at offset 2325: Extra input after JSON value","","","","true","true","true","","","","","invalid_json","$","",""
"5bde2ef928a132a5bfd5fcd589b968e7234eac4e7a29df3a2f76c320b892dd26","family-7ffaacd234afcde9266a","ast_to_source","complete","generic_end","nonce","invalid_generated_syntax","Full program ends with open scopes","unclosed_scope","50","1","true","true","true","","","","","","","",""
"5cac6056452a4d23422a7e9ae59e1142fcacfeaaa19ef7e4062220e8ed669ce7","family-d49bbdef0c1da3ec003b","ast_to_source","complete","padded_end","nonce","not_dispatched","Response status: not_dispatched","","","","false","false","false","","","","","","","",""
"5cf40c62216fd890c17123d559ae42c816efa3e418f8831da71d96818371541f","family-3563f6e71f7ada1158bf","source_to_ast","complete","generic_end","natural","not_dispatched","Response status: not_dispatched","","","","false","false","false","","","","","","","",""
"5d2eb441000dd5e0a04188940cafa5b061db92336bd884df21d552b1900e9ab4","family-f19c5e9a557080b18b95","ast_to_source","complete","named_end","natural","not_dispatched","Response status: not_dispatched","","","","false","false","false","","","","","","","",""
"5d58eb1d4bd4e81a9f09b081d991a93639558b4c16fb6d5ab20e1b87d7a7d18d","family-9db4f13345b7e00be2e2","source_to_ast","complete","padded_end","nonce","not_dispatched","Response status: not_dispatched","","","","false","false","false","","","","","","","",""
"5e473ebcfc82b1240dd3517535e12fc1e2784ef7f20d634e48362a55595c9fc8","family-0c189415a60643700625","ast_to_source","complete","braces","nonce","not_dispatched","Response status: not_dispatched","","","","false","false","false","","","","","","","",""
"5e69b1ed95ac5ef31bfd13a5f7ce17434d66faf6dea4e9db05f0d2395038500f","family-2ee81eec6366f90958dc","source_to_ast","complete","padded_end","natural","not_dispatched","Response status: not_dispatched","","","","false","false","false","","","","","","","",""
"5eb5a1551f2aa2e4d6d3d53eea820e17fdd6ee5b86a35258dd86e6fdb1bf4f3b","family-7b1fd9e33aa96c941a8c","ast_to_source","complete","typed_end","nonce","not_dispatched","Response status: not_dispatched","","","","false","false","false","","","","","","","",""
"5f0609ddc11c720eb3cb798398a5b3ece348012b030568d3d5013b0e0c5d5ee7","family-202a74b122859bc6dd1c","ast_to_source","complete","padded_end","nonce","invalid_generated_syntax","Full program ends with open scopes","unclosed_scope","20","1","true","true","true","","","","","","","",""
"5f9c20903cd8a17b0ba78521b7622df9b8adafc2b0478c6e10f2fefae60522dc","family-2ee81eec6366f90958dc","source_to_ast","complete","padded_end","nonce","not_dispatched","Response status: not_dispatched","","","","false","false","false","","","","","","","",""
"606fbb3faa748e6e93582a8e474a879981d4335469f1a222c0573b9342c4d77b","family-9b108f5ac9f01829ac57","ast_to_source","complete","named_end","nonce","not_dispatched","Response status: not_dispatched","","","","false","false","false","","","","","","","",""
"6184ea20be806611d6f7b9aca7b62c623895e833ef5fd8f63e6ef257f19d37d0","family-e9c7e641de56d7fa4b38","ast_to_source","complete","generic_end","natural","not_dispatched","Response status: not_dispatched","","","","false","false","false","","","","","","","",""
"61f2314949364d8eb2dcf925834f6f4098ccd0d9a45cded8bb13a7add13af9bb","family-9107d7327f5965625d06","source_to_ast","complete","typed_end","natural","not_dispatched","Response status: not_dispatched","","","","false","false","false","","","","","","","",""
"6212d1db3a69a1b2e7fe05814b1df16d3d0560013bd735e45767f931f28806ba","family-9bbcab1a11170b7966b1","ast_to_source","complete","braces","natural","not_dispatched","Response status: not_dispatched","","","","false","false","false","","","","","","","",""
"62338f13c9edc01f528755e56a50c26356003650ba609501636049e196b24c05","family-6ad0bfbab1610179b253","ast_to_source","complete","generic_end","nonce","not_dispatched","Response status: not_dispatched","","","","false","false","false","","","","","","","",""
"6322239bed38dcfe7819c5b11d8402bd76b67a1a1db17da090c58639916467a9","family-6ad0bfbab1610179b253","ast_to_source","complete","padded_end","nonce","not_dispatched","Response status: not_dispatched","","","","false","false","false","","","","","","","",""
"64152ec3285d5683ff1f4d6f4d99e475febfb9b58e402c24322975ecd836e59e","family-e9c7e641de56d7fa4b38","ast_to_source","complete","named_end","nonce","not_dispatched","Response status: not_dispatched","","","","false","false","false","","","","","","","",""
"6499954c674e983d4eea5e1c18e52a2f17b6df373bb45c5f87cf0f60e7f7fe86","family-7c86fedf251f95ab14c3","source_to_ast","complete","braces","nonce","not_dispatched","Response status: not_dispatched","","","","false","false","false","","","","","","","",""
"6503263966e594c19071c2002ca2c04afd2e7c9ac1d0f31ec978a52fb5cbb68f","family-f19c5e9a557080b18b95","ast_to_source","complete","typed_end","natural","not_dispatched","Response status: not_dispatched","","","","false","false","false","","","","","","","",""
"65654addbd0fa98661aa5f9d65b5853b8ffbe82e8d43f2a4414166cdb3a71143","family-5bef964f2d6a5e0a88d4","source_to_ast","complete","named_end","nonce","not_dispatched","Response status: not_dispatched","","","","false","false","false","","","","","","","",""
"66bafa6499e93324677364cd322f72cfb25f4282f30129c3a85de372897d6546","family-f07d4da4f62998463fb7","ast_to_source","complete","generic_end","natural","not_dispatched","Response status: not_dispatched","","","","false","false","false","","","","","","","",""
"66ec0c96bba83b11ffdf6e3dcbefbd3e25530bd682bdacdab01bfb69bb37453b","family-84ee8e7abcf75c0c00c0","ast_to_source","complete","generic_end","nonce","invalid_generated_syntax","Full program ends with open scopes","unclosed_scope","62","1","true","true","true","","","","","","","",""
"67c62cc1d586e9b752e0df8de383cfa8fee1d54f0eede2f7d6e880b1edde11b3","family-fde68d1cf440abeeabbc","source_to_ast","complete","padded_end","natural","not_dispatched","Response status: not_dispatched","","","","false","false","false","","","","","","","",""
"68157a7a40aa10f558f53ba7a6adfdd16d9861657ff69ee1d7bbe87e4044fe7a","family-f07d4da4f62998463fb7","ast_to_source","complete","padded_end","natural","not_dispatched","Response status: not_dispatched","","","","false","false","false","","","","","","","",""
"68bd6503b00a786d6c46afc5f72ba61dac004d6d7f6b1401862bd1bc29b80e80","family-18f5da329306773bcaa3","ast_to_source","complete","padded_end","natural","not_dispatched","Response status: not_dispatched","","","","false","false","false","","","","","","","",""
"68c491115c5d0b92f78bf752acea13d81a4e95aef3b888e1d3d9c919fad88b0a","family-20fac567c03b286945bf","source_to_ast","complete","braces","natural","not_dispatched","Response status: not_dispatched","","","","false","false","false","","","","","","","",""
"68caffc982508ac2d5b382e46720b5f98baacb11123953aa68d3ef49ea071be8","family-436650b654d449b3aa21","ast_to_source","complete","padded_end","natural","invalid_generated_syntax","Full program ends with open scopes","unclosed_scope","53","1","true","true","true","","","","","","","",""
"68dcea292a47d114f8c71d1a150272160e40cf769c6b39a0d810b905f3d9c0ed","family-3563f6e71f7ada1158bf","source_to_ast","complete","braces","nonce","invalid_answer_format","Invalid JSON at offset 2325: Extra input after JSON value","","","","true","true","true","","","","","invalid_json","$","",""
"68e17c1d6bfbed4f4668feaab473b0891cb43eeb4fad6c080f28a54fe7cde74a","family-695c44822542b0d20813","ast_to_source","complete","typed_end","natural","not_dispatched","Response status: not_dispatched","","","","false","false","false","","","","","","","",""
"696cf0cc6b31101f7eab50edb894f4f7f54e40c0c0c0f4f4d23b070b3fd889f1","family-a41d7f88d59707bd3f2d","ast_to_source","complete","named_end","natural","not_dispatched","Response status: not_dispatched","","","","false","false","false","","","","","","","",""
"69cb25c83c560798cf1a9c608c3dc5610a75de53beb185e213b706ca7316a9f8","family-96da80c5e82416d09035","source_to_ast","complete","braces","natural","not_dispatched","Response status: not_dispatched","","","","false","false","false","","","","","","","",""
"6bd4ea470c49c6590c0768c3eb9d3f5093365cbb329eddca94b64ad6baa8fa0c","family-116e071d00ed5fd66db8","source_to_ast","complete","named_end","natural","not_dispatched","Response status: not_dispatched","","","","false","false","false","","","","","","","",""
"6c419ba00a390764a2e6924e175e521d2d9be42b6e395788fbfb58a899f83971","family-3d27370bd591e4decece","source_to_ast","complete","named_end","natural","not_dispatched","Response status: not_dispatched","","","","false","false","false","","","","","","","",""
"6cf3ab4a700005049c9ad5c608af52471652c7226acdfe10d986cbfb04ae75fd","family-15457ec44c70d875cf8e","source_to_ast","complete","braces","natural","invalid_answer_format","Invalid JSON at offset 1181: Extra input after JSON value","","","","true","true","true","","","","","invalid_json","$","",""
"6cf57da8dc2cea7fe83a9065239a7fd128eb26cf80f81096f222f088d1b534b4","family-fde68d1cf440abeeabbc","source_to_ast","complete","braces","natural","not_dispatched","Response status: not_dispatched","","","","false","false","false","","","","","","","",""
"6d08da6a83a1dbc314132b5a61d3b9d5db36210f895260665bc84a7a266a6601","family-5bef964f2d6a5e0a88d4","ast_to_source","complete","generic_end","nonce","not_dispatched","Response status: not_dispatched","","","","false","false","false","","","","","","","",""
"6e4e5500118bb1da429d0bfa67739d83ac0700a8678231a3eb36093b0c97f80a","family-9cb9fac4063fb72402fe","ast_to_source","complete","braces","natural","not_dispatched","Response status: not_dispatched","","","","false","false","false","","","","","","","",""
"6e53ec25d8b861c42ac348908831fbbf98b6036997e73f79a99381a295f7a14d","family-d087ce4fdbc60321d22c","ast_to_source","complete","braces","nonce","not_dispatched","Response status: not_dispatched","","","","false","false","false","","","","","","","",""
"6ea9240914162b8c45c9ffa39337b8a1ed81388eb8231718c43f0e3ffa0dff0c","family-20fac567c03b286945bf","ast_to_source","complete","typed_end","natural","valid_syntax_wrong_ast","Parsed AST differs from the original","","","","true","true","true","","","","","","","",""
"6efc0e3de6e5ba84b9b8ad2ea86d9fc916876687a81e4ac4914a4757413d28b7","family-12b66a4f091fcaef2efe","source_to_ast","complete","braces","nonce","not_dispatched","Response status: not_dispatched","","","","false","false","false","","","","","","","",""
"6f1d65f14b0ddf294a2985bff7a2538a44a9753b4a3f9c25a85d90129ff08c1c","family-6ad0bfbab1610179b253","source_to_ast","complete","braces","nonce","invalid_answer_format","Invalid JSON at offset 1485: Extra input after JSON value","","","","true","true","true","","","","","invalid_json","$","",""
"6f2813a1864d35c0ebe76fdd02193d6bd0ee030450d8e94f45e7d06fa6487365","family-9db4f13345b7e00be2e2","ast_to_source","complete","braces","natural","not_dispatched","Response status: not_dispatched","","","","false","false","false","","","","","","","",""
"7105101905386baf01c272bea7c9c55fb49ba21a195c2eeb9171b7c6c7c5463b","family-9cb9fac4063fb72402fe","ast_to_source","complete","generic_end","nonce","not_dispatched","Response status: not_dispatched","","","","false","false","false","","","","","","","",""
"7176de5e7e9db4402e79b5c1015507ceb948e5939d63e94fbb058aecfbf5ce50","family-12b66a4f091fcaef2efe","ast_to_source","complete","generic_end","nonce","api_rejected","Response status: api_rejected","","","","false","true","true","","","","","","","",""
"71fc5e179e230160a0bf15b957cdc491925885f4736218c58088b5e4c851de31","family-9db4f13345b7e00be2e2","source_to_ast","complete","named_end","nonce","not_dispatched","Response status: not_dispatched","","","","false","false","false","","","","","","","",""
"72482067454270cbf7f0134dfacf90829c50fb9f68cc2a96769ced374188537e","family-d43ca68a75fec3b4ecfa","source_to_ast","complete","named_end","natural","not_dispatched","Response status: not_dispatched","","","","false","false","false","","","","","","","",""
"7370301d869fc584e2e54704d85dfbe5d642d1d2030615d0691eb2a029b7b3ea","family-9cb9fac4063fb72402fe","source_to_ast","complete","typed_end","nonce","not_dispatched","Response status: not_dispatched","","","","false","false","false","","","","","","","",""
"73cef7f22989f0498e8cafd39f538e2bf43f00bd6b50c4c2cbb3824f45b7b47c","family-d43ca68a75fec3b4ecfa","source_to_ast","complete","braces","nonce","not_dispatched","Response status: not_dispatched","","","","false","false","false","","","","","","","",""
"73ebdc7c6e7a65a9d605040aa7c6e7fe9fd6837455536c9ee062337919292e5e","family-65b4cd7b2b5e09ee1914","ast_to_source","complete","braces","nonce","not_dispatched","Response status: not_dispatched","","","","false","false","false","","","","","","","",""
"740f80d061a3a19df3b0d756918c3977e993e164a978cbbe5bc1f2b79208457d","family-0c189415a60643700625","ast_to_source","complete","padded_end","natural","not_dispatched","Response status: not_dispatched","","","","false","false","false","","","","","","","",""
"742f59504aa1b8a1e616e19f4d8d29dddc945a24e4600b85837d1353660bcaf1","family-3563f6e71f7ada1158bf","source_to_ast","complete","named_end","natural","not_dispatched","Response status: not_dispatched","","","","false","false","false","","","","","","","",""
"747bcb54cdd2d107aef7721e4188ab6614cbe2eea2537887d8111de34e5b3fd0","family-15457ec44c70d875cf8e","ast_to_source","complete","generic_end","natural","invalid_generated_syntax","Full program ends with open scopes","unclosed_scope","32","1","true","true","true","","","","","","","",""
"74ca3c95ad3c421777c0851a95d9744eafec9842031deeeea74cde202ca9e150","family-fa2c4c2706d146e7fcc8","source_to_ast","complete","generic_end","nonce","not_dispatched","Response status: not_dispatched","","","","false","false","false","","","","","","","",""
"74d6f4062fa5f23aad9cc2fed171d496d0ff6707d4c6ba36bbc7926c59207e42","family-e9c7e641de56d7fa4b38","ast_to_source","complete","braces","natural","not_dispatched","Response status: not_dispatched","","","","false","false","false","","","","","","","",""
"74e9c2b521fad5857ec35c3b5b3f73506f4121b0e77cad4bb72dda50b71bc378","family-7ffaacd234afcde9266a","ast_to_source","complete","padded_end","nonce","invalid_generated_syntax","Full program ends with open scopes","unclosed_scope","51","1","true","true","true","","","","","","","",""
"752a86e05c8deac2a0cd8f15c086d71529958c409d8fc4589ce0bc9ce5a09f27","family-e6da7166942b5064330f","source_to_ast","complete","generic_end","nonce","not_dispatched","Response status: not_dispatched","","","","false","false","false","","","","","","","",""
"75758fa7c5e6cfc8f2f028104d5b566beed73fbfa5fbd968d78a214e9777acc7","family-d087ce4fdbc60321d22c","ast_to_source","complete","padded_end","nonce","not_dispatched","Response status: not_dispatched","","","","false","false","false","","","","","","","",""
"75816067cf3422ac50bafe457d29e01a0b82c896d3a8b50b199def5521ee7281","family-b2fb45e6ee76f6ef3cca","ast_to_source","complete","typed_end","natural","invalid_generated_syntax","Expected end func","close_kind_mismatch","63","1","true","true","true","","","","","","","",""
"75c19ba1c0b5cbefa91b920d9324f8b49d37c9c4eedd96653881b8e3de25f38b","family-d43ca68a75fec3b4ecfa","source_to_ast","complete","named_end","nonce","not_dispatched","Response status: not_dispatched","","","","false","false","false","","","","","","","",""
"760fcef3806bfc8661b1083cb86c890ea927cc8e60b6ac2b81b78bec825a52f7","family-84ee8e7abcf75c0c00c0","ast_to_source","complete","braces","natural","invalid_generated_syntax","Full program ends with open scopes","unclosed_scope","62","1","true","true","true","","","","","","","",""
"76399a06a58c7781094ee79c3678a752c5190cda21de52c5b7db6cb18a0e2632","family-3ee1bbf1eb46287cb477","ast_to_source","complete","braces","nonce","not_dispatched","Response status: not_dispatched","","","","false","false","false","","","","","","","",""
"767bee214e34c3e3e4d3b8d8a2e1349201850d01a0fc5bd554b963d7a17ebbbd","family-f07d4da4f62998463fb7","source_to_ast","complete","braces","natural","not_dispatched","Response status: not_dispatched","","","","false","false","false","","","","","","","",""
"7728b9d1beb8f747d54312a741e9dc6107b0620b877878d8ed1a10e181223b5d","family-d087ce4fdbc60321d22c","source_to_ast","complete","named_end","natural","invalid_answer_format","Invalid JSON at offset 3237: Extra input after JSON value","","","","true","true","true","","","","","invalid_json","$","",""
"77897ea525bda6d13117b0d05db4fbe1809af992747f73737745e4500692d601","family-20fac567c03b286945bf","source_to_ast","complete","typed_end","natural","not_dispatched","Response status: not_dispatched","","","","false","false","false","","","","","","","",""
"78d3ca301579535fe2ab0509969af3171c22e86f09da5c8d56af03ede06ff796","family-fa2c4c2706d146e7fcc8","ast_to_source","complete","braces","nonce","not_dispatched","Response status: not_dispatched","","","","false","false","false","","","","","","","",""
"78f10d8c50909d16df6bd0b3ddfe140b964b86070818384de7c6ac76160e11e5","family-9db4f13345b7e00be2e2","source_to_ast","complete","typed_end","natural","invalid_answer_format","Invalid JSON at offset 2397: Extra input after JSON value","","","","true","true","true","","","","","invalid_json","$","",""
"78f9c8fad45af9875ea147dc6aa232b3e1836004c1b12a05f2b816962c4397e0","family-6ad0bfbab1610179b253","source_to_ast","complete","named_end","natural","not_dispatched","Response status: not_dispatched","","","","false","false","false","","","","","","","",""
"7a723b5e854bbe1a0bba4c1bf74a57bdc67e6d8262879962dd52c9287aa9fa68","family-9cb9fac4063fb72402fe","ast_to_source","complete","braces","nonce","not_dispatched","Response status: not_dispatched","","","","false","false","false","","","","","","","",""
"7b0f5f2ec8cf372949bd367ee288c6135f4a7992f20bd6eb2bacf199d62f18f8","family-7b1fd9e33aa96c941a8c","ast_to_source","complete","named_end","nonce","not_dispatched","Response status: not_dispatched","","","","false","false","false","","","","","","","",""
"7b555a6903268a166057ce7b750ce512a7b04f87288dbbd3b49e211b84281dc4","family-12b66a4f091fcaef2efe","ast_to_source","complete","typed_end","natural","invalid_generated_syntax","Expected end area","close_kind_mismatch","84","1","true","true","true","","","","","","","",""
"7c1c0366e66e94df7a56e52036f2e220ee095cfe0d86aa62768a268b48e0df48","family-18f5da329306773bcaa3","ast_to_source","complete","named_end","nonce","not_dispatched","Response status: not_dispatched","","","","false","false","false","","","","","","","",""
"7cf39e1ecf75197647fb682beb95e13e577aeedb4bd2f4edc0d8e31d682f12ca","family-5bef964f2d6a5e0a88d4","ast_to_source","complete","named_end","nonce","not_dispatched","Response status: not_dispatched","","","","false","false","false","","","","","","","",""
"7d5c34df10e0aa1bdc7f257fbbcfef5a90f43c4c66a98ab892fcf6217b015b0e","family-cece3b124d80638a562b","source_to_ast","complete","padded_end","natural","not_dispatched","Response status: not_dispatched","","","","false","false","false","","","","","","","",""
"7d5d25d7af7b3d986662a760a6e1c08f578af015cba7ceb3d5d7eb3d009d4a2e","family-2ee81eec6366f90958dc","ast_to_source","complete","braces","nonce","invalid_generated_syntax","Full program ends with open scopes","unclosed_scope","55","1","true","true","true","","","","","","","",""
"7dbcc45ec2ad357d0b714cdabeb3f8adadc37a21b69ae51c7b6bc4d6586d263e","family-b2fb45e6ee76f6ef3cca","source_to_ast","complete","named_end","nonce","invalid_answer_format","Invalid JSON at offset 2352: Extra input after JSON value","","","","true","true","true","","","","","invalid_json","$","",""
"7dbf1892ee6f7b847470cc6c057f79f2e5848f137106da89effcf729ac47f8a5","family-5bef964f2d6a5e0a88d4","ast_to_source","complete","braces","natural","invalid_generated_syntax","Full program ends with open scopes","unclosed_scope","62","1","true","true","true","","","","","","","",""
"7de9686c068a34e3fd0f91381fba0e2bccea22d08a2cb279b0e27346c929f6c2","family-fbccde68878c4d9d5ba8","source_to_ast","complete","generic_end","natural","not_dispatched","Response status: not_dispatched","","","","false","false","false","","","","","","","",""
"7e2c74f000982b76699f41591425dd991fd1446c5910de24c57c0f30a0d9f6a0","family-f07d4da4f62998463fb7","source_to_ast","complete","padded_end","natural","not_dispatched","Response status: not_dispatched","","","","false","false","false","","","","","","","",""
"7f266b7e76fbbe69c0c78d8237aef5ec665d7de24b9a2c43a71cc52534fe75ad","family-9bbcab1a11170b7966b1","ast_to_source","complete","padded_end","natural","not_dispatched","Response status: not_dispatched","","","","false","false","false","","","","","","","",""
"7f2a8a5518089fc5340ef70e7e2b0c8cfcabedc0db7ac0928c1cab8aea123a4f","family-fa2c4c2706d146e7fcc8","source_to_ast","complete","typed_end","nonce","not_dispatched","Response status: not_dispatched","","","","false","false","false","","","","","","","",""
"7f38d2a76fe139f8a49099387570ea78b87c495019e20b34c250ec5f9253d2cd","family-f5488480aa566cbc611a","source_to_ast","complete","generic_end","natural","not_dispatched","Response status: not_dispatched","","","","false","false","false","","","","","","","",""
"7f8993bdaf9ec98adfa933f5e7a94e6b77dcec7c488549d731ad6210e48c0c20","family-3563f6e71f7ada1158bf","ast_to_source","complete","generic_end","nonce","invalid_generated_syntax","Full program ends with open scopes","unclosed_scope","59","1","true","true","true","","","","","","","",""
"7fa94fbef14dab738e4b857e6653e32b5e743b450d1b99a6139145effd753d56","family-f07d4da4f62998463fb7","ast_to_source","complete","named_end","natural","not_dispatched","Response status: not_dispatched","","","","false","false","false","","","","","","","",""
"7fe7348e569cfca541945b883e4501f5cd9ebec06db5471d23d21ef9c60ecb62","family-f07d4da4f62998463fb7","ast_to_source","complete","typed_end","natural","not_dispatched","Response status: not_dispatched","","","","false","false","false","","","","","","","",""
"800c6d741456efcba9d227beea9a401501b464c679488d602d18bf7bfdf7c640","family-9cb9fac4063fb72402fe","ast_to_source","complete","typed_end","natural","not_dispatched","Response status: not_dispatched","","","","false","false","false","","","","","","","",""
"8111671cd9a551df6deabcf94e060d679b0a19fb052cc1aa85e4565d3da778b1","family-cece3b124d80638a562b","source_to_ast","complete","typed_end","natural","not_dispatched","Response status: not_dispatched","","","","false","false","false","","","","","","","",""
"81610c454d77f2ec23ea36c9f48783e358a3c7b986a4e26f07ca46a5c3754706","family-9b108f5ac9f01829ac57","ast_to_source","complete","braces","natural","not_dispatched","Response status: not_dispatched","","","","false","false","false","","","","","","","",""
"81c7fdc9360d4f4bd45a53434bd4d7da04c1e99079cb7fc43c4ada010367486a","family-15457ec44c70d875cf8e","ast_to_source","complete","typed_end","nonce","invalid_generated_syntax","Expected wor jomi","close_kind_mismatch","31","1","true","true","true","","","","","","","",""
"820ff3f3446edc4cf0ad36e40808b8a41e725d1dae5491333b8e4205ffc16897","family-5bef964f2d6a5e0a88d4","source_to_ast","complete","generic_end","nonce","not_dispatched","Response status: not_dispatched","","","","false","false","false","","","","","","","",""
"82800469f977d4738307e871d242e0a7e3a5ae74e73c47fa0d87c0159f24d768","family-9cb9fac4063fb72402fe","ast_to_source","complete","named_end","nonce","not_dispatched","Response status: not_dispatched","","","","false","false","false","","","","","","","",""
"8283836214a4c8193071d9256f9c99ec14cf813e20e4a709347e7b7f78ef8e43","family-0c189415a60643700625","ast_to_source","complete","named_end","natural","not_dispatched","Response status: not_dispatched","","","","false","false","false","","","","","","","",""
"82967d979ab6f223712e6bb99ab005410eb51bd5c87447048056f90a55f1e112","family-84ee8e7abcf75c0c00c0","ast_to_source","complete","padded_end","nonce","invalid_generated_syntax","Full program ends with open scopes","unclosed_scope","60","1","true","true","true","","","","","","","",""
"82a9b1fd73e0ff02b5fb29104dd5cebd22a76a2ff643e46421c6497dd8c513c9","family-a41d7f88d59707bd3f2d","source_to_ast","complete","typed_end","nonce","not_dispatched","Response status: not_dispatched","","","","false","false","false","","","","","","","",""
"835f741a0760f77fc4d9d1fb1b46e8417d58db1294237098baf869b749aecb96","family-3ee1bbf1eb46287cb477","ast_to_source","complete","typed_end","natural","invalid_generated_syntax","Full program ends with open scopes","unclosed_scope","55","1","true","true","true","","","","","","","",""
"840c38fa40dc51ce201887ca129bc2d99b1bcb6a5887378bdf537634a397b0fe","family-1bce1f301dc01c23ef90","ast_to_source","complete","generic_end","natural","not_dispatched","Response status: not_dispatched","","","","false","false","false","","","","","","","",""
"84577c8830475a40ace73fdda80177cb0f9a99c7e5a1c7a2737657026426954b","family-0c189415a60643700625","source_to_ast","complete","typed_end","natural","not_dispatched","Response status: not_dispatched","","","","false","false","false","","","","","","","",""
"84f31744220b9dde69f26aeea12c370612340bc9717a20f2446143d11e7c96b8","family-9db4f13345b7e00be2e2","ast_to_source","complete","generic_end","natural","not_dispatched","Response status: not_dispatched","","","","false","false","false","","","","","","","",""
"84f400a5a8ebe4cf3451ce294a9062a2f24f441fffd348516abcf5f1578797df","family-e6da7166942b5064330f","ast_to_source","complete","padded_end","natural","invalid_generated_syntax","Full program ends with open scopes","unclosed_scope","62","1","true","true","true","","","","","","","",""
"8543dfd7434109bcd799d128ba6eaac88e4a46a0847db721872aacb0e1b4d75f","family-d087ce4fdbc60321d22c","source_to_ast","complete","generic_end","nonce","invalid_answer_format","Invalid JSON at offset 3237: Extra input after JSON value","","","","true","true","true","","","","","invalid_json","$","",""
"858d4207b5a5211f332efe56d30acb9e2ce02ac370836952a7c23217d90e6e0d","family-282ab3333fd63bc6846e","source_to_ast","complete","generic_end","natural","not_dispatched","Response status: not_dispatched","","","","false","false","false","","","","","","","",""
"859746ecd4280cff90beefd9e228d9dbca8282919b327127864be6daba6558f9","family-f07d4da4f62998463fb7","source_to_ast","complete","padded_end","nonce","not_dispatched","Response status: not_dispatched","","","","false","false","false","","","","","","","",""
"86e41d473702cd534eb8baec3f79eb21c501e01afe094ea116fc596c5f711926","family-d087ce4fdbc60321d22c","source_to_ast","complete","named_end","nonce","invalid_answer_format","Invalid JSON at offset 3237: Extra input after JSON value","","","","true","true","true","","","","","invalid_json","$","",""
"870ced01afdcd197af5b7705b329a918b4796ef58b42ec8b089a1cfffdb7551a","family-12b66a4f091fcaef2efe","source_to_ast","complete","padded_end","nonce","not_dispatched","Response status: not_dispatched","","","","false","false","false","","","","","","","",""
"88290eebf794fe99f2f0b9bfac7d6ef2917cd69375bea236e6e7b946e945c0f1","family-3563f6e71f7ada1158bf","source_to_ast","complete","generic_end","nonce","invalid_answer_format","Invalid JSON at offset 2325: Extra input after JSON value","","","","true","true","true","","","","","invalid_json","$","",""
"883e89502949ee6682a0c0a0931fc8fee58fac8f337b8ce56b3a45787e733656","family-6ad0bfbab1610179b253","source_to_ast","complete","padded_end","natural","not_dispatched","Response status: not_dispatched","","","","false","false","false","","","","","","","",""
"8848bb64593708b7a510ba33510ba75c0f4b74900b596ed5fdb75b98c9ca9d1f","family-7b1fd9e33aa96c941a8c","ast_to_source","complete","padded_end","nonce","not_dispatched","Response status: not_dispatched","","","","false","false","false","","","","","","","",""
"88a933be279bca69140e6a24389635e60aabcfeb3db0c964f0d8080397f918e3","family-2ee81eec6366f90958dc","ast_to_source","complete","typed_end","natural","invalid_generated_syntax","Expected end func","close_kind_mismatch","56","1","true","true","true","","","","","","","",""
"88da472a55d8818e6702c2ac914f865d3406295b3b2b023a7fa9cc47c6c841b1","family-588bf424c8a3eb6f83e0","source_to_ast","complete","braces","nonce","not_dispatched","Response status: not_dispatched","","","","false","false","false","","","","","","","",""
"8a174eece2c112c8624da6e931f85c08cd6145d5be8767d77949fe60354162ab","family-6ad0bfbab1610179b253","source_to_ast","complete","padded_end","nonce","invalid_answer_format","Invalid JSON at offset 1485: Extra input after JSON value","","","","true","true","true","","","","","invalid_json","$","",""
"8a484ad75dc6bd29745bf0b671fac11b47e632eed07643e1707fc2705c832f89","family-9cb9fac4063fb72402fe","ast_to_source","complete","named_end","natural","not_dispatched","Response status: not_dispatched","","","","false","false","false","","","","","","","",""
"8afcf9c02dd7e21cb34e17a868a49e547c007d9f05c98f8181f552c63a29a376","family-84ee8e7abcf75c0c00c0","source_to_ast","complete","generic_end","nonce","invalid_answer_format","Invalid JSON at offset 2325: Extra input after JSON value","","","","true","true","true","","","","","invalid_json","$","",""
"8b40fd3de1fb5e90cf2d90bbd9f79ea874d83e684f477ef1c6c0710fa82190f4","family-e6da7166942b5064330f","ast_to_source","complete","typed_end","nonce","not_dispatched","Response status: not_dispatched","","","","false","false","false","","","","","","","",""
"8b7297c51b98f828ae85a18b8c3808e8bd115bbdb17d649a594b4dd62ed32339","family-0c189415a60643700625","ast_to_source","complete","typed_end","nonce","not_dispatched","Response status: not_dispatched","","","","false","false","false","","","","","","","",""
"8b98d7bb152741e3975bdbf22f866b5ce14a82777bc8258f3b19eb1b4b7f2c32","family-9107d7327f5965625d06","source_to_ast","complete","braces","nonce","not_dispatched","Response status: not_dispatched","","","","false","false","false","","","","","","","",""
"8be9fa5070d428e52abac716f3dd1ab1e860c8c6207544b58e970893a783e06b","family-d43ca68a75fec3b4ecfa","source_to_ast","complete","padded_end","natural","not_dispatched","Response status: not_dispatched","","","","false","false","false","","","","","","","",""
"8c95af6366dad7c5246ee302fc6dbcee2348d4c7047bc58aa0b05f5bb976fd9a","family-c8136098cc972fa47380","source_to_ast","complete","named_end","nonce","invalid_answer_format","Invalid JSON at offset 3192: Extra input after JSON value","","","","true","true","true","","","","","invalid_json","$","",""
"8d30ba09b419509f1baf004b24531f46913112884ab4e0f60dbe8b4a9e4b8549","family-f5488480aa566cbc611a","source_to_ast","complete","typed_end","nonce","not_dispatched","Response status: not_dispatched","","","","false","false","false","","","","","","","",""
"8d377f64420ca1c5032015ca87eb5d9bc5208f224b46f3c62c61b9014542f469","family-fbccde68878c4d9d5ba8","source_to_ast","complete","named_end","nonce","not_dispatched","Response status: not_dispatched","","","","false","false","false","","","","","","","",""
"8df8ddd551b25eed7f645fa0322fa6d043f41c1e0bd07a63fd36453087a3673d","family-fde68d1cf440abeeabbc","source_to_ast","complete","typed_end","natural","not_dispatched","Response status: not_dispatched","","","","false","false","false","","","","","","","",""
"8e0576ad006cbdc0d13ba2bfa23605716bcfc3c934aa639f038fd8a39d24adb9","family-f8892f13d741e19d25a6","ast_to_source","complete","typed_end","natural","not_dispatched","Response status: not_dispatched","","","","false","false","false","","","","","","","",""
"8f80349c3ff8427079ac24734de15ca9a7c286edac9a2c51352aba8959b46c28","family-7b1fd9e33aa96c941a8c","ast_to_source","complete","braces","nonce","not_dispatched","Response status: not_dispatched","","","","false","false","false","","","","","","","",""
"8f9c22e03df910902c2c7fc449574f64d6930db6f28301c1d80ee79133ed4bc5","family-f19c5e9a557080b18b95","source_to_ast","complete","named_end","nonce","not_dispatched","Response status: not_dispatched","","","","false","false","false","","","","","","","",""
"901269aa2231a3ca09f91aa46e140b0840aeb1b44d800fee1a5de72c0f5cc082","family-f5488480aa566cbc611a","source_to_ast","complete","generic_end","nonce","not_dispatched","Response status: not_dispatched","","","","false","false","false","","","","","","","",""
"9076c6e33066977b2898fcc2812d8d213a6031fa38ffda52798419089878cd26","family-3ee1bbf1eb46287cb477","ast_to_source","complete","padded_end","nonce","not_dispatched","Response status: not_dispatched","","","","false","false","false","","","","","","","",""
"91b17a50e31604a57b7d20f0b1e192a2973855c63d3584e343f8cd299f51c9ef","family-9db4f13345b7e00be2e2","ast_to_source","complete","named_end","natural","not_dispatched","Response status: not_dispatched","","","","false","false","false","","","","","","","",""
"91efc62cbe51a126648de2a92de30a62f3676164b7bc712b99607da5f29383d7","family-7c86fedf251f95ab14c3","ast_to_source","complete","named_end","natural","not_dispatched","Response status: not_dispatched","","","","false","false","false","","","","","","","",""
"924a05597eb6384f0ce9969e25271aa746a19ba583d578ff2055309751378d0a","family-9cb9fac4063fb72402fe","ast_to_source","complete","generic_end","natural","not_dispatched","Response status: not_dispatched","","","","false","false","false","","","","","","","",""
"927ed12171215122f5b8be82548368dd114d43f19fc83e53e9aa326980c454e4","family-d087ce4fdbc60321d22c","ast_to_source","complete","typed_end","nonce","not_dispatched","Response status: not_dispatched","","","","false","false","false","","","","","","","",""
"92ba02a6665e8ecebb191df508ce1a5b6a74b7277fb34624d2355d6a01fb38ee","family-2ee81eec6366f90958dc","source_to_ast","complete","named_end","natural","not_dispatched","Response status: not_dispatched","","","","false","false","false","","","","","","","",""
"92beee4049e46748c3c009122e6bc664c4de84c6dd502332076f81692422469c","family-d087ce4fdbc60321d22c","source_to_ast","complete","braces","natural","invalid_answer_format","Invalid JSON at offset 3237: Extra input after JSON value","","","","true","true","true","","","","","invalid_json","$","",""
"93154be6187ecc67e657d37e26d6d9bbce3ee9b842f77ae427a8a931d45ee065","family-6ad0bfbab1610179b253","ast_to_source","complete","typed_end","nonce","not_dispatched","Response status: not_dispatched","","","","false","false","false","","","","","","","",""
"94f7613aa69ca321b4839eafd29a6e27cb7320768d1bbd9b0c0e26212c016d1d","family-96da80c5e82416d09035","source_to_ast","complete","padded_end","natural","not_dispatched","Response status: not_dispatched","","","","false","false","false","","","","","","","",""
"95ef77d738d757be341252216bab8850a346a5a59eb6e73bc3a0032ab2bd00b5","family-3563f6e71f7ada1158bf","ast_to_source","complete","braces","nonce","invalid_generated_syntax","Full program ends with open scopes","unclosed_scope","62","1","true","true","true","","","","","","","",""
"960831cde937d6ff56ab204e986f1b9579809de2e290839f23439a27c41af60b","family-0c189415a60643700625","ast_to_source","complete","typed_end","natural","not_dispatched","Response status: not_dispatched","","","","false","false","false","","","","","","","",""
"962d9f883cfa1967b157008eff22a6a78d73b6581a8229a09d12866ebd4a1bc1","family-3563f6e71f7ada1158bf","ast_to_source","complete","typed_end","natural","not_dispatched","Response status: not_dispatched","","","","false","false","false","","","","","","","",""
"963ecd9ac4444c57e4a498029ffffc778dfb2d81a301585b9ba2d6c674a9134d","family-f19c5e9a557080b18b95","ast_to_source","complete","typed_end","nonce","invalid_generated_syntax","Expected nix gupi","close_kind_mismatch","58","1","true","true","true","","","","","","","",""
"96709d064db0c6b5595a0bd4d4d6918b660430b221822713fc6181512ad283e5","family-96da80c5e82416d09035","source_to_ast","complete","generic_end","natural","not_dispatched","Response status: not_dispatched","","","","false","false","false","","","","","","","",""
"97b822cb481f8a14b56692605e7d94737eae116ee7ff4798c220e11cfc87e468","family-18f5da329306773bcaa3","ast_to_source","complete","braces","nonce","not_dispatched","Response status: not_dispatched","","","","false","false","false","","","","","","","",""
"97ce0366f7f547ef847c7d5f853bb7e309701b66854491c50698f135f80e169d","family-15457ec44c70d875cf8e","source_to_ast","complete","padded_end","nonce","not_dispatched","Response status: not_dispatched","","","","false","false","false","","","","","","","",""
"98340d7e5a8f65c549d76562fbccdb29396b2de756b5be143ac9e84df0db3231","family-2ee81eec6366f90958dc","ast_to_source","complete","generic_end","nonce","invalid_generated_syntax","Full program ends with open scopes","unclosed_scope","52","1","true","true","true","","","","","","","",""
"98ba230cd196c5389c6e1614a498bf9602567f2a0e0ec1c4a0f7f2be2770fc37","family-f6ad25e5a7822dd2777b","ast_to_source","complete","padded_end","natural","invalid_generated_syntax","Full program ends with open scopes","unclosed_scope","19","1","true","true","true","","","","","","","",""
"993baa08d6370374243255bf25f16fcb76a7c5bb8b6bc2cf67e774b0aa38d8a4","family-65b4cd7b2b5e09ee1914","ast_to_source","complete","generic_end","natural","invalid_generated_syntax","Full program ends with open scopes","unclosed_scope","40","1","true","true","true","","","","","","","",""
"99514a244bd7d63c415c84f42c8cba10ab4252efa6b34fb9413f206041a96666","family-2ee81eec6366f90958dc","source_to_ast","complete","named_end","nonce","not_dispatched","Response status: not_dispatched","","","","false","false","false","","","","","","","",""
"9a0b7712b143e47ded0d2a54a30fb804fff60d57eab32bab4d685fdcb8e01f70","family-e9c7e641de56d7fa4b38","ast_to_source","complete","typed_end","natural","not_dispatched","Response status: not_dispatched","","","","false","false","false","","","","","","","",""
"9a10c5b6b263c4b1f8cb77c5628b71c1b95d1950590b341bd1e2e9f8c3856ec0","family-7ffaacd234afcde9266a","source_to_ast","complete","generic_end","nonce","invalid_answer_format","Invalid JSON at offset 1974: Expected ']'","","","","true","true","true","","","","","invalid_json","$","",""
"9a3d3e342c4796c622a21678c35790af4e6147e04c4c62f35f7d7a0cae1bb1d2","family-e9c7e641de56d7fa4b38","ast_to_source","complete","braces","nonce","not_dispatched","Response status: not_dispatched","","","","false","false","false","","","","","","","",""
"9b206b709c2e39e28510e44773a64b91d4c94fd1268f878d702134a8ea8ee039","family-9bbcab1a11170b7966b1","source_to_ast","complete","named_end","nonce","not_dispatched","Response status: not_dispatched","","","","false","false","false","","","","","","","",""
"9b49ee71101ddd7772cc1ab441f8f13521e9f9fe7a2faf4d4aa047a1ca150fd7","family-a41d7f88d59707bd3f2d","source_to_ast","complete","generic_end","nonce","not_dispatched","Response status: not_dispatched","","","","false","false","false","","","","","","","",""
"9b4ccb26980510f1e8f9c4a6a318f0a88571a35768c7dd49dd34694089b858cf","family-18f5da329306773bcaa3","ast_to_source","complete","generic_end","nonce","not_dispatched","Response status: not_dispatched","","","","false","false","false","","","","","","","",""
"9b9e70c7785e2a5025f4748a68f153d5f5ef8db408acc3ce84652d4a2cd2f487","family-7ffaacd234afcde9266a","ast_to_source","complete","generic_end","natural","invalid_generated_syntax","Full program ends with open scopes","unclosed_scope","49","1","true","true","true","","","","","","","",""
"9b9e951fad8dbca92d59ba48b2302a574657a1aefe3d9fd10081aa2f5c45e778","family-fde68d1cf440abeeabbc","ast_to_source","complete","generic_end","natural","not_dispatched","Response status: not_dispatched","","","","false","false","false","","","","","","","",""
"9bdb7f91f74071a5cdc32042bbf6d5573e82133b0a0993d95f13cf777bbd518b","family-18f5da329306773bcaa3","source_to_ast","complete","named_end","natural","not_dispatched","Response status: not_dispatched","","","","false","false","false","","","","","","","",""
"9c144f20f30a5e8c164bab17993ef0608889da8eecdef1a3f0f75b89214a1264","family-d087ce4fdbc60321d22c","source_to_ast","complete","padded_end","nonce","invalid_answer_format","Invalid JSON at offset 3237: Extra input after JSON value","","","","true","true","true","","","","","invalid_json","$","",""
"9c16cad0a776f89506f270b950ffad9b7b8a0c4d3313b670061579836253636f","family-d087ce4fdbc60321d22c","ast_to_source","complete","padded_end","natural","invalid_generated_syntax","Full program ends with open scopes","unclosed_scope","83","1","true","true","true","","","","","","","",""
"9cb1275f90d9b10d5454f82e7f9d9eabe1dc6716654dce8d203aac35c0da7cfb","family-9db4f13345b7e00be2e2","ast_to_source","complete","generic_end","nonce","invalid_generated_syntax","Full program ends with open scopes","unclosed_scope","40","1","true","true","true","","","","","","","",""
"9d2932c3b3b4b37157c17d9428343181229bd66799a76cc909e8e59e45fe8089","family-695c44822542b0d20813","ast_to_source","complete","generic_end","nonce","valid_syntax_wrong_ast","Parsed AST differs from the original","","","","true","true","true","","","","","","","",""
"9e210c932cf80537b0ca7817b083c47e91309979d0bbdbf1feea39dc81bf96bc","family-f19c5e9a557080b18b95","source_to_ast","complete","generic_end","nonce","not_dispatched","Response status: not_dispatched","","","","false","false","false","","","","","","","",""
"9ed77dbf278562fe506980d7f29f7ec35dc09266f54adc07912def4169c1478d","family-f8892f13d741e19d25a6","ast_to_source","complete","generic_end","natural","not_dispatched","Response status: not_dispatched","","","","false","false","false","","","","","","","",""
"9ee00816ebe723ca273cf1afc99298d424a33399f14c5248b627c5fbdff523f8","family-9bbcab1a11170b7966b1","source_to_ast","complete","named_end","natural","not_dispatched","Response status: not_dispatched","","","","false","false","false","","","","","","","",""
"a089711f1d52a3c0c086d3388d5305c62449ec37550fc80d7b63707bbbf8a213","family-65b4cd7b2b5e09ee1914","source_to_ast","complete","named_end","nonce","invalid_answer_format","Invalid JSON at offset 1485: Extra input after JSON value","","","","true","true","true","","","","","invalid_json","$","",""
"a089d3680be2a3d0399c48a301c0c10fbdf1f8aa73a50a2c289c4c3d70c01ebc","family-588bf424c8a3eb6f83e0","ast_to_source","complete","typed_end","natural","not_dispatched","Response status: not_dispatched","","","","false","false","false","","","","","","","",""
"a0f380c0e4c7371bbdb402b5aa3462a5ff1bbc48f18397f247dc268e6a10e137","family-9b108f5ac9f01829ac57","source_to_ast","complete","generic_end","natural","not_dispatched","Response status: not_dispatched","","","","false","false","false","","","","","","","",""
"a0fac71a33a5e5d3afd2b9eae32707347c7c69776e03020c6625e8147c9991c9","family-6ad0bfbab1610179b253","source_to_ast","complete","generic_end","natural","not_dispatched","Response status: not_dispatched","","","","false","false","false","","","","","","","",""
"a14a5f2f43f989c6360409cee9ce08a13a42d16d883e42e9886fd907484904e0","family-695c44822542b0d20813","source_to_ast","complete","named_end","natural","not_dispatched","Response status: not_dispatched","","","","false","false","false","","","","","","","",""
"a22f6b785063418c04cd5c30a50a63d9b40f29f4752b6abf6fc7e2d70617ddd9","family-2ee81eec6366f90958dc","ast_to_source","complete","padded_end","nonce","invalid_generated_syntax","Full program ends with open scopes","unclosed_scope","52","1","true","true","true","","","","","","","",""
"a2555dee9b045d55243ba350e7ca9b5705268ad449a3fa2a7eefee05f84d3531","family-282ab3333fd63bc6846e","source_to_ast","complete","padded_end","natural","not_dispatched","Response status: not_dispatched","","","","false","false","false","","","","","","","",""
"a27f09ab95260cdff433e4498ba7783e1fdb551f9964e762fbae6ef401c79f0d","family-9db4f13345b7e00be2e2","ast_to_source","complete","typed_end","natural","not_dispatched","Response status: not_dispatched","","","","false","false","false","","","","","","","",""
"a2e1e5790de60460e91909f311580b04248a7db7082d0c47995e061e5ae1c90a","family-695c44822542b0d20813","source_to_ast","complete","braces","natural","not_dispatched","Response status: not_dispatched","","","","false","false","false","","","","","","","",""
"a2ff45e5c31caace5b43e66ec7c0efc127a2448cf95585665bf296ab9230f703","family-f07d4da4f62998463fb7","ast_to_source","complete","braces","natural","not_dispatched","Response status: not_dispatched","","","","false","false","false","","","","","","","",""
"a36ccbacd594ccee4e3324f44a24b320484b0401ace8221cc058346ed538cc61","family-e6da7166942b5064330f","source_to_ast","complete","typed_end","natural","invalid_answer_format","Invalid JSON at offset 2352: Extra input after JSON value","","","","true","true","true","","","","","invalid_json","$","",""
"a381e0774211e7c9a4045c7130dc9b1f88f5c1f7bbe81edadca4362f147e78eb","family-9107d7327f5965625d06","ast_to_source","complete","generic_end","natural","not_dispatched","Response status: not_dispatched","","","","false","false","false","","","","","","","",""
"a3f67a4333d92e9ef56beaf793fa06c3cf1ac0e00ea4604cea112d872ed9fae9","family-f19c5e9a557080b18b95","source_to_ast","complete","padded_end","natural","not_dispatched","Response status: not_dispatched","","","","false","false","false","","","","","","","",""
"a4882840ce21d9eb89c003c601eeb275e99714b5df2c7ffb80b400fdc303bbd5","family-0c189415a60643700625","source_to_ast","complete","generic_end","nonce","not_dispatched","Response status: not_dispatched","","","","false","false","false","","","","","","","",""
"a4f788457d7c0460f1e64ebc39ebf4f88c88e52075b0095b4b9dea65131cb52c","family-2ee81eec6366f90958dc","source_to_ast","complete","braces","nonce","not_dispatched","Response status: not_dispatched","","","","false","false","false","","","","","","","",""
"a53c2cb9260988ad5bdb9fe53732c69a3877f4e53f7ae8e1db359cc8f4716858","family-e6da7166942b5064330f","source_to_ast","complete","generic_end","natural","invalid_answer_format","Invalid JSON at offset 2352: Extra input after JSON value","","","","true","true","true","","","","","invalid_json","$","",""
"a5535a7b9185e4e794185de475d85043593d05dd9a690fff08893765bf78c1bc","family-cece3b124d80638a562b","ast_to_source","complete","braces","natural","invalid_generated_syntax","Full program ends with open scopes","unclosed_scope","39","1","true","true","true","","","","","","","",""
"a58755f9c20f2df98c27fa9327452aa8332a4e116b99f6a32b222f73349cc5a6","family-12b66a4f091fcaef2efe","ast_to_source","complete","generic_end","natural","invalid_generated_syntax","Full program ends with open scopes","unclosed_scope","84","1","true","true","true","","","","","","","",""
"a67207d04c68d14adf32be03105b1029f7d127631c9ac4adfa2518b97fc207d5","family-6ad0bfbab1610179b253","source_to_ast","complete","braces","natural","not_dispatched","Response status: not_dispatched","","","","false","false","false","","","","","","","",""
"a697a4d2fd5ff70383e71581134e120a46c0531280b6fbb7ec58bef5b1ac8106","family-3ee1bbf1eb46287cb477","ast_to_source","complete","generic_end","natural","invalid_generated_syntax","Full program ends with open scopes","unclosed_scope","51","1","true","true","true","","","","","","","",""
"a6db1828eb2852c3e787a56ff1543b41c2323a4edb731b0ac4ef0ed7d50d23b3","family-fa2c4c2706d146e7fcc8","ast_to_source","complete","named_end","natural","not_dispatched","Response status: not_dispatched","","","","false","false","false","","","","","","","",""
"a74899f0344388ce4f53579181de4dd7a68efbb71638d3401c1015b488c49c55","family-f5488480aa566cbc611a","source_to_ast","complete","padded_end","natural","not_dispatched","Response status: not_dispatched","","","","false","false","false","","","","","","","",""
"a7a19f89b6529e18e1d4f2b7d751ba6b64d0feba6f4dc9ed4d705d7220abbcd4","family-9bbcab1a11170b7966b1","source_to_ast","complete","typed_end","natural","not_dispatched","Response status: not_dispatched","","","","false","false","false","","","","","","","",""
"a7b28c20f646408245a98bd38909a3facf2756df59a61488ed95e3ff15872891","family-f6ad25e5a7822dd2777b","ast_to_source","complete","generic_end","natural","invalid_generated_syntax","Full program ends with open scopes","unclosed_scope","19","1","true","true","true","","","","","","","",""
"a7ce7bc54d2674f051f7899e90faf8cb42dbbe82f092e418646aa9e2d4cee5c9","family-588bf424c8a3eb6f83e0","ast_to_source","complete","braces","natural","not_dispatched","Response status: not_dispatched","","","","false","false","false","","","","","","","",""
"a7d3f67dc9236fdf44be9b7d7fa08aafdaf1da682cfda71ea6b234684b12304e","family-588bf424c8a3eb6f83e0","ast_to_source","complete","padded_end","natural","not_dispatched","Response status: not_dispatched","","","","false","false","false","","","","","","","",""
"a810a9f4b70e2a75192b1470cd98e4d518a230f509a5f9edd0269b56bb60d2a9","family-d49bbdef0c1da3ec003b","ast_to_source","complete","named_end","nonce","not_dispatched","Response status: not_dispatched","","","","false","false","false","","","","","","","",""
"a8f9915ec12876df019d764baa604e9a3b9d3d1a5211c7ceca8f99ca0525bdf3","family-9107d7327f5965625d06","ast_to_source","complete","named_end","natural","not_dispatched","Response status: not_dispatched","","","","false","false","false","","","","","","","",""
"a95ced4c56e94a59fab780b05edc3c73cdde8a165db8a386f7321ba0a128bd03","family-9107d7327f5965625d06","ast_to_source","complete","padded_end","natural","not_dispatched","Response status: not_dispatched","","","","false","false","false","","","","","","","",""
"a96ab2ea3a819793f3353e00b8542b9333a44c9954c93b7946f433cc4760dcc6","family-84ee8e7abcf75c0c00c0","ast_to_source","complete","typed_end","nonce","invalid_generated_syntax","Expected gol kori","close_kind_mismatch","57","1","true","true","true","","","","","","","",""
"a997dc94e2498595a25964b85b462c6ad8f91d3f790476f6135a764c9b335817","family-c8136098cc972fa47380","ast_to_source","complete","named_end","nonce","not_dispatched","Response status: not_dispatched","","","","false","false","false","","","","","","","",""
"a9a6af93dba5b01794a9cbb7690a84ace463d96d974d13f9b5e5ce275d7f4075","family-f07d4da4f62998463fb7","source_to_ast","complete","named_end","nonce","not_dispatched","Response status: not_dispatched","","","","false","false","false","","","","","","","",""
"aa140091cf676475e8c0f0f6437c96ee7c1ad42e4ce967537fc7e586a491c470","family-b2fb45e6ee76f6ef3cca","source_to_ast","complete","braces","natural","not_dispatched","Response status: not_dispatched","","","","false","false","false","","","","","","","",""
"ab0879c51479b8ce08373fc406db6eb12c02a87980d547628fc50ff16e0369b7","family-b2fb45e6ee76f6ef3cca","source_to_ast","complete","generic_end","natural","not_dispatched","Response status: not_dispatched","","","","false","false","false","","","","","","","",""
"ab2f0996127626036afab04997cf2e899075ed1d762f7e7da012b2ec3ffe05c8","family-9db4f13345b7e00be2e2","ast_to_source","complete","braces","nonce","invalid_generated_syntax","Close in global scope","underflow","65","1","true","true","true","","","","","","","",""
"ac1d1ec6c593ff5f0b4a631c3cc7dd1ad6b219377dfc826cf9253db5b0c792ec","family-f5488480aa566cbc611a","source_to_ast","complete","padded_end","nonce","not_dispatched","Response status: not_dispatched","","","","false","false","false","","","","","","","",""
"ac3ba9daa3163895cc77b9606176c7101543dff99e29333da5d66b0b35056c46","family-9b108f5ac9f01829ac57","ast_to_source","complete","padded_end","natural","not_dispatched","Response status: not_dispatched","","","","false","false","false","","","","","","","",""
"ac6da5996fa8d0db9dddcd95d49f3b716079fe4448a0c9498416f606a8ae8953","family-e6da7166942b5064330f","ast_to_source","complete","braces","natural","valid_syntax_wrong_ast","Parsed AST differs from the original","","","","true","true","true","","","","","","","",""
"ac7b88c76b6815beca805e66eaf3abfff922af1b5b9347316441cb90ade4bc70","family-e6da7166942b5064330f","source_to_ast","complete","named_end","nonce","not_dispatched","Response status: not_dispatched","","","","false","false","false","","","","","","","",""
"ac9c6d2872ca135c301ffcad1591e3c0ad9f443e336edb108ac5f53294567841","family-65b4cd7b2b5e09ee1914","source_to_ast","complete","named_end","natural","not_dispatched","Response status: not_dispatched","","","","false","false","false","","","","","","","",""
"acc425786d603d7b8af03943d517ca6cc52e080e96909992a16bd6b48bcf8bc1","family-7c86fedf251f95ab14c3","ast_to_source","complete","generic_end","nonce","not_dispatched","Response status: not_dispatched","","","","false","false","false","","","","","","","",""
"acf1f02aa9a969c277434a01358bb92efa06e3a87a9bf71e397209cd37e9e8c5","family-b2fb45e6ee76f6ef3cca","ast_to_source","complete","padded_end","nonce","not_dispatched","Response status: not_dispatched","","","","false","false","false","","","","","","","",""
"ad00cddb261203ddd695334c870848d51f9bc04d0871e5d562761a6a66a56a26","family-e6da7166942b5064330f","ast_to_source","complete","named_end","nonce","not_dispatched","Response status: not_dispatched","","","","false","false","false","","","","","","","",""
"ae39dcea258cd633a231af30d77ad5a883cddefabaf07928b50a4f420851ff0a","family-65b4cd7b2b5e09ee1914","source_to_ast","complete","padded_end","natural","not_dispatched","Response status: not_dispatched","","","","false","false","false","","","","","","","",""
"ae53fe4cb669dceadaebe3506bc6b15c8c13041a22672d2402822d68fbf74a60","family-fa2c4c2706d146e7fcc8","source_to_ast","complete","named_end","nonce","not_dispatched","Response status: not_dispatched","","","","false","false","false","","","","","","","",""
"af0d0afeebebf0bd4da45ef9a63c29fb8925fdec79c4660de7b774158960155a","family-d43ca68a75fec3b4ecfa","source_to_ast","complete","padded_end","nonce","not_dispatched","Response status: not_dispatched","","","","false","false","false","","","","","","","",""
"af239753cc0c7e5dba1061379a2c563dfdbdfccfb861c85840a28677b4d30f93","family-d49bbdef0c1da3ec003b","ast_to_source","complete","typed_end","nonce","not_dispatched","Response status: not_dispatched","","","","false","false","false","","","","","","","",""
"b02689000175d5f8a7b6be795b310602239bb3015ea47d2d1f84a51e08ccdb07","family-f07d4da4f62998463fb7","source_to_ast","complete","generic_end","nonce","not_dispatched","Response status: not_dispatched","","","","false","false","false","","","","","","","",""
"b02c12e939929434c7a2c606c465b7ea8bd15dbbb5471c4ad39aec78549b05fb","family-5bef964f2d6a5e0a88d4","ast_to_source","complete","braces","nonce","not_dispatched","Response status: not_dispatched","","","","false","false","false","","","","","","","",""
"b0614de56a15271eeba0bd046811b9bedd1d48702e837dbf3f6b7019b3d52c6e","family-436650b654d449b3aa21","ast_to_source","complete","typed_end","natural","invalid_generated_syntax","Expected end func","close_kind_mismatch","52","1","true","true","true","","","","","","","",""
"b07d299102c67095ea4d259dcd45270cc11a69b157271a4130aff69f01ac06d6","family-f8892f13d741e19d25a6","ast_to_source","complete","padded_end","nonce","not_dispatched","Response status: not_dispatched","","","","false","false","false","","","","","","","",""
"b0c5aec9d5899870a9ba349cd5053c92643cdeb388946b4cc3890ea67b267b70","family-6ad0bfbab1610179b253","ast_to_source","complete","generic_end","natural","invalid_generated_syntax","Full program ends with open scopes","unclosed_scope","40","1","true","true","true","","","","","","","",""
"b0df1b6eb7cc7a11ed1cf74fe5d392bfd053017420392235b927431a39b00fd0","family-436650b654d449b3aa21","source_to_ast","complete","typed_end","natural","invalid_answer_format","Invalid JSON at offset 2019: Expected ']'","","","","true","true","true","","","","","invalid_json","$","",""
"b0e88eb5db09b6088f17034fb0846f459415ead242efcfdcc6aae355d641281c","family-96da80c5e82416d09035","source_to_ast","complete","named_end","natural","not_dispatched","Response status: not_dispatched","","","","false","false","false","","","","","","","",""
"b18f7c7cd2fe9e589c11129deeba3a51ddd72063cc1ce190bf888e43d7f96ac9","family-1bce1f301dc01c23ef90","source_to_ast","complete","named_end","natural","not_dispatched","Response status: not_dispatched","","","","false","false","false","","","","","","","",""
"b1de189c9f3cbc3ade491854a9514af5de9efb917e44d97516f2128c1b38f08d","family-a41d7f88d59707bd3f2d","source_to_ast","complete","braces","nonce","not_dispatched","Response status: not_dispatched","","","","false","false","false","","","","","","","",""
"b213f666ace08aa101f736d1b2661e9f5cc4db3065de8b7fa6d7123c3d7ae680","family-f6ad25e5a7822dd2777b","source_to_ast","complete","padded_end","nonce","not_dispatched","Response status: not_dispatched","","","","false","false","false","","","","","","","",""
"b26e538d9986646dc275f3ba2f7be0861e677987c10a4d9302299e536dcb078b","family-fbccde68878c4d9d5ba8","source_to_ast","complete","braces","nonce","not_dispatched","Response status: not_dispatched","","","","false","false","false","","","","","","","",""
"b29997524199e552c216ae5d25c5bddc24bbff8c3ef455bbb297543c4951f227","family-9b108f5ac9f01829ac57","ast_to_source","complete","generic_end","natural","not_dispatched","Response status: not_dispatched","","","","false","false","false","","","","","","","",""
"b2ce6dc27106e2c699efb3abd8a18a566555e51310b427ea66788c7860244770","family-96da80c5e82416d09035","source_to_ast","complete","typed_end","nonce","not_dispatched","Response status: not_dispatched","","","","false","false","false","","","","","","","",""
"b2d10008a27a64c881debe560e53ad40b3f96f904026972b83142b7eb26707ca","family-7c86fedf251f95ab14c3","source_to_ast","complete","padded_end","nonce","not_dispatched","Response status: not_dispatched","","","","false","false","false","","","","","","","",""
"b2d51b3743cea4983bb94b3ddbecdddd2d304e4893f2e86ff5ac6fe5713c212f","family-12b66a4f091fcaef2efe","source_to_ast","complete","named_end","natural","invalid_answer_format","Invalid JSON at offset 3192: Extra input after JSON value","","","","true","true","true","","","","","invalid_json","$","",""
"b4c71a4b7a5e2b785282608422a4b3b8d056d6f4ecd1a5c0b299d027b5abf661","family-282ab3333fd63bc6846e","ast_to_source","complete","padded_end","nonce","not_dispatched","Response status: not_dispatched","","","","false","false","false","","","","","","","",""
"b4c7e67a96ad9be9c9eb7503d164ba45f40cdf77d3e131f914b9ab4febfe6747","family-282ab3333fd63bc6846e","ast_to_source","complete","named_end","nonce","not_dispatched","Response status: not_dispatched","","","","false","false","false","","","","","","","",""
"b4dd904567f506d5922d8c87ef915b69ae22649fc14d220f3e6e2332d17876df","family-a41d7f88d59707bd3f2d","source_to_ast","complete","padded_end","nonce","not_dispatched","Response status: not_dispatched","","","","false","false","false","","","","","","","",""
"b54d9a7ebd7c298822ed3cd31c1507a1d835cf77aee07368d1035da80ec036bb","family-7c86fedf251f95ab14c3","ast_to_source","complete","braces","nonce","not_dispatched","Response status: not_dispatched","","","","false","false","false","","","","","","","",""
"b5c8dfdb763ced4dc4235fc03c2d64abad7cf3e1cb3fc070a1a3413c76284c16","family-c8136098cc972fa47380","source_to_ast","complete","generic_end","natural","invalid_answer_format","Invalid JSON at offset 3192: Extra input after JSON value","","","","true","true","true","","","","","invalid_json","$","",""
"b812c363d2b9f8e968d72678922538cb9a1d7f444e48dcebc4fa30cd358d2d10","family-9107d7327f5965625d06","source_to_ast","complete","named_end","nonce","not_dispatched","Response status: not_dispatched","","","","false","false","false","","","","","","","",""
"b8637e62a54931b478146146a70d06eea5e4f21756c6063e096d7cd80c37af69","family-f8892f13d741e19d25a6","ast_to_source","complete","generic_end","nonce","not_dispatched","Response status: not_dispatched","","","","false","false","false","","","","","","","",""
"b91ce857e8a6d665ceb2bc2467760cceab2e4211dc8ef5060899e46cdebe28a9","family-1bce1f301dc01c23ef90","ast_to_source","complete","named_end","natural","not_dispatched","Response status: not_dispatched","","","","false","false","false","","","","","","","",""
"b9961a4a654dc4fde38060372cc15bcfce3606a8e4a1c2141411d6683ee8cac7","family-9bbcab1a11170b7966b1","ast_to_source","complete","generic_end","natural","not_dispatched","Response status: not_dispatched","","","","false","false","false","","","","","","","",""
"b9bfbc03ae51b53e2500a5e99018055770a18000cce8c23505a4136a052c6684","family-65b4cd7b2b5e09ee1914","ast_to_source","complete","padded_end","nonce","not_dispatched","Response status: not_dispatched","","","","false","false","false","","","","","","","",""
"b9fd8d84d88024cf8c840ab3985c57a0c80204242987342f2605be6d93257b94","family-cece3b124d80638a562b","ast_to_source","complete","named_end","natural","not_dispatched","Response status: not_dispatched","","","","false","false","true","","","","","","","",""
"ba2089367e79697d85304d9f55494d9cb0fe09232f069cb88d82202742889aba","family-cece3b124d80638a562b","source_to_ast","complete","generic_end","natural","not_dispatched","Response status: not_dispatched","","","","false","false","false","","","","","","","",""
"bace31cf39757fe628c2acb2afd38bfb99519ca32d63f2b16512b2171fab4eed","family-7c86fedf251f95ab14c3","ast_to_source","complete","padded_end","nonce","not_dispatched","Response status: not_dispatched","","","","false","false","false","","","","","","","",""
"badb0bb8711512c2013bd974dd59df61bdf341dffc02cbbe6010a03d0ed7fe41","family-3563f6e71f7ada1158bf","ast_to_source","complete","padded_end","nonce","invalid_generated_syntax","Full program ends with open scopes","unclosed_scope","60","1","true","true","true","","","","","","","",""
"bb7a5d451b3ba70707e106697346612f04461f55b80ade784f35607d16736b4d","family-c8136098cc972fa47380","ast_to_source","complete","padded_end","nonce","not_dispatched","Response status: not_dispatched","","","","false","false","false","","","","","","","",""
"bb89e833cb26e0268c54b4465bb8ff02f25f74ddc56593f9af8b31496c80403d","family-9cb9fac4063fb72402fe","source_to_ast","complete","padded_end","nonce","not_dispatched","Response status: not_dispatched","","","","false","false","false","","","","","","","",""
"bbd7ed889658d1c90eb9737f8d813b818232b267f1b14728cb7695c6131fc95d","family-695c44822542b0d20813","ast_to_source","complete","braces","natural","not_dispatched","Response status: not_dispatched","","","","false","false","false","","","","","","","",""
"bc035439aed5a5bc3de2d7f09cd24f10f0eb68c51f2469e1e012262e4d9a603c","family-f5488480aa566cbc611a","source_to_ast","complete","braces","natural","not_dispatched","Response status: not_dispatched","","","","false","false","false","","","","","","","",""
"bc81bc177b9361313a615e74a83d09b9c6747f67cf1a4def9a2497ccda6c2ac6","family-1bce1f301dc01c23ef90","ast_to_source","complete","braces","natural","not_dispatched","Response status: not_dispatched","","","","false","false","false","","","","","","","",""
"bce874fc9a2a9b430b6fc2f2d2df841c2dcc519c19ca9d4bb82abc3ffc818e39","family-fbccde68878c4d9d5ba8","source_to_ast","complete","typed_end","natural","not_dispatched","Response status: not_dispatched","","","","false","false","false","","","","","","","",""
"bda85780eff3efccffb37b8fab86c317184fd7d7c0175691164abdc3b4a7e5f8","family-436650b654d449b3aa21","source_to_ast","complete","typed_end","nonce","invalid_answer_format","Invalid JSON at offset 2019: Expected ']'","","","","true","true","true","","","","","invalid_json","$","",""
"bdf4e49800ba537ce9d2ca88a8b45086036cbac5d5dc0bd256d3f4bbde136ab2","family-f8892f13d741e19d25a6","ast_to_source","complete","named_end","nonce","not_dispatched","Response status: not_dispatched","","","","false","false","false","","","","","","","",""
"be537902a8178be71cfe821b50f04de22f35d89f7f93c6603514fd0c4ec8f020","family-2ee81eec6366f90958dc","source_to_ast","complete","typed_end","natural","not_dispatched","Response status: not_dispatched","","","","false","false","false","","","","","","","",""
"bea530f52c25083894339833458ffbf63162e23c9eaecdc271a85806a74b53c0","family-f07d4da4f62998463fb7","source_to_ast","complete","braces","nonce","not_dispatched","Response status: not_dispatched","","","","false","false","false","","","","","","","",""
"bf25f1e312be075bb6a3eea5048240d82df7a55ff3e19a0d38141486f948495c","family-d49bbdef0c1da3ec003b","ast_to_source","complete","generic_end","nonce","not_dispatched","Response status: not_dispatched","","","","false","false","false","","","","","","","",""
"bf447919063c08f1274e8c34ca4bb7850b0bab211e36c9c45a654434d4cdba41","family-84ee8e7abcf75c0c00c0","source_to_ast","complete","braces","nonce","invalid_answer_format","Invalid JSON at offset 2325: Extra input after JSON value","","","","true","true","true","","","","","invalid_json","$","",""
"c1829265e39c0093927cd5ecdada6d2812a7ef19b8c5716ae08fe35c109fe91c","family-1bce1f301dc01c23ef90","source_to_ast","complete","typed_end","natural","not_dispatched","Response status: not_dispatched","","","","false","false","false","","","","","","","",""
"c264aa7cd2041cb8b9d757b91281af4728d27a1ade82e99f485069122064f978","family-20fac567c03b286945bf","ast_to_source","complete","typed_end","nonce","not_dispatched","Response status: not_dispatched","","","","false","false","false","","","","","","","",""
"c2aa69dd761a23d6ee6f084bc36b6ed353e335e0c2188192df794bb6bb22c639","family-65b4cd7b2b5e09ee1914","ast_to_source","complete","typed_end","nonce","not_dispatched","Response status: not_dispatched","","","","false","false","false","","","","","","","",""
"c3385ed123b50f016e811f7d6d87b1189fb79a35bd1cb7612da48c4885f88cb2","family-0c189415a60643700625","source_to_ast","complete","braces","nonce","not_dispatched","Response status: not_dispatched","","","","false","false","false","","","","","","","",""
"c34809079347a4d457b6d8d7674e22ac3b2f9373843a4fc0bc114c77d1e061b0","family-7c86fedf251f95ab14c3","ast_to_source","complete","typed_end","natural","not_dispatched","Response status: not_dispatched","","","","false","false","false","","","","","","","",""
"c41484270e25dffdca7c9e92d44a8dbf81dfe75ca008e58430206ea663a2ba24","family-9b108f5ac9f01829ac57","source_to_ast","complete","typed_end","natural","not_dispatched","Response status: not_dispatched","","","","false","false","false","","","","","","","",""
"c43662d2998c27a2a627b2f081ca30d058d67c4dee0aa9201e2ebf94566da1d7","family-fbccde68878c4d9d5ba8","source_to_ast","complete","typed_end","nonce","not_dispatched","Response status: not_dispatched","","","","false","false","false","","","","","","","",""
"c548ef99ca4da261d70310da748b773487bd276a3e77f78fb36cbaaaa72d542a","family-1bce1f301dc01c23ef90","ast_to_source","complete","padded_end","natural","not_dispatched","Response status: not_dispatched","","","","false","false","false","","","","","","","",""
"c5930bd28533bcf9c9025c9b1d65ed32bc5d72eba9c73fbeda5bf5da29a12a6a","family-96da80c5e82416d09035","source_to_ast","complete","generic_end","nonce","not_dispatched","Response status: not_dispatched","","","","false","false","false","","","","","","","",""
"c6865e4874c5a1c59f40e24f48a6a165f89b0d4d7e582238033620d00c962f30","family-e6da7166942b5064330f","ast_to_source","complete","generic_end","natural","invalid_generated_syntax","Full program ends with open scopes","unclosed_scope","63","1","true","true","true","","","","","","","",""
"c6abf81baa932bbbe6170e0b7feb442859f01877dbd30c1055af5fff1970654d","family-fa2c4c2706d146e7fcc8","ast_to_source","complete","padded_end","natural","not_dispatched","Response status: not_dispatched","","","","false","false","false","","","","","","","",""
"c7833e55b8b2eb8884f93a9c56b043b98ea5729bb6d8b7762a3b3bda08c3c763","family-6ad0bfbab1610179b253","ast_to_source","complete","named_end","nonce","not_dispatched","Response status: not_dispatched","","","","false","false","false","","","","","","","",""
"c7e34cf2df3fc10c9c522384ef0ef01f613856e8d400f5e190a9bdf0fec3cd16","family-3563f6e71f7ada1158bf","ast_to_source","complete","typed_end","nonce","invalid_generated_syntax","Expected wor jomi","close_kind_mismatch","56","1","true","true","true","","","","","","","",""
"c7efc31569d057d4fb41089b7e3d022aac28be05481a0e1e81bed5eb5f0be3da","family-12b66a4f091fcaef2efe","ast_to_source","complete","named_end","nonce","not_dispatched","Response status: not_dispatched","","","","false","false","false","","","","","","","",""
"c8d9e140bd7efc367adb183feda89071d8f13509c5e89a7bd4eadf36ce789b21","family-c8136098cc972fa47380","source_to_ast","complete","padded_end","nonce","invalid_answer_format","Invalid JSON at offset 3192: Extra input after JSON value","","","","true","true","true","","","","","invalid_json","$","",""
"c95c193a1f9afb2afc67199305f218dc807648da64ab3e52791a1036a3554018","family-7b1fd9e33aa96c941a8c","ast_to_source","complete","generic_end","natural","invalid_generated_syntax","Full program ends with open scopes","unclosed_scope","29","1","true","true","true","","","","","","","",""
"c996bd1e2238f7dec04abf17741533ee307b829b6d1839d05683096426e51cc2","family-cece3b124d80638a562b","ast_to_source","complete","generic_end","nonce","api_rejected","Response status: api_rejected","","","","false","true","true","","","","","","","",""
"c9a2ea49835401b38802d0826d78e1f5d85efc1500545694c9b6fa9cea3b6acb","family-fa2c4c2706d146e7fcc8","ast_to_source","complete","named_end","nonce","not_dispatched","Response status: not_dispatched","","","","false","false","false","","","","","","","",""
"c9ce4cce1d0181ec7c6d6500a235e6b8c89f71acc63fbe706d5418c0abe28bda","family-7ffaacd234afcde9266a","source_to_ast","complete","braces","natural","invalid_answer_format","Invalid JSON at offset 1974: Expected ']'","","","","true","true","true","","","","","invalid_json","$","",""
"ca1d6202678831d779c6475ba0f564a11c012da40f9281cc8a2064c595de2d1f","family-65b4cd7b2b5e09ee1914","source_to_ast","complete","typed_end","natural","not_dispatched","Response status: not_dispatched","","","","false","false","false","","","","","","","",""
"cad1829db71b339360809b631e089c8f7eaccb36593203ceefd192a8e23ec856","family-9bbcab1a11170b7966b1","ast_to_source","complete","typed_end","natural","not_dispatched","Response status: not_dispatched","","","","false","false","false","","","","","","","",""
"cae3f0d95fbf5429cbee310d2ed5e736494a8bd90c0cadb3eae19459050e648a","family-84ee8e7abcf75c0c00c0","source_to_ast","complete","named_end","nonce","invalid_answer_format","Invalid JSON at offset 2325: Extra input after JSON value","","","","true","true","true","","","","","invalid_json","$","",""
"cb5f2fb77c95009902eac35f7692ae3fb41cae0b6ad269a5ffd69cf639548de5","family-9cb9fac4063fb72402fe","ast_to_source","complete","padded_end","natural","not_dispatched","Response status: not_dispatched","","","","false","false","false","","","","","","","",""
"cbb40d8d70ccec021e00dc760fdefabfce0fae3f794fa7fb498f770b0ee39038","family-588bf424c8a3eb6f83e0","source_to_ast","complete","generic_end","nonce","not_dispatched","Response status: not_dispatched","","","","false","false","false","","","","","","","",""
"cca6addd41c34adcb1c82c07d0c5e21fab539719dc9d8a996a7a9135a18e0037","family-2ee81eec6366f90958dc","source_to_ast","complete","typed_end","nonce","not_dispatched","Response status: not_dispatched","","","","false","false","false","","","","","","","",""
"ccec93d1c028aa3d25de45a429933b4925ab2a4d306ffdc0ff7e4a8660fefb44","family-7ffaacd234afcde9266a","source_to_ast","complete","braces","nonce","invalid_answer_format","Invalid JSON at offset 1976: Extra input after JSON value","","","","true","true","true","","","","","invalid_json","$","",""
"cd1208358d9d3ea50c7f40ca34085d01e5830e0c358c94c6ac073796a0af0f0d","family-3ee1bbf1eb46287cb477","ast_to_source","complete","padded_end","natural","invalid_generated_syntax","Full program ends with open scopes","unclosed_scope","51","1","true","true","true","","","","","","","",""
"cd369636503864e875c377d42e150c501656015906d19f984d9c4f1c901939ed","family-2ee81eec6366f90958dc","ast_to_source","complete","padded_end","natural","invalid_generated_syntax","Full program ends with open scopes","unclosed_scope","54","1","true","true","true","","","","","","","",""
"cd9148f0cfa8e631bce743af9da076090bb09c3ae50c8d2024c3bab24b29ecd4","family-fde68d1cf440abeeabbc","source_to_ast","complete","named_end","natural","not_dispatched","Response status: not_dispatched","","","","false","false","false","","","","","","","",""
"cdff721b1998d94e85d061b8d8a1826cb340758b45a644663f79697f8217e5e8","family-695c44822542b0d20813","ast_to_source","complete","typed_end","nonce","valid_syntax_wrong_ast","Parsed AST differs from the original","","","","true","true","true","","","","","","","",""
"ce2e9d3a47142e31be3e53723b8899adb00a20229ee3bb238763f4373222eb56","family-3d27370bd591e4decece","source_to_ast","complete","generic_end","natural","not_dispatched","Response status: not_dispatched","","","","false","false","false","","","","","","","",""
"ce91459c754a6122018c6fbc73846647dac464a0b885348a5bedf79a6c08ee78","family-fde68d1cf440abeeabbc","ast_to_source","complete","padded_end","natural","not_dispatched","Response status: not_dispatched","","","","false","false","false","","","","","","","",""
"ce9508b58a6a8ae677e8252be86841ebb9503c20c40faa0344cf3dd16fc76fef","family-9db4f13345b7e00be2e2","ast_to_source","complete","padded_end","natural","not_dispatched","Response status: not_dispatched","","","","false","false","false","","","","","","","",""
"cebc59e6fd576c30ae0cfee07f0b59563040b914fd925c3ccc992504b209b643","family-588bf424c8a3eb6f83e0","ast_to_source","complete","named_end","natural","not_dispatched","Response status: not_dispatched","","","","false","false","false","","","","","","","",""
"cf3d7db2bf506bf224328881b971c6ba3a9e4c7d0cf3812d2a8550c58322762d","family-588bf424c8a3eb6f83e0","source_to_ast","complete","padded_end","nonce","not_dispatched","Response status: not_dispatched","","","","false","false","false","","","","","","","",""
"cf4f64e23c7d7e24ca2b4f3a2d3b459a38e5f5fe1da3eba8242e738432c159bc","family-15457ec44c70d875cf8e","source_to_ast","complete","generic_end","nonce","not_dispatched","Response status: not_dispatched","","","","false","false","false","","","","","","","",""
"cfae4311b5a8529a872808fe5c63e6b0ba9b370f9f1af200ea15153a0fc9c05e","family-e6da7166942b5064330f","source_to_ast","complete","braces","nonce","not_dispatched","Response status: not_dispatched","","","","false","false","false","","","","","","","",""
"cffee371cffbc723a8d39089a900ad3d36c870a655ffc9e4bbcd760d1dd6f90a","family-6ad0bfbab1610179b253","source_to_ast","complete","typed_end","natural","not_dispatched","Response status: not_dispatched","","","","false","false","false","","","","","","","",""
"d127cc49b6932004b524c1011c8609c32f91e96d9d973b74e478f73c7ed942f1","family-f8892f13d741e19d25a6","ast_to_source","complete","typed_end","nonce","not_dispatched","Response status: not_dispatched","","","","false","false","false","","","","","","","",""
"d1457604ca727e9116bad8338aeb25ba95e9eb9ada0165296d47642b2bbdfce2","family-c8136098cc972fa47380","ast_to_source","complete","generic_end","natural","not_dispatched","Response status: not_dispatched","","","","false","false","false","","","","","","","",""
"d1a9f52241250b7a190d933eb75b976d07b4141af998e136e286292cd0c8f22c","family-d087ce4fdbc60321d22c","ast_to_source","complete","braces","natural","invalid_generated_syntax","Full program ends with open scopes","unclosed_scope","87","1","true","true","true","","","","","","","",""
"d1d6cb2b600a4acc95f11759c467aaa82e68ed6d09aebd01481839a55dd39597","family-1bce1f301dc01c23ef90","ast_to_source","complete","typed_end","natural","not_dispatched","Response status: not_dispatched","","","","false","false","false","","","","","","","",""
"d24b68360db5f832b3f7b70e158043658d6a3d3c0e2fe107f7105eb6e87c1458","family-7c86fedf251f95ab14c3","source_to_ast","complete","typed_end","nonce","not_dispatched","Response status: not_dispatched","","","","false","false","false","","","","","","","",""
"d259249891834c441543a892c41487de3f29ac4dbcbf692f40f404859b70ad2c","family-d43ca68a75fec3b4ecfa","source_to_ast","complete","generic_end","natural","not_dispatched","Response status: not_dispatched","","","","false","false","false","","","","","","","",""
"d27173102ba6904ab6ad213e83bf8340a6f94dccdbbd8711906bdc5e0124b044","family-18f5da329306773bcaa3","ast_to_source","complete","typed_end","natural","not_dispatched","Response status: not_dispatched","","","","false","false","false","","","","","","","",""
"d2749af3f013a89268031cd1f25b204d302e217758b8da84ffe9f158236288a7","family-2ee81eec6366f90958dc","source_to_ast","complete","generic_end","natural","not_dispatched","Response status: not_dispatched","","","","false","false","false","","","","","","","",""
"d2b5b5556c2ba42f89ad8602c67daf1baae4866e044cfbf156bfc459b3efbc98","family-f19c5e9a557080b18b95","source_to_ast","complete","braces","nonce","not_dispatched","Response status: not_dispatched","","","","false","false","false","","","","","","","",""
"d2f936b7a570c4222aab6b87436123a754fc2e944faba7ecd70a1930924c5dcc","family-5bef964f2d6a5e0a88d4","source_to_ast","complete","typed_end","natural","not_dispatched","Response status: not_dispatched","","","","false","false","false","","","","","","","",""
"d3c9002ba77fa8248ffb64e15dd717e0ae1bc86f089b46a2bff8563b962ef451","family-f6ad25e5a7822dd2777b","source_to_ast","complete","typed_end","nonce","not_dispatched","Response status: not_dispatched","","","","false","false","false","","","","","","","",""
"d3da6e20d08daa5bb5fcf86b42f17e0a1e157d55f853f21b76c0a0b8ba64a9db","family-436650b654d449b3aa21","source_to_ast","complete","padded_end","nonce","invalid_answer_format","Invalid JSON at offset 2019: Expected ']'","","","","true","true","true","","","","","invalid_json","$","",""
"d47ab2c8686170f2e3b2d4e836dbef1f5a49b22919739510b86c8f5491446a3a","family-588bf424c8a3eb6f83e0","source_to_ast","complete","generic_end","natural","not_dispatched","Response status: not_dispatched","","","","false","false","false","","","","","","","",""
"d4a29a96c7f982bcf020bec0dfe4fb962a66b9edc8d37c45137d61f47be2d97d","family-7c86fedf251f95ab14c3","source_to_ast","complete","named_end","nonce","not_dispatched","Response status: not_dispatched","","","","false","false","false","","","","","","","",""
"d4c6da1e46b3c8cb6ef1c98deb4d01dd857b945cefd8d35f036ca39e52ddd8ee","family-0c189415a60643700625","ast_to_source","complete","named_end","nonce","not_dispatched","Response status: not_dispatched","","","","false","false","false","","","","","","","",""
"d5478d89e233dc6b6405b856e8e38129976aadf4d39ddfbfe73b0e746fa42669","family-18f5da329306773bcaa3","ast_to_source","complete","generic_end","natural","not_dispatched","Response status: not_dispatched","","","","false","false","false","","","","","","","",""
"d5b942fc035c64ea87d411cf6469d03be24c4f28e3f76d4de298560c590a13d4","family-f19c5e9a557080b18b95","source_to_ast","complete","braces","natural","not_dispatched","Response status: not_dispatched","","","","false","false","false","","","","","","","",""
"d5c4efffe6e4301a110df47ac70a83a83c8574ae89a86d8b8b80f8f4c98b71fd","family-15457ec44c70d875cf8e","source_to_ast","complete","named_end","nonce","not_dispatched","Response status: not_dispatched","","","","false","false","false","","","","","","","",""
"d66cc68c94d522e6e3fdfbfaf7358f54f3650386e5532856c52e3758dfd590d2","family-3563f6e71f7ada1158bf","source_to_ast","complete","padded_end","natural","not_dispatched","Response status: not_dispatched","","","","false","false","false","","","","","","","",""
"d68d93f3b5fa0f7250b7e5291abfec5e6dc292ab8f5205d6810fdd040ef52ef6","family-3ee1bbf1eb46287cb477","ast_to_source","complete","braces","natural","invalid_generated_syntax","Full program ends with open scopes","unclosed_scope","54","1","true","true","true","","","","","","","",""
"d7bdebf7bd7f94f4a6766d5a76ab7c02fe643e232324e4df6a20ceee5339aa12","family-588bf424c8a3eb6f83e0","ast_to_source","complete","generic_end","natural","not_dispatched","Response status: not_dispatched","","","","false","false","false","","","","","","","",""
"d9f4c95e4e039d4cdce97a2e19d6435349428a2b3d359ed2a802574076817ea6","family-f19c5e9a557080b18b95","source_to_ast","complete","padded_end","nonce","not_dispatched","Response status: not_dispatched","","","","false","false","false","","","","","","","",""
"daaa29809343ed6fedbb12eb6f0615931ef47db10155fa123477b5e9204765ec","family-7ffaacd234afcde9266a","source_to_ast","complete","generic_end","natural","invalid_answer_format","Invalid JSON at offset 1974: Expected ']'","","","","true","true","true","","","","","invalid_json","$","",""
"db6d6955e2fa57979e45c731b8276564c758f7f5313d02be4e8adc9585a0df5e","family-84ee8e7abcf75c0c00c0","ast_to_source","complete","padded_end","natural","invalid_generated_syntax","Full program ends with open scopes","unclosed_scope","60","1","true","true","true","","","","","","","",""
"db9f00e4f5aabf210dcc20a4cbff8e27e61e7c5bd8e6048721d6490797e191c2","family-d43ca68a75fec3b4ecfa","source_to_ast","complete","typed_end","nonce","not_dispatched","Response status: not_dispatched","","","","false","false","false","","","","","","","",""
"dc74e1f7bd1259414e5eeb5e04a6d6bf52c4f8266653a6bc3f1aab0db9daa465","family-f19c5e9a557080b18b95","source_to_ast","complete","named_end","natural","not_dispatched","Response status: not_dispatched","","","","false","false","false","","","","","","","",""
"dc87a980a2c287930ac4037d179c4f33c72f90d08f2ecafb11d67577c5a6907a","family-f07d4da4f62998463fb7","source_to_ast","complete","typed_end","natural","not_dispatched","Response status: not_dispatched","","","","false","false","false","","","","","","","",""
"dce9f2e2cc51731fea96b31b411614be6e5c5f45c45608df04d2901f4be7cabc","family-b2fb45e6ee76f6ef3cca","ast_to_source","complete","typed_end","nonce","not_dispatched","Response status: not_dispatched","","","","false","false","false","","","","","","","",""
"de39d64425228f5cc4ec45b059be9650b95b2e606ab0fb0e040f924f521ea144","family-436650b654d449b3aa21","source_to_ast","complete","generic_end","natural","invalid_answer_format","Invalid JSON at offset 2019: Expected ']'","","","","true","true","true","","","","","invalid_json","$","",""
"de6244a1d90e4a0aceb76858949c2268e81f8ef535d97fdedb9f3faeb44bd91c","family-436650b654d449b3aa21","source_to_ast","complete","padded_end","natural","invalid_answer_format","Invalid JSON at offset 2019: Expected ']'","","","","true","true","true","","","","","invalid_json","$","",""
"de97d66bfd083b3ad15d7cad503e593c3694b6e0e731af46137fa86cb49af73f","family-84ee8e7abcf75c0c00c0","source_to_ast","complete","generic_end","natural","invalid_answer_format","Invalid JSON at offset 2325: Extra input after JSON value","","","","true","true","true","","","","","invalid_json","$","",""
"deb0fdf7e6ee5026f959f76023e9f2dd921e1a9c44e3a39fe1f0998247154d75","family-f19c5e9a557080b18b95","source_to_ast","complete","typed_end","nonce","not_dispatched","Response status: not_dispatched","","","","false","false","false","","","","","","","",""
"def60eab3bb0bcb2e4877a51fe742cef15bd917b6e8123fe775f7c8fe38359ee","family-436650b654d449b3aa21","ast_to_source","complete","generic_end","nonce","invalid_generated_syntax","Full program ends with open scopes","unclosed_scope","52","1","true","true","true","","","","","","","",""
"df9b1244b802c758ed1ebfd5d6436da5d4c63690302552550f9808afc5f0bd55","family-3ee1bbf1eb46287cb477","source_to_ast","complete","typed_end","natural","invalid_answer_format","Invalid JSON at offset 1974: Expected ']'","","","","true","true","true","","","","","invalid_json","$","",""
"e135d67f13d716d33f5fd5e42e31be0605a21a1ea2c53be94147450ba7d784af","family-20fac567c03b286945bf","source_to_ast","complete","named_end","natural","not_dispatched","Response status: not_dispatched","","","","false","false","false","","","","","","","",""
"e1f8631d8804cbcd399d61ca189a112efc2eaf7cf0ccbadfe17d52ff30b89b37","family-7ffaacd234afcde9266a","source_to_ast","complete","named_end","nonce","invalid_answer_format","Invalid JSON at offset 1974: Expected ']'","","","","true","true","true","","","","","invalid_json","$","",""
"e1fc0fe2a59b6f4ba72ed98f3f9a4e6c6c4a27fa22a08d340e8021bf8bb686bf","family-a41d7f88d59707bd3f2d","ast_to_source","complete","padded_end","natural","not_dispatched","Response status: not_dispatched","","","","false","false","false","","","","","","","",""
"e385f3ac6a70df0135a6143444ee5482d32e6a176d5019059f394655bad1af35","family-0c189415a60643700625","ast_to_source","complete","braces","natural","not_dispatched","Response status: not_dispatched","","","","false","false","false","","","","","","","",""
"e39ab9f586324bdf00e9c23067487307df0d956d487125e9f24e3151ac3e1610","family-3ee1bbf1eb46287cb477","source_to_ast","complete","braces","natural","invalid_answer_format","Invalid JSON at offset 1976: Extra input after JSON value","","","","true","true","true","","","","","invalid_json","$","",""
"e39fcec95a796af29fae1d5453da69b68cf58c83d91067735e3b67dea341c370","family-e6da7166942b5064330f","ast_to_source","complete","braces","nonce","not_dispatched","Response status: not_dispatched","","","","false","false","false","","","","","","","",""
"e436dfa46751ec30bbe455f071d8ba153a8c8d591eb93f1bed9000c18e8f03c5","family-588bf424c8a3eb6f83e0","source_to_ast","complete","braces","natural","not_dispatched","Response status: not_dispatched","","","","false","false","false","","","","","","","",""
"e4f6641703e681d5f83f9e41f73411ca68f7830cfec9396d5d43e88ddc1b2d54","family-f07d4da4f62998463fb7","ast_to_source","complete","braces","nonce","invalid_generated_syntax","Full program ends with open scopes","unclosed_scope","39","1","true","true","true","","","","","","","",""
"e502f31ea8b41f3ad7772301bc4be38f69409a301d91e319d8c33f047629ffe5","family-f19c5e9a557080b18b95","source_to_ast","complete","generic_end","natural","not_dispatched","Response status: not_dispatched","","","","false","false","false","","","","","","","",""
"e569721a77a4cce2f546288ac6bb822335c96ca29d8e50bd5a1a572df7ad3419","family-fa2c4c2706d146e7fcc8","ast_to_source","complete","generic_end","nonce","not_dispatched","Response status: not_dispatched","","","","false","false","false","","","","","","","",""
"e5fc24b1c87523b287c38d24536bc57c45358610d3bbbb8bad75eacefefd6e2b","family-9107d7327f5965625d06","source_to_ast","complete","typed_end","nonce","not_dispatched","Response status: not_dispatched","","","","false","false","false","","","","","","","",""
"e61183c1950cdba67addf2ae22447835db36f1736a33da27805a66ad02355f0a","family-5bef964f2d6a5e0a88d4","ast_to_source","complete","padded_end","nonce","not_dispatched","Response status: not_dispatched","","","","false","false","false","","","","","","","",""
"e6a4f8faa5abfff561adca377920799d4d862c9b2866835b816b38cbe4d1bf90","family-9107d7327f5965625d06","source_to_ast","complete","named_end","natural","not_dispatched","Response status: not_dispatched","","","","false","false","false","","","","","","","",""
"e9122e9d664b5725d98bc8301364996a8efa781232801267268a5fdf19920be3","family-18f5da329306773bcaa3","ast_to_source","complete","padded_end","nonce","not_dispatched","Response status: not_dispatched","","","","false","false","false","","","","","","","",""
"ea6e2a85f30a1d30681a29bbf5b3e658ccfdac1bb7b8b26283cd1297317cf9e5","family-12b66a4f091fcaef2efe","ast_to_source","complete","padded_end","natural","invalid_generated_syntax","Full program ends with open scopes","unclosed_scope","83","1","true","true","true","","","","","","","",""
"eb673dcc47c4bc861aa62397a613b1770e5a9e44764c06cf947651cc7fdce6d2","family-0c189415a60643700625","source_to_ast","complete","padded_end","nonce","not_dispatched","Response status: not_dispatched","","","","false","false","false","","","","","","","",""
"ecb192c3a74303375a1f236f56563aa359f4f9a457f011e85ced5c2dc769d93f","family-9107d7327f5965625d06","ast_to_source","complete","padded_end","nonce","invalid_generated_syntax","Full program ends with open scopes","unclosed_scope","85","1","true","true","true","","","","","","","",""
"ed650c9d6800cf39a3164e15c17156c40b32b540fd9dd7dff8cece5b8f490488","family-54a567bb1c424886c9e2","ast_to_source","complete","padded_end","natural","invalid_generated_syntax","Full program ends with open scopes","unclosed_scope","19","1","true","true","true","","","","","","","",""
"ed6c78742e00917b81b66be8114e6998062c2b4c08c5c3c5cbc0ea5ebc643597","family-9db4f13345b7e00be2e2","source_to_ast","complete","braces","nonce","not_dispatched","Response status: not_dispatched","","","","false","false","false","","","","","","","",""
"ed87ea41cf1747d66465cc6c87803e74c51322bd48460672e335a80e5e30ae4e","family-f5488480aa566cbc611a","source_to_ast","complete","named_end","nonce","not_dispatched","Response status: not_dispatched","","","","false","false","false","","","","","","","",""
"ed934913c28734bfaf27e16d04357cc9860458c19c2a2f13a706180146f95ef5","family-fa2c4c2706d146e7fcc8","ast_to_source","complete","typed_end","natural","not_dispatched","Response status: not_dispatched","","","","false","false","false","","","","","","","",""
"edb5e2c8d5306a4d7f3f6779e23fd7495d6bc78e9e13775671333c104b4a050e","family-f8892f13d741e19d25a6","ast_to_source","complete","named_end","natural","not_dispatched","Response status: not_dispatched","","","","false","false","false","","","","","","","",""
"ede7d09f85aa53173c318ca2d3ea577d991c0ee602e4046234a0158ea9286a81","family-84ee8e7abcf75c0c00c0","source_to_ast","complete","typed_end","nonce","invalid_answer_format","Invalid JSON at offset 2325: Extra input after JSON value","","","","true","true","true","","","","","invalid_json","$","",""
"ee50bba2a8595f96ede4618eda7e8843652901289ce428694a5313a4a989de62","family-7ffaacd234afcde9266a","ast_to_source","complete","braces","natural","invalid_generated_syntax","Full program ends with open scopes","unclosed_scope","55","1","true","true","true","","","","","","","",""
"ef3ee4018aaa53c983f38925c50ee7758eac69239a4bbcdaa0f85b1b57bc2fdd","family-84ee8e7abcf75c0c00c0","ast_to_source","complete","braces","nonce","invalid_generated_syntax","Full program ends with open scopes","unclosed_scope","63","1","true","true","true","","","","","","","",""
"ef67fca1f0dafb540b678039ae709684eb24b9e2aba5a10afaabcc79718f3ec1","family-cece3b124d80638a562b","ast_to_source","complete","typed_end","nonce","api_rejected","Response status: api_rejected","","","","false","true","true","","","","","","","",""
"ef6b265588a1cdf86aa061d08267358571b24c3f9a6fe6afca9da34c7cce2c0a","family-c8136098cc972fa47380","source_to_ast","complete","padded_end","natural","invalid_answer_format","Invalid JSON at offset 3192: Extra input after JSON value","","","","true","true","true","","","","","invalid_json","$","",""
"ef95d62ae84988b4b3b3673758f90c76f9b4f5dd6ce194175828f428efb6edd9","family-cece3b124d80638a562b","source_to_ast","complete","braces","natural","not_dispatched","Response status: not_dispatched","","","","false","false","false","","","","","","","",""
"f08336870e1df926099864f10fb21b3c08db5e2704848bf7ba3142b607f13507","family-15457ec44c70d875cf8e","source_to_ast","complete","generic_end","natural","invalid_answer_format","Invalid JSON at offset 1181: Extra input after JSON value","","","","true","true","true","","","","","invalid_json","$","",""
"f131dab5013947697f0d34243e6f9fd150edf92b65e82b0216d0d49f82a48d19","family-a41d7f88d59707bd3f2d","ast_to_source","complete","typed_end","natural","not_dispatched","Response status: not_dispatched","","","","false","false","false","","","","","","","",""
"f20f7dc8017214c3e7820479d850b1e0c0df448bb911726d6b5cefa1350a8f5b","family-9bbcab1a11170b7966b1","source_to_ast","complete","generic_end","natural","not_dispatched","Response status: not_dispatched","","","","false","false","false","","","","","","","",""
"f21b6d7c33b3830e62e2d805beabde7ad90f44b6170ffb49aeeca45fae539b3e","family-18f5da329306773bcaa3","ast_to_source","complete","braces","natural","not_dispatched","Response status: not_dispatched","","","","false","false","false","","","","","","","",""
"f23c30f161a126ce6686ba943334e1d756e263a7d3ffe16a879b54d58bc2c4f2","family-7b1fd9e33aa96c941a8c","ast_to_source","complete","generic_end","nonce","not_dispatched","Response status: not_dispatched","","","","false","false","false","","","","","","","",""
"f2413cbd43cb7256f2b6c77f6ceee5d9ec1fc467f748d02338dffdfc50bc11f4","family-116e071d00ed5fd66db8","source_to_ast","complete","generic_end","natural","not_dispatched","Response status: not_dispatched","","","","false","false","false","","","","","","","",""
"f2c4a84e6f570316474a9408eb1e128b35409d6661ee31b83a21b89d12d960eb","family-f19c5e9a557080b18b95","ast_to_source","complete","padded_end","nonce","invalid_generated_syntax","Full program ends with open scopes","unclosed_scope","59","1","true","true","true","","","","","","","",""
"f36687fa3a706a54752d935c11f0e4b8506bd8074a8dec740a3721064c015b8d","family-cece3b124d80638a562b","ast_to_source","complete","padded_end","nonce","api_rejected","Response status: api_rejected","","","","false","true","true","","","","","","","",""
"f3b75f6580aec3ad24bcbacf4c7dabf67d29aad4a4969b54aac5dfb6f789f627","family-b2fb45e6ee76f6ef3cca","ast_to_source","complete","named_end","nonce","not_dispatched","Response status: not_dispatched","","","","false","false","false","","","","","","","",""
"f418083e3b2e19e1201a3d5f79fad8a263b058b7eea54fba1a107dcdaac785ca","family-695c44822542b0d20813","ast_to_source","complete","padded_end","natural","not_dispatched","Response status: not_dispatched","","","","false","false","false","","","","","","","",""
"f42552c9cd5559098dc99d607a33bcd0195d7b8f45ef57a43147210cc75858de","family-588bf424c8a3eb6f83e0","source_to_ast","complete","typed_end","natural","not_dispatched","Response status: not_dispatched","","","","false","false","false","","","","","","","",""
"f6fe16ec9f394ae7f5ff65af357664eada4c59a51027b955a670aee10e054ca7","family-5bef964f2d6a5e0a88d4","ast_to_source","complete","typed_end","natural","invalid_generated_syntax","Expected end area","close_kind_mismatch","58","1","true","true","true","","","","","","","",""
"f7039511bdb205edb1b4b7710c1e27f643f160da18bbd1e550a20b1aa9bcbb20","family-c8136098cc972fa47380","ast_to_source","complete","braces","natural","not_dispatched","Response status: not_dispatched","","","","false","false","false","","","","","","","",""
"f70707bcd83a4f75437aba7436582f4cc6c86b04ef80483f9986a02a7a3c618b","family-cece3b124d80638a562b","ast_to_source","complete","padded_end","natural","not_dispatched","Response status: not_dispatched","","","","false","false","true","","","","","","","",""
"f70879249d27d1bb71e03e323ba26385a24bff7ca020ccf934cbdb712bc8db11","family-84ee8e7abcf75c0c00c0","ast_to_source","complete","typed_end","natural","invalid_generated_syntax","Expected end area","close_kind_mismatch","58","1","true","true","true","","","","","","","",""
"f725dcf41b9fb321a70f9f0768cc5f1c21e2835f4ba8301e95cd23c638a98b81","family-c8136098cc972fa47380","ast_to_source","complete","braces","nonce","not_dispatched","Response status: not_dispatched","","","","false","false","false","","","","","","","",""
"f75f4eff2cdc2572aa435cc14903278d2ba37a4f0a76eb067641dd56f63a6bf4","family-cece3b124d80638a562b","ast_to_source","complete","named_end","nonce","api_rejected","Response status: api_rejected","","","","false","true","true","","","","","","","",""
"f7cc3fae31b296ed374d598983115c2bb5c407314d18b2d968ce3f8c1612a31b","family-588bf424c8a3eb6f83e0","source_to_ast","complete","named_end","natural","not_dispatched","Response status: not_dispatched","","","","false","false","false","","","","","","","",""
"f85102b8800d83d12c69f910f8f6372992f652417a03a6a78757754649ee0828","family-7ffaacd234afcde9266a","ast_to_source","complete","typed_end","natural","invalid_generated_syntax","Expected end func","close_kind_mismatch","50","1","true","true","true","","","","","","","",""
"f8d9077ee2fc12334d064ca751723e4303215cde5c5ae76ff9e2247239b0ed45","family-d087ce4fdbc60321d22c","source_to_ast","complete","braces","nonce","invalid_answer_format","Invalid JSON at offset 3237: Extra input after JSON value","","","","true","true","true","","","","","invalid_json","$","",""
"f8f46235221cac604ed2f55c521c702dc1de60e9be6bce9754b58606e188ad96","family-e9c7e641de56d7fa4b38","ast_to_source","complete","padded_end","nonce","not_dispatched","Response status: not_dispatched","","","","false","false","false","","","","","","","",""
"f8f99207e4c9e1f3dbe4f9daff7156bd50ac0ce8f92730769b2cb194f7802fff","family-f6ad25e5a7822dd2777b","ast_to_source","complete","padded_end","nonce","invalid_generated_syntax","Full program ends with open scopes","unclosed_scope","19","1","true","true","true","","","","","","","",""
"f938206d4009cf2a856228fb8cb5668d6e92aa5236a7413857da39bdf3d399cf","family-c8136098cc972fa47380","ast_to_source","complete","typed_end","nonce","not_dispatched","Response status: not_dispatched","","","","false","false","false","","","","","","","",""
"f96df46f539d8c4182fd911f86bca488f861d606be48ce0491945afbfb6ccc36","family-7c86fedf251f95ab14c3","ast_to_source","complete","braces","natural","not_dispatched","Response status: not_dispatched","","","","false","false","false","","","","","","","",""
"f9b1d08438abe1631ca8744603264ba5d6c07abdf118abd51e0b131401ca699e","family-f6ad25e5a7822dd2777b","source_to_ast","complete","braces","nonce","not_dispatched","Response status: not_dispatched","","","","false","false","false","","","","","","","",""
"f9e682a320adab7df0b55d01ee3b0f016a5689c9fcb93e495bbbfc7f937a3f6f","family-f19c5e9a557080b18b95","ast_to_source","complete","padded_end","natural","not_dispatched","Response status: not_dispatched","","","","false","false","false","","","","","","","",""
"fab752ef030cf3db188244a9207752144c4d63f647ecf2d6c27fe2499ad2cc5e","family-436650b654d449b3aa21","ast_to_source","complete","generic_end","natural","invalid_generated_syntax","Full program ends with open scopes","unclosed_scope","53","1","true","true","true","","","","","","","",""
"fb44baecd5a7884cc95304783ea0e08e5bed202d3c6e9b9235b1b9cfa485ebf2","family-b2fb45e6ee76f6ef3cca","ast_to_source","complete","generic_end","natural","invalid_generated_syntax","Invalid nop","invalid_nop","45","1","true","true","true","","","","","","","",""
"fb577161192583507f75df47bb832c374ac3e3d5e67653f71d2fc80984952ff9","family-7c86fedf251f95ab14c3","ast_to_source","complete","padded_end","natural","not_dispatched","Response status: not_dispatched","","","","false","false","false","","","","","","","",""
"fbe47c4379e5c9c55b813bbd87c1009d8f33a3179b0007f8ced22039250df1c1","family-7c86fedf251f95ab14c3","ast_to_source","complete","typed_end","nonce","not_dispatched","Response status: not_dispatched","","","","false","false","false","","","","","","","",""
"fbf602931a8187c1c27aacceefd371ffe75d386367bff23673f43457a1d31f12","family-d087ce4fdbc60321d22c","source_to_ast","complete","generic_end","natural","invalid_answer_format","Invalid JSON at offset 3237: Extra input after JSON value","","","","true","true","true","","","","","invalid_json","$","",""
"fc97380c59b0a3846b1e1e9cdf030905a71b2af828bcc24fd521b3a29fbe47fc","family-12b66a4f091fcaef2efe","source_to_ast","complete","named_end","nonce","not_dispatched","Response status: not_dispatched","","","","false","false","false","","","","","","","",""
"fdc1fdb02aafe60ca95e0c7125572f922add2bf63fa9964e355fac9aba08a3b1","family-12b66a4f091fcaef2efe","source_to_ast","complete","generic_end","natural","invalid_answer_format","Invalid JSON at offset 3192: Extra input after JSON value","","","","true","true","true","","","","","invalid_json","$","",""
"fe46ace8496609879ca11eca46b8ae34635647f0f4e590f7e8da21933241e6eb","family-9107d7327f5965625d06","source_to_ast","complete","padded_end","nonce","not_dispatched","Response status: not_dispatched","","","","false","false","false","","","","","","","",""
"fe7ed69bc331b79714559972ef18aa215b1f2e9cf708275576f8691c351b1321","family-9107d7327f5965625d06","source_to_ast","complete","padded_end","natural","not_dispatched","Response status: not_dispatched","","","","false","false","false","","","","","","","",""
"fea19cf370439fa8caedd6ee406ad9aa8a17b72ce7b61cbce91cfb943f9e6991","family-9bbcab1a11170b7966b1","ast_to_source","complete","named_end","natural","not_dispatched","Response status: not_dispatched","","","","false","false","false","","","","","","","",""
"fedea876e0907732d385f446cbfbd05235e0aa523ab50bbe5fcca1c79cabe74a","family-c8136098cc972fa47380","ast_to_source","complete","typed_end","natural","not_dispatched","Response status: not_dispatched","","","","false","false","false","","","","","","","",""
"ff22dbebbba2c89cbcf1fab6ea5460e73d938227fcf50219d067202c469d4e15","family-d43ca68a75fec3b4ecfa","source_to_ast","complete","braces","natural","not_dispatched","Response status: not_dispatched","","","","false","false","false","","","","","","","",""
"ff542979523da56b166b9ffe25c611ca0f85dc2a04b87c84faeb934e05855a85","family-7c86fedf251f95ab14c3","ast_to_source","complete","named_end","nonce","not_dispatched","Response status: not_dispatched","","","","false","false","false","","","","","","","",""
"ff7ea9d1f4bf4d123efbd55c2448d3dfcdc838f33c8a52bdb3bf4f6c01cffe0a","family-9bbcab1a11170b7966b1","source_to_ast","complete","padded_end","natural","not_dispatched","Response status: not_dispatched","","","","false","false","false","","","","","","","",""
"ffdf04f02a9cbe8f25a4f0247e4fb1e77825465cc21c68e4d6dbe721fdfcb1d8","family-7a94bb192d773c4b1b89","source_to_ast","complete","generic_end","nonce","valid_syntax_wrong_ast","AST differs from the original","","","","true","true","true","","","","","","","extra_child","$.body[2].body[1].body[2]"
