"trial_id","family_id","task","view","style","lexical_regime","outcome","reason","first_parse_error_code","first_parse_error_line","first_parse_error_column","model_evaluable","dispatched","terminal","element_count_difference","unknown_names","closed_names","order_mismatch"
"00054f53f430ba981b805edfe6e5c1013479f406de95644fe0cb8d430f7fc729","family-bd3c2969cbd85fad559f","scope_lookup","after_close","named_end","nonce","not_dispatched","Response status: not_dispatched","","","","false","false","false","","","",""
"001965a904c67688cd1654330eacea2ad7fedfd598814b54725d0db576851836","family-b9dffdcb3b9bd2373ad2","scope_lookup","after_close","braces","natural","wrong_answer","Expected 2448; received 7155","","","","true","true","true","","","",""
"0022e8f413e9fdc8a4d1fa1a28ec52657353bd7fe4e7c6e9324cd4059da50323","family-f9e89108d82d4ba4602c","scope_lookup","after_close","typed_end","natural","not_dispatched","Response status: not_dispatched","","","","false","false","false","","","",""
"00533dad5cf53b756f6b200f2309d8794050077fc068a78a59849b7a2b929546","family-29b1a41423991f061c26","scope_lookup","after_close","typed_end","nonce","not_dispatched","Response status: not_dispatched","","","","false","false","false","","","",""
"0059a7e8fdc3ebbc2e5cfc545b164aab2ed2fc0d8de47937aa63780a7a5e8296","family-6ea5c2c3bdd3c9b20d4b","scope_lookup","after_close","generic_end","natural","not_dispatched","Response status: not_dispatched","","","","false","false","false","","","",""
"006ebb11c6ac5c365ad0a484a7179fc69ec20a4d474e3aa595f2adfc61f34b39","family-5f2d457cfb5501bd52e9","scope_lookup","after_close","generic_end","nonce","not_dispatched","Response status: not_dispatched","","","","false","false","false","","","",""
"0076aad1d4be6abe215515c54005db6c54aacdab83bd2cfe98166e476af6ec37","family-965e957e4d8298784a4e","scope_lookup","after_close","padded_end","natural","not_dispatched","Response status: not_dispatched","","","","false","false","false","","","",""
"00dee06584b9099dfbf21caec2d53e41e8e275d06dc725bc64ebcfd3ae4d32fb","family-295bca20a17148c007d1","scope_lookup","after_close","braces","natural","wrong_answer","Expected 4612; received 3448","","","","true","true","true","","","",""
"00e7b537f070555320e657d8661a7f8c1d797de0549c93e3934e251b748dc3db","family-35072a31b6134c8f283b","scope_lookup","after_close","padded_end","natural","not_dispatched","Response status: not_dispatched","","","","false","false","false","","","",""
"00eb4f37e446e8c5d4f01bab629621ecae1a4b47be38aa6c7f8f5d411e37434f","family-bd4099cd056789e21e20","scope_lookup","after_close","typed_end","nonce","not_dispatched","Response status: not_dispatched","","","","false","false","false","","","",""
"00f3b960ca28f86d0e895a992dc422463b023a6542166a39e742789122e3a8e4","family-43a95c774ee7fcaf269d","scope_lookup","after_close","generic_end","nonce","wrong_answer","Expected 1714; received 2101","","","","true","true","true","","","",""
"00f70ae6e3890eb22930f930bd90a28116e92ae846001021d0fd3fe09c3c12c0","family-ad42e2d8dffbd5ea2a89","scope_lookup","after_close","named_end","nonce","not_dispatched","Response status: not_dispatched","","","","false","false","false","","","",""
"0116e47a1117660c9b2a422e923ab1e9328b016ee32135498869b7213fdb5ff7","family-916b36b95f1c26e349fe","scope_lookup","after_close","braces","natural","not_dispatched","Response status: not_dispatched","","","","false","false","false","","","",""
"01385aaa2833845076554c58f1fc078eb7efd7b34840b20e5fe5d0690680a864","family-ddc0e01a9e0602507f91","scope_lookup","after_close","braces","nonce","wrong_answer","Expected 6131; received 3161","","","","true","true","true","","","",""
"01425baa2a3cd8c4aca9e17d7c424f52b1e4a87475435a1093f9b4b8ea61219b","family-737f9b463e02fbf23330","scope_lookup","after_close","typed_end","nonce","wrong_answer","Expected 1934; received 9014","","","","true","true","true","","","",""
"0144d6f0198b4419a8e86a74b51c29760b75ad461279a567eb3067c8e59c7cd2","family-117dbfae30e5fb76090b","scope_lookup","after_close","typed_end","nonce","not_dispatched","Response status: not_dispatched","","","","false","false","false","","","",""
"01bf783f9add805b606c89d5269f00fe26cda22793cdd10b74ce19442146cf64","family-e29b5f4538e67d7e4ec0","scope_lookup","after_close","named_end","nonce","not_dispatched","Response status: not_dispatched","","","","false","false","false","","","",""
"01d8e8d21e6a9b4302aff3f4a32c33b0ae3e3b790271cc6e844a205931436de7","family-852eb252bf8a03fa0f54","scope_lookup","after_close","named_end","natural","not_dispatched","Response status: not_dispatched","","","","false","false","false","","","",""
"01f67e10648cbe67914bb8afe6b4e5abe604f4f602992c3ca8d26d6eeaef72a3","family-93d892d460906fd39f72","scope_lookup","after_close","braces","nonce","not_dispatched","Response status: not_dispatched","","","","false","false","false","","","",""
"025a64b73e84b30bec47755e7da605e0be8aa0bc7bdd38a7a460966abcc7d031","family-d86315f276987eaa7332","scope_lookup","after_close","padded_end","nonce","not_dispatched","Response status: not_dispatched","","","","false","false","false","","","",""
"0280700df1fc9d742a8936de47bb4eb2affe0900c63e70f8a0b0efbda810e57d","family-2e30a9559bdf8a168203","scope_lookup","after_close","generic_end","nonce","not_dispatched","Response status: not_dispatched","","","","false","false","false","","","",""
"02807a010fa4e680de4fc8fe4271a9035e25c6345cf536bcba0b6cdd82570051","family-3999856e1484a99e30ab","scope_lookup","after_close","typed_end","nonce","not_dispatched","Response status: not_dispatched","","","","false","false","false","","","",""
"028895842f977cf89e6a7a46a7b6a25f30a5245d2f5a56e5111b052c12778492","family-8f317ad0879df221e04d","scope_lookup","after_close","typed_end","nonce","not_dispatched","Response status: not_dispatched","","","","false","false","false","","","",""
"02a55b42506fc8802feb8244eb1095e00fa9637f24d6eb229442d54c7e68519d","family-069a6373157818e063fe","scope_lookup","after_close","generic_end","natural","wrong_answer","Expected 6884; received 8623","","","","true","true","true","","","",""
"02a94e196ba02b7976459ae3a07cf6906d6549e4c6ebf3ab8ab5c882a8dea868","family-0d222214afa9bc9215bb","scope_lookup","after_close","generic_end","natural","not_dispatched","Response status: not_dispatched","","","","false","false","false","","","",""
"02c46619b1778c7668d2d03e7db2c21ecfd9cb267f8516b4a41c42c5828991c8","family-09b4a88bbbe85d9c3921","scope_lookup","after_close","named_end","natural","not_dispatched","Response status: not_dispatched","","","","false","false","false","","","",""
"02f131cc516f490460b65617fa6d162aed9071b17cb4e56b940c8fc3432bf687","family-c2443995dc6c2d3e49fa","scope_lookup","after_close","generic_end","nonce","not_dispatched","Response status: not_dispatched","","","","false","false","false","","","",""
"02f7140948b50717f8a0946af8456eb51d8c5b0a8b609d49c3bee1db99175563","family-4e40ebdbf21668261ca0","scope_lookup","after_close","named_end","natural","not_dispatched","Response status: not_dispatched","","","","false","false","false","","","",""
"0328a6ab342c3cba6444be46f814a79d8cddf50724f20765a7689c75da05bbf5","family-eb504ae7ef65139530b7","scope_lookup","after_close","generic_end","natural","not_dispatched","Response status: not_dispatched","","","","false","false","false","","","",""
"03462f75633056fe29a072dd4bc5c173941a7a6662fe246bfd28bc8cd8ae9be2","family-654c2abcfdd479f01dbb","scope_lookup","after_close","generic_end","nonce","not_dispatched","Response status: not_dispatched","","","","false","false","false","","","",""
"0369f31e456e4b88934252e5ca43f84bd41c9d783b09c68b6b9a1642fb80eceb","family-2d405169f2af4e0021bd","scope_lookup","after_close","padded_end","natural","not_dispatched","Response status: not_dispatched","","","","false","false","false","","","",""
"038af11543f2d3fb061b782540f18e234e1e279de5a8ae7c18666f782782fcf5","family-a687b9583e025493e18e","scope_lookup","after_close","braces","nonce","not_dispatched","Response status: not_dispatched","","","","false","false","false","","","",""
"039ca1ccc548f8537bfa27358428807f4f91c91567825e99d053d511e44b341c","family-bd4099cd056789e21e20","scope_lookup","after_close","generic_end","natural","not_dispatched","Response status: not_dispatched","","","","false","false","false","","","",""
"03df995b02884cd5d60e9716856d6d7272eaf1373dc20ff0492c685495b0a6bd","family-8f317ad0879df221e04d","scope_lookup","after_close","generic_end","natural","not_dispatched","Response status: not_dispatched","","","","false","false","false","","","",""
"041c0dad616381b8cc2734cc48b70fb176614841a39d697b775b7e185a7555b5","family-a7268f5d78df48d04f92","scope_lookup","after_close","named_end","natural","not_dispatched","Response status: not_dispatched","","","","false","false","false","","","",""
"041f7c1b2b5bdeb37190421965685992cb244e524a6eaa510092ecd629f9a53c","family-1069e84739245add00bb","scope_lookup","after_close","generic_end","nonce","wrong_answer","Expected 5784; received 8808","","","","true","true","true","","","",""
"042bce8c9b851fb06e26beb12b9b325014483ce680ba653268c9bcd6a191a772","family-a00dc407479275087510","scope_lookup","after_close","braces","natural","not_dispatched","Response status: not_dispatched","","","","false","false","false","","","",""
"0438891309221c84ff4d73ec84232b48864e64ca4005d4c8e673181a4c9ab913","family-85a4112782ddb4c549ee","scope_lookup","after_close","padded_end","natural","not_dispatched","Response status: not_dispatched","","","","false","false","false","","","",""
"04443f9a40ad1d4283ba5072f6888df1b670bbc5cb0632f7e024a0707812bbb9","family-68fcc1c9f5945998c0cb","scope_lookup","after_close","named_end","nonce","wrong_answer","Expected 3037; received 4556","","","","true","true","true","","","",""
"046107c11ed818f76ebb77cffa3497a2d9135e8afa297a667c9f2c8aa4f9dd19","family-e29b5f4538e67d7e4ec0","scope_lookup","after_close","braces","nonce","not_dispatched","Response status: not_dispatched","","","","false","false","false","","","",""
"04868edd3fe4f5f546f6460f28f85c16394ef04aca1dadcb86a87c9cb074210e","family-a2ece4fbdba8feaddd6b","scope_lookup","after_close","padded_end","nonce","not_dispatched","Response status: not_dispatched","","","","false","false","false","","","",""
"048ff829c0cce9bb05020c459a602fdf82061bbc5021e18ad7ba3e683422919e","family-2be56cecb4e1df88c33b","scope_lookup","after_close","braces","nonce","not_dispatched","Response status: not_dispatched","","","","false","false","false","","","",""
"049882802942d2dcfe61b1e5b7e919d49998db45f484bc4ebf3e42e805d23dd6","family-ac0e7b0a234fe1648a1a","scope_lookup","after_close","generic_end","natural","not_dispatched","Response status: not_dispatched","","","","false","false","false","","","",""
"04bce6c98ef13944d9eaa3b98cee39c74b9da2310f1820938be1df36de5f4c5d","family-0d222214afa9bc9215bb","scope_lookup","after_close","typed_end","natural","not_dispatched","Response status: not_dispatched","","","","false","false","false","","","",""
"04f104159cea5542462984b26ed011792186ba869a4e1bc2a3f51082e8eb9de2","family-d5f537a60742210bf1e3","scope_lookup","after_close","named_end","nonce","not_dispatched","Response status: not_dispatched","","","","false","false","false","","","",""
"04fb89fd2ba78e5fbde4def274108d4dd7379281de38312601358b8ca918a595","family-7281051a5d301758589b","scope_lookup","after_close","named_end","nonce","not_dispatched","Response status: not_dispatched","","","","false","false","false","","","",""
"04fc4ea4c0804ae6d9a4aca96ddf282b890f575a82d1f06b66d85774a46d2ee6","family-6b66a4e96816de483a6d","scope_lookup","after_close","generic_end","natural","not_dispatched","Response status: not_dispatched","","","","false","false","false","","","",""
"05062791254f939a23cc61a9990e13c37fa22647d1ffc54116b7030cb8fd286e","family-519cc0f8028f69d657bb","scope_lookup","after_close","padded_end","natural","not_dispatched","Response status: not_dispatched","","","","false","false","false","","","",""
"0509eed4910c3aaa2267e465272bad17d5613ce78b32cfdb6e740629f38af118","family-1a43aa90e10067aecec1","scope_lookup","after_close","generic_end","natural","not_dispatched","Response status: not_dispatched","","","","false","false","false","","","",""
"0521e0156808cb1774ce8ce9beefa30637608e67206c36a59c90eadb9bd7f196","family-0ee3c9dccae742e0bc4c","scope_lookup","after_close","braces","natural","not_dispatched","Response status: not_dispatched","","","","false","false","false","","","",""
"055b32c7b08a4c95a9b6b65cae7ba381bbae72772fd5fef7a0dbdd0973a8ee58","family-7b3bed9c95d2f326c43d","scope_lookup","after_close","braces","nonce","not_dispatched","Response status: not_dispatched","","","","false","false","false","","","",""
"056e8855fd2e21999aac5e86aebe136ef0d3c73e6102845387d964f0ef72ca2d","family-7916dd00c9fd2d346478","scope_lookup","after_close","braces","natural","not_dispatched","Response status: not_dispatched","","","","false","false","false","","","",""
"057340720fbd9311277a1639536efc0902100161e677857e7e4797ee00111b98","family-8d5bfa027298888e3095","scope_lookup","after_close","braces","natural","not_dispatched","Response status: not_dispatched","","","","false","false","false","","","",""
"057c7b08d40a59761dd50d878f7da5fb05cf3b65d304a00cf91a56aa58d614b4","family-4d4c317eefd692ca0ede","scope_lookup","after_close","padded_end","natural","not_dispatched","Response status: not_dispatched","","","","false","false","false","","","",""
"05b9ea6e8a21c5a23a05957307deb1f4bcae01b3c5d923e37ac7e7dca67e2306","family-d20413898c9a91a666b1","scope_lookup","after_close","braces","nonce","not_dispatched","Response status: not_dispatched","","","","false","false","false","","","",""
"05cbd0d9575058cf9dc71c7d1d9e9ff89a8a5b42dd7d4d6569a5cad8205fa43d","family-10f87faacca5a08f29d3","scope_lookup","after_close","generic_end","nonce","not_dispatched","Response status: not_dispatched","","","","false","false","false","","","",""
"05d39cf11c2c895304f5647c2ae3d8b2af97eb3f8c32784ee063898d0bb6f296","family-29bae0c51b15fc4b3f39","scope_lookup","after_close","named_end","natural","not_dispatched","Response status: not_dispatched","","","","false","false","false","","","",""
"05dc92fd0ab97bd668693d9c7556e648b90698f13ac913256c3703d0e17fefab","family-39b34286e97d73941dae","scope_lookup","after_close","generic_end","nonce","not_dispatched","Response status: not_dispatched","","","","false","false","false","","","",""
"05e06b7536385939c173198426efd1b05c965c8eb2d09c0bf5eb768a90c35b6a","family-d5126bc6627b66b4a0d3","scope_lookup","after_close","generic_end","nonce","not_dispatched","Response status: not_dispatched","","","","false","false","false","","","",""
"05e49edec06268850a7905298a7c908989adeb11ee073521d972a8675c3f553b","family-b5f5cbc81ad77e199fa2","scope_lookup","after_close","braces","nonce","not_dispatched","Response status: not_dispatched","","","","false","false","false","","","",""
"06468c61241d9570e76a1a3ce3a31b63b7e181ada7f12f4fee55c5b2de7bf68b","family-9bcf7d569ea4e7fe738d","scope_lookup","after_close","braces","natural","not_dispatched","Response status: not_dispatched","","","","false","false","false","","","",""
"064926a7abf38e64a45d77dcc47b78ff8113f47c1ba55a1f5306deb407653453","family-ae1b4ec6df96fb4b7a32","scope_lookup","after_close","braces","nonce","not_dispatched","Response status: not_dispatched","","","","false","false","false","","","",""
"06c183ba4edb0a263d045625d5e4b129eff525afef7c37f08ea1f6f13c3cea3e","family-9eefc660f35e8050ac2d","scope_lookup","after_close","braces","natural","not_dispatched","Response status: not_dispatched","","","","false","false","false","","","",""
"06da262cdcb8e0320a75a78bc3cd1938aad230d734ac1a4d2451d224f5a08bce","family-7281051a5d301758589b","scope_lookup","after_close","generic_end","nonce","not_dispatched","Response status: not_dispatched","","","","false","false","false","","","",""
"06ec24e564b41a540be5e0d6d9b838481dbea47b972228f59a0829d2881f8c47","family-2f1c1a229278501ea898","scope_lookup","after_close","braces","nonce","not_dispatched","Response status: not_dispatched","","","","false","false","false","","","",""
"06ff076cd83dfa425bb6e74ef0f808843d5560a15b3491d38f44850343e5c52e","family-d790b8721b3020bd3181","scope_lookup","after_close","typed_end","natural","not_dispatched","Response status: not_dispatched","","","","false","false","false","","","",""
"070fe4b711452c8e114b9faa88f9758bd39059540b7ae641ca6bd0eafa06042a","family-f857e73b644ab2c812fd","scope_lookup","after_close","typed_end","nonce","api_rejected","Response status: api_rejected","","","","false","true","true","","","",""
"0716727fe86986c7e7a99d6505fb47e9d19943e8eff74f30b09b21094f5e157c","family-a37f6a6d9bef51d35278","scope_lookup","after_close","braces","nonce","not_dispatched","Response status: not_dispatched","","","","false","false","false","","","",""
"0716dfb69a4d3964e935539ea40cf48e6e7477f5deb81ecf9a9a3034badf554f","family-852eb252bf8a03fa0f54","scope_lookup","after_close","typed_end","natural","not_dispatched","Response status: not_dispatched","","","","false","false","false","","","",""
"0733218db4177f4de076ea4df322bc4381ed50f417acbe989e3cb94a71302e5b","family-35072a31b6134c8f283b","scope_lookup","after_close","generic_end","nonce","not_dispatched","Response status: not_dispatched","","","","false","false","false","","","",""
"076cd9239fdea08c5ff1b78ee50a28797e27ce77478e42ea9a989fb09481468f","family-ae4e037228e90a31f7a3","scope_lookup","after_close","generic_end","nonce","not_dispatched","Response status: not_dispatched","","","","false","false","false","","","",""
"079a2be0dce924b96cc0338c3944b5fca7add425d3872b706890598353ac9778","family-97d643b383d36270df12","scope_lookup","after_close","padded_end","natural","not_dispatched","Response status: not_dispatched","","","","false","false","false","","","",""
"07b6029cf68b2cce63da1a9732ed755c8a392a4a6e562750be3650acec51a30c","family-e5ca796e3782d6f2cb04","scope_lookup","after_close","braces","nonce","not_dispatched","Response status: not_dispatched","","","","false","false","false","","","",""
"07b9a43d41ff6ce78111935577fa3620e414b9878cee914bbc6926b9bfe4b779","family-12030a7214ba83d0a44e","scope_lookup","after_close","typed_end","natural","not_dispatched","Response status: not_dispatched","","","","false","false","false","","","",""
"07d8fe1e3c8d7ed65eae8f7f7da6fd9e097226e608351ed7c2770e2a843064bd","family-9061b3702b95d74a7ca2","scope_lookup","after_close","named_end","nonce","not_dispatched","Response status: not_dispatched","","","","false","false","false","","","",""
"07db76604a7cfbaa3d9afc7e8ba6e6eed15b4dbe7d915b3c89fef06376633a8f","family-7c332a40107fc9e0506b","scope_lookup","after_close","braces","nonce","not_dispatched","Response status: not_dispatched","","","","false","false","false","","","",""
"0823d95642ea328c287cb1fc96b5395b5bde4e2954ae2237a8ed625142b7f545","family-1b4ad064baa5f003980f","scope_lookup","after_close","padded_end","nonce","not_dispatched","Response status: not_dispatched","","","","false","false","false","","","",""
"082c50f6d28208d795489c39f71b0972ff9b9f372f9a2e904292b6fbe7854473","family-cc273e9877adf84990a7","scope_lookup","after_close","named_end","natural","not_dispatched","Response status: not_dispatched","","","","false","false","false","","","",""
"08357050b91d98fcbe0137040677e52c9154fd2d5d4a1cfa44d814b6d91338e5","family-ecf47f012083117c0103","scope_lookup","after_close","braces","natural","not_dispatched","Response status: not_dispatched","","","","false","false","false","","","",""
"0851db9742359146a6b0e5a6bf23b6e309e4b47fdf8b95587f02988a564f64b0","family-c53e4b7b7f5b93e1e2d3","scope_lookup","after_close","padded_end","natural","not_dispatched","Response status: not_dispatched","","","","false","false","false","","","",""
"08582570ea75bdf133cc01cb3a791814a9728f32693d412d6f9d6de228420213","family-b9dffdcb3b9bd2373ad2","scope_lookup","after_close","padded_end","nonce","not_dispatched","Response status: not_dispatched","","","","false","false","false","","","",""
"0859892b4f0be531a412846a7390e0287e26df3986a1adf0c86f259b5d09981e","family-c2696942e1a1e990f379","scope_lookup","after_close","padded_end","natural","not_dispatched","Response status: not_dispatched","","","","false","false","false","","","",""
"0865113763788486bce31225570111bfa7012ef05c1340a3c5c7d7252bb4329a","family-e739721766419f8ad9dd","scope_lookup","after_close","named_end","natural","not_dispatched","Response status: not_dispatched","","","","false","false","false","","","",""
"086f963390fe8487cf45fdcdaaeafd1736c9c4e6ce904f50acc0f8b8e2e06eff","family-53dc9a159913bfc3b333","scope_lookup","after_close","generic_end","nonce","not_dispatched","Response status: not_dispatched","","","","false","false","false","","","",""
"0876d97aaa948087cd07f7c6318d0f42319fca078b8015b39910e895ddc160e9","family-cac713cc9e27f8ff91fc","scope_lookup","after_close","named_end","natural","not_dispatched","Response status: not_dispatched","","","","false","false","false","","","",""
"0881684ea89cbbdd540ba5d3f704c1aaa154b9784cf39dd1e7cfb08c2e275ba8","family-37e71f85dfa4b5415e42","scope_lookup","after_close","padded_end","nonce","not_dispatched","Response status: not_dispatched","","","","false","false","false","","","",""
"089fb7b661a29a093c7b8c50f41103f14a36f5f0aa8aaf90bf940bc8aa132084","family-2637168633a8a5fd7957","scope_lookup","after_close","braces","natural","not_dispatched","Response status: not_dispatched","","","","false","false","false","","","",""
"08a508aed4777e88bc1a0f9a336ecaaa41c4da03233fbb82689d6006e193990e","family-dac8e1db247fbe653c51","scope_lookup","after_close","typed_end","natural","not_dispatched","Response status: not_dispatched","","","","false","false","false","","","",""
"08a8e11c240920a1ac3f3e7198c690c07c3c05c9bd1d4beb1a26fe8bca0cd9a0","family-10f87faacca5a08f29d3","scope_lookup","after_close","braces","natural","wrong_answer","Expected 4447; received 7166","","","","true","true","true","","","",""
"08bb74f11af67caa9a90215edd8d88ba5e751790c9bc17812c982666fdfac787","family-aa32c06aefe0097b5d71","scope_lookup","after_close","generic_end","nonce","not_dispatched","Response status: not_dispatched","","","","false","false","false","","","",""
"08dd4ed27c2a8427065421ec4bd2cabc982f395303d98e816a28d3b8d3e5dc77","family-0acf2d0f70648c07f8ce","scope_lookup","after_close","named_end","nonce","not_dispatched","Response status: not_dispatched","","","","false","false","false","","","",""
"08f28ea6d6b87b1eaddefb8eb637a19d4bd96028270f2fe15566d8705abdcd8f","family-5a251456e8207f4ecca7","scope_lookup","after_close","named_end","natural","wrong_answer","Expected 8351; received 8241","","","","true","true","true","","","",""
"08fbbbc7e07b951e7b25c6d6e375715eee047c71d1098e30ac5c0b9e8bd04024","family-73d35b42fea6ed684804","scope_lookup","after_close","typed_end","natural","not_dispatched","Response status: not_dispatched","","","","false","false","false","","","",""
"090dc23ede5a134b1da6e79acf10a2190ed29751ac5ec7dbf1181c57addbef3a","family-8b035bce4ca204e57955","scope_lookup","after_close","generic_end","natural","not_dispatched","Response status: not_dispatched","","","","false","false","false","","","",""
"0945ac71d0f5d222f60428e2d86316c65b25600a585e10d8d5395b612a1bde16","family-5f855b35c87e7752fc0f","scope_lookup","after_close","padded_end","nonce","not_dispatched","Response status: not_dispatched","","","","false","false","false","","","",""
"0952864c6d4b03213557d4dd37c7a5ca5a53a45cc21b924e89a0649c2c2d7843","family-a7268f5d78df48d04f92","scope_lookup","after_close","braces","nonce","not_dispatched","Response status: not_dispatched","","","","false","false","false","","","",""
"097399efade082158d38aff175167ab11890f4bced6e8276b7a1d2017db1a6b4","family-c30589a166aa1f1ae939","scope_lookup","after_close","braces","natural","not_dispatched","Response status: not_dispatched","","","","false","false","false","","","",""
"09a908560000cba8c4b54d1bbcaa3b5cebefe972b8e8eaff8714f600b7fbef5f","family-73a7c567db3e9ee9bd58","scope_lookup","after_close","braces","natural","not_dispatched","Response status: not_dispatched","","","","false","false","false","","","",""
"09ecdc3acbb63870b84cbb7a60c4d7bf6827107b81f2924bbee7e75a7d557803","family-9d573f3ede048a825924","scope_lookup","after_close","braces","nonce","not_dispatched","Response status: not_dispatched","","","","false","false","false","","","",""
"09fc18302ed26ce96d5232c2b7f90d4b910a33830f54f2a25e229eb87273de91","family-1ae68ec0c27ac2f256a5","scope_lookup","after_close","generic_end","natural","not_dispatched","Response status: not_dispatched","","","","false","false","false","","","",""
"0a0a1476c14ebbc9a4f5f1f6b153e6d19aefd2e14558a5d92ac839e75dd79dcb","family-47a815662d4bac370f57","scope_lookup","after_close","typed_end","nonce","not_dispatched","Response status: not_dispatched","","","","false","false","false","","","",""
"0a39dbef4adca0c9954f3717640460dc5153279350cfeb7f937758f4119381df","family-243eb03802ed1e0be805","scope_lookup","after_close","typed_end","nonce","not_dispatched","Response status: not_dispatched","","","","false","false","false","","","",""
"0a47f1ebfdf1b9b51bb78e5f6cec75f0304533beddf8c4661169d54ace630f2d","family-916b36b95f1c26e349fe","scope_lookup","after_close","padded_end","natural","not_dispatched","Response status: not_dispatched","","","","false","false","false","","","",""
"0a8cfaa5d2290e2c04a67bc3f0a1d273bbd8372388e190e9153c452c87c29c35","family-80c89211d1f0ead58843","scope_lookup","after_close","generic_end","natural","not_dispatched","Response status: not_dispatched","","","","false","false","false","","","",""
"0aa43f17f464cf75b358b354b502546c9221e4cf0831f8f0a34b29e31135f2db","family-5f659e890d327754e519","scope_lookup","after_close","generic_end","nonce","not_dispatched","Response status: not_dispatched","","","","false","false","false","","","",""
"0ab48b060f1e31662a326b52e89c3c68ad0a3ba51eae6f5a7a35035dd2b30a23","family-932a2bc4a370a5d1d723","scope_lookup","after_close","typed_end","nonce","not_dispatched","Response status: not_dispatched","","","","false","false","false","","","",""
"0abb6595bb0bbddc58e9e11a678e41317594057d7e258c0b950d08403fd081ca","family-d5387a27f98b64653076","scope_lookup","after_close","braces","nonce","not_dispatched","Response status: not_dispatched","","","","false","false","false","","","",""
"0ad1430561048a29e49cfdc6a20d77c810ae74e90cb627ac1cab8db0bd29e815","family-0667f372699e0060cc60","scope_lookup","after_close","named_end","natural","wrong_answer","Expected 8902; received 8724","","","","true","true","true","","","",""
"0ad1a26d1f576dcff2d4eea1738edf85fc76b448bbe02c2ed1ace750f94de84d","family-d3a289c3533cedc1c30c","scope_lookup","after_close","generic_end","nonce","not_dispatched","Response status: not_dispatched","","","","false","false","false","","","",""
"0ae5f91f6f5c4ace6237e6639230f3056c126fe171137671966ac4dfb6eaadf3","family-970fcc791975ca15fd0f","scope_lookup","after_close","braces","natural","not_dispatched","Response status: not_dispatched","","","","false","false","false","","","",""
"0b549ca2c658c6ce180bd34db8d1941d72faf899db4984b4c135b3ec98541ee2","family-dbf800c44ba620013de4","scope_lookup","after_close","padded_end","nonce","not_dispatched","Response status: not_dispatched","","","","false","false","false","","","",""
"0b6e283a64589a092b9348fd6dc55721d50f3b11d378b957a4d4d5152bcf708d","family-cc6d2196d5575c5c3662","scope_lookup","after_close","padded_end","nonce","not_dispatched","Response status: not_dispatched","","","","false","false","false","","","",""
"0baca23db02162e329af712a8047413e3113806ffc9a361662d5cabdd51b81a1","family-30dc588b7cd9f5499243","scope_lookup","after_close","generic_end","nonce","not_dispatched","Response status: not_dispatched","","","","false","false","false","","","",""
"0bafdb6c431b9e84d1e3c2395e5bc0067747ea944846b98e119c4187d2fcdf33","family-7281051a5d301758589b","scope_lookup","after_close","typed_end","nonce","not_dispatched","Response status: not_dispatched","","","","false","false","false","","","",""
"0bbaf9ba411c7ad914bbbde442dfd5b513d2ef62e86a2c210a369c90856a963a","family-0553395a4573d2904b4c","scope_lookup","after_close","named_end","natural","not_dispatched","Response status: not_dispatched","","","","false","false","false","","","",""
"0be1b7f8550e0b6d3911e201371a166730b2937f92fb8cb99d775eb2770f7776","family-1ae68ec0c27ac2f256a5","scope_lookup","after_close","typed_end","natural","not_dispatched","Response status: not_dispatched","","","","false","false","false","","","",""
"0be2919487d942ac406b9f74f161d02e7a86091c151c68c2694f4bbfd26e4059","family-965e957e4d8298784a4e","scope_lookup","after_close","braces","nonce","wrong_answer","Expected 7532; received 4126","","","","true","true","true","","","",""
"0c27354843a39c5e4a6f5baefc2ce7c1c208102d947328221cd3cd8df262d828","family-1200bd38534b72a0da70","scope_lookup","after_close","typed_end","nonce","not_dispatched","Response status: not_dispatched","","","","false","false","false","","","",""
"0c3ff48aca10592ae8edf55014f218b753a0ca65e736ce4e4a47624da8d06345","family-fe7ce9ac8c05ee3f6103","scope_lookup","after_close","generic_end","nonce","not_dispatched","Response status: not_dispatched","","","","false","false","false","","","",""
"0c498d913180d2904888dd1654b839c9cf6ce596fe642cb1399136e1813a79a3","family-0ee3c9dccae742e0bc4c","scope_lookup","after_close","typed_end","natural","not_dispatched","Response status: not_dispatched","","","","false","false","false","","","",""
"0c6c1da3688e7d24f56fb6a82dfbe2e06c2db5a42121cf92f6f5a039bd25fdac","family-b44a22afbe017ba651f2","scope_lookup","after_close","braces","natural","not_dispatched","Response status: not_dispatched","","","","false","false","false","","","",""
"0c6e02ae36564ebf089e6856e5e8aaca72ca8e11aa173e27f394805904c859f8","family-e90df32c0ee7b57970ce","scope_lookup","after_close","named_end","nonce","not_dispatched","Response status: not_dispatched","","","","false","false","false","","","",""
"0c82250f74f3c3371b2a946cb5b9e420eb2d016b24d1181d633718db152bb22d","family-4d4c317eefd692ca0ede","scope_lookup","after_close","named_end","nonce","not_dispatched","Response status: not_dispatched","","","","false","false","false","","","",""
"0c87ba94b9b274de30fd00ac85b6c390607c2d34947b05e1453448e61c7d600a","family-0699416dc3b5b7df1a2a","scope_lookup","after_close","braces","natural","not_dispatched","Response status: not_dispatched","","","","false","false","false","","","",""
"0c8b4a64480861569ea540d09d0adb508e4ee8f04facbddb57129a6f7cc7a571","family-f9a76d59ee7a6cf3f7b1","scope_lookup","after_close","padded_end","natural","not_dispatched","Response status: not_dispatched","","","","false","false","false","","","",""
"0c8b6ed2bf8f8a6002b89898b179716f402c82d539c468b3362a66b952e5c123","family-fce83fa5b6f1ed2ecae9","scope_lookup","after_close","padded_end","nonce","not_dispatched","Response status: not_dispatched","","","","false","false","false","","","",""
"0c90a0d3ce7819c47bf714a43bb4c77637acf85fda9af53fdd69e3b789639d38","family-5d8149123d768f9fdb94","scope_lookup","after_close","braces","nonce","not_dispatched","Response status: not_dispatched","","","","false","false","false","","","",""
"0cb33b4594881f79ac294d7ef4e9e7a45236a8d2c6d7b48fe460d031f3830f9a","family-1a0a6382fed9ae407f0e","scope_lookup","after_close","generic_end","natural","not_dispatched","Response status: not_dispatched","","","","false","false","false","","","",""
"0cbb9220b8fd4b75a016cb4c8d162a5b6f3ccb9493554d21dd3d3a8aacbef288","family-0d222214afa9bc9215bb","scope_lookup","after_close","named_end","natural","not_dispatched","Response status: not_dispatched","","","","false","false","false","","","",""
"0cbd13d1d37fff85aad6d4a403f772577a80741637c90e00ebf3e6fc3c51d790","family-9061b3702b95d74a7ca2","scope_lookup","after_close","named_end","natural","not_dispatched","Response status: not_dispatched","","","","false","false","false","","","",""
"0cc0331b6c15a23a4e04fb93230a6ebcc4e0c9d19b3739fe86f56e5f71bb1004","family-5c997bd355cb5e8abf68","scope_lookup","after_close","braces","natural","not_dispatched","Response status: not_dispatched","","","","false","false","false","","","",""
"0d074db15cdc40402fdd90cb396626349a5f6788d2dcf3f6984d9660e21133c8","family-aa53edb64586a280de93","scope_lookup","after_close","braces","nonce","wrong_answer","Expected 3421; received 8659","","","","true","true","true","","","",""
"0d27c75e5d0bdeb668425748e7a969a4c9c89ef41a13a6cf4d8cfa0194cf04ef","family-b80ff48f070c0107ca5a","scope_lookup","after_close","braces","nonce","not_dispatched","Response status: not_dispatched","","","","false","false","false","","","",""
"0d4ced6d013d54c17ea35c7d819ef1d4323be1b36f069856040fbc98eeae474c","family-d5f537a60742210bf1e3","scope_lookup","after_close","typed_end","natural","not_dispatched","Response status: not_dispatched","","","","false","false","false","","","",""
"0d564c1cfd274a81c1bfb58350056fb34729a6fac068277b1d95741e8c0a0bc5","family-214f2ec96d9aaae4bd17","scope_lookup","after_close","braces","nonce","not_dispatched","Response status: not_dispatched","","","","false","false","false","","","",""
"0d8a72aa5f16b482fbf43cc897571d1c9fc489fe770a74caf65ebc4c70be62c9","family-c2443995dc6c2d3e49fa","scope_lookup","after_close","named_end","natural","not_dispatched","Response status: not_dispatched","","","","false","false","false","","","",""
"0d8b5a93618ca17fdb63d955b6f098c25437377fc00b9b8f494341be21c2a382","family-acbb52af2f9a3ad666fc","scope_lookup","after_close","braces","natural","wrong_answer","Expected 8476; received 1925","","","","true","true","true","","","",""
"0d92479845b9f226898e6f28ec99cc55c63fc2d0c90a7e71a1816d52e5347f2d","family-5aed1cb46c579b4a8853","scope_lookup","after_close","typed_end","natural","not_dispatched","Response status: not_dispatched","","","","false","false","false","","","",""
"0da23445fe3fdccd3c9b2277eff272b1cf64af06e6d1f962ff7e187a6d9b932e","family-97d643b383d36270df12","scope_lookup","after_close","generic_end","natural","not_dispatched","Response status: not_dispatched","","","","false","false","false","","","",""
"0db2b64f1ead733ebb0cd4e07141713eb31a3d46b99729ca7e255d77d2097cfb","family-9d573f3ede048a825924","scope_lookup","after_close","typed_end","nonce","not_dispatched","Response status: not_dispatched","","","","false","false","false","","","",""
"0dc3b15b2ff0ed16f1b809442836bd4381448f593dbe4192553fc5984b289ac9","family-0ee3c9dccae742e0bc4c","scope_lookup","after_close","named_end","nonce","not_dispatched","Response status: not_dispatched","","","","false","false","false","","","",""
"0dcefe1e5117e879faf98f7ab73b935d32bc52f6cd024699dd93f8ce50640a3d","family-9b8621ec48603358539d","scope_lookup","after_close","named_end","natural","not_dispatched","Response status: not_dispatched","","","","false","false","false","","","",""
"0dd3aa5fdc108e12af3d61c4a01583b87b24d0b52bb30a3cdde6a44e2646e66f","family-12406704a3b5d2f6a2ec","scope_lookup","after_close","braces","nonce","not_dispatched","Response status: not_dispatched","","","","false","false","false","","","",""
"0de2aa211f60645deacd990cecb91bab272bd329841e87d14139285ff4ed11f8","family-f9acda05511dc179e7bc","scope_lookup","after_close","named_end","nonce","not_dispatched","Response status: not_dispatched","","","","false","false","false","","","",""
"0de395fbbed56829741854709cc7205874bb5e3720372919e10f5673f3726c23","family-3fdeb99b24e318aa28fb","scope_lookup","after_close","generic_end","natural","not_dispatched","Response status: not_dispatched","","","","false","false","false","","","",""
"0e0b75c5dd021b647d0a2facc1fd97394c444ed2f0754a7a6e239798e2f9ae2f","family-f4cdff2456bf22066318","scope_lookup","after_close","typed_end","nonce","not_dispatched","Response status: not_dispatched","","","","false","false","false","","","",""
"0e12fa53fd46ea7c7a5f2e104b1d1cc83ec332570891e397906a0ee3963d2532","family-cc06674a939534da2c13","scope_lookup","after_close","braces","natural","not_dispatched","Response status: not_dispatched","","","","false","false","false","","","",""
"0e35c17a2265f3b89171b9a711872d2e04140c19d6204fa57dfb7942dc132c7e","family-214f2ec96d9aaae4bd17","scope_lookup","after_close","generic_end","natural","wrong_answer","Expected 3832; received 6792","","","","true","true","true","","","",""
"0e44ca4d2dda454c518b84e1255a17f5cdcf87f5b6522b16b94064985fb73e4c","family-10f87faacca5a08f29d3","scope_lookup","after_close","braces","nonce","not_dispatched","Response status: not_dispatched","","","","false","false","false","","","",""
"0e8abec2730ce4af88e5a66042a4faf81a0f69099ebc55068afac596981e1a11","family-c33750973d7bb2b01ed3","scope_lookup","after_close","padded_end","nonce","not_dispatched","Response status: not_dispatched","","","","false","false","false","","","",""
"0eaa09c7b6b5b41bb98d838c1c906cf5d0a642132e3bbb4c7315c1532254b6f1","family-34637b4b2fcf78aa9be1","scope_lookup","after_close","padded_end","nonce","not_dispatched","Response status: not_dispatched","","","","false","false","false","","","",""
"0eb85e8d879c6e6275a90717e9977458cb1907d5f88c9b144f7593828511cdbd","family-3e012534b61993cf8264","scope_lookup","after_close","padded_end","natural","not_dispatched","Response status: not_dispatched","","","","false","false","false","","","",""
"0eb8be9385cf541e8f598cd68da5dd5b737ad9c52430b8e824ea75e6c338a621","family-5f855b35c87e7752fc0f","scope_lookup","after_close","braces","nonce","not_dispatched","Response status: not_dispatched","","","","false","false","false","","","",""
"0ec70954f4f79e684d6db3178ecbebdac8b21bd6807923de4cab9f3e26e6f58b","family-9bcf7d569ea4e7fe738d","scope_lookup","after_close","generic_end","natural","not_dispatched","Response status: not_dispatched","","","","false","false","false","","","",""
"0edfd16c5f0209ca498f37149f230583e698a1e4490002d9ef8fb9c110f74b73","family-d548c5f900182242bf0c","scope_lookup","after_close","named_end","natural","not_dispatched","Response status: not_dispatched","","","","false","false","false","","","",""
"0ee5b1f476c8dbc3dc991012c3846e40b79c696dbd8a1c5b4799c71d75c9646c","family-54c1e48a5e373dac734c","scope_lookup","after_close","generic_end","natural","not_dispatched","Response status: not_dispatched","","","","false","false","false","","","",""
"0ef481398e1484106623a9e16737350e0e8d118f7ef9fa15d604917254b70a14","family-d3a289c3533cedc1c30c","scope_lookup","after_close","padded_end","nonce","not_dispatched","Response status: not_dispatched","","","","false","false","false","","","",""
"0f004cb290958dbcbec21acbace06e09dc1ecc93f3b31945c4d25874d6d626fe","family-4f0904011a45ae5592c4","scope_lookup","after_close","generic_end","nonce","not_dispatched","Response status: not_dispatched","","","","false","false","false","","","",""
"0f0b40825cb645000d790f6159fcd4fff6701281895723592994e18a5c61290f","family-b47dfd60e0b99470e408","scope_lookup","after_close","generic_end","natural","not_dispatched","Response status: not_dispatched","","","","false","false","false","","","",""
"0f25eb92f0d7d48388f8dfbe02b35af00705206f5408d15a5ad698fd99530e71","family-d8ffa213a5ce309b4edd","scope_lookup","after_close","typed_end","natural","not_dispatched","Response status: not_dispatched","","","","false","false","false","","","",""
"0f262ab4c0d68ba3c89ee39a0f16454b1fe5c78f3eaa06fa48c3916e45b5d792","family-2cbd58099ec594d466b1","scope_lookup","after_close","braces","natural","not_dispatched","Response status: not_dispatched","","","","false","false","false","","","",""
"0f2b347a334d33a7ac29937bcd37f6a292259a21c14518520edbd6de072c6302","family-bb74c2c8f2e292c33a1f","scope_lookup","after_close","padded_end","nonce","not_dispatched","Response status: not_dispatched","","","","false","false","false","","","",""
"0f2f9b9d6435562d948f2074efac486c9d37013674816628c8d3ea0511803214","family-9d6e50e771e053fd4b63","scope_lookup","after_close","named_end","natural","not_dispatched","Response status: not_dispatched","","","","false","false","false","","","",""
"0f5e1271bbf1ebdb77c0b6a22f0649f8f577c381c9f345e8bd5980d78999d0fc","family-dde08e4020268c442b03","scope_lookup","after_close","braces","natural","not_dispatched","Response status: not_dispatched","","","","false","false","false","","","",""
"0f63bb1f5a9f67d88beb0a83b873248b4cfe930a7437d3c481e5df52079984c1","family-c53e4b7b7f5b93e1e2d3","scope_lookup","after_close","typed_end","natural","not_dispatched","Response status: not_dispatched","","","","false","false","false","","","",""
"0f64243338748167148c03c998a5a417785957e103a8a9708981a7365e242380","family-11b86705ec9ee34e87c5","scope_lookup","after_close","typed_end","nonce","not_dispatched","Response status: not_dispatched","","","","false","false","false","","","",""
"0f6b903b4b567ed98a7f0e6e79db256fc96cef26f7cd916b06f7c988afc42460","family-e9d7370e7f08ecaca89c","scope_lookup","after_close","braces","natural","not_dispatched","Response status: not_dispatched","","","","false","false","false","","","",""
"0fb3616b9c478ef3d7418f80e74d5665a56e9e784ff037531de014f1ce85f980","family-965e957e4d8298784a4e","scope_lookup","after_close","typed_end","natural","not_dispatched","Response status: not_dispatched","","","","false","false","false","","","",""
"0fbda7c9001ddf9c255edab49b1d7147c57ee742a4c55b105e69bb59f377daad","family-c347c1fea736898223fe","scope_lookup","after_close","braces","nonce","not_dispatched","Response status: not_dispatched","","","","false","false","false","","","",""
"0fc43fb97728058ff9ff158b7a969e4e4a4b4de4cb8738527864908d2ca107a0","family-0eb3f9df620743533159","scope_lookup","after_close","braces","nonce","not_dispatched","Response status: not_dispatched","","","","false","false","false","","","",""
"100c0304b480795aa0d9a7b368889ac06e5b240a7d8a805e04ec8eea701d1aaa","family-e90df32c0ee7b57970ce","scope_lookup","after_close","braces","nonce","not_dispatched","Response status: not_dispatched","","","","false","false","false","","","",""
"103a4395886c93d438b73250df0aa7e660385b52eeb122ec91c7676ccc4db714","family-7714405fa2a1d3a1c132","scope_lookup","after_close","named_end","nonce","not_dispatched","Response status: not_dispatched","","","","false","false","false","","","",""
"103c3a611eb3e831f300fa9a6c64777a1081491d0577e4f9686856b3850001a3","family-750b447a22b873db6093","scope_lookup","after_close","typed_end","natural","not_dispatched","Response status: not_dispatched","","","","false","false","false","","","",""
"105957b1807bed9e06444bb6996b33789f269500c4e1d52c54318e7b31ab4403","family-8fe24f3228b7eb77ed3b","scope_lookup","after_close","typed_end","natural","wrong_answer","Expected 2950; received 7014","","","","true","true","true","","","",""
"105a6f217d1a2fac17341c86e4c13a42f26a967ca7ad3e169a26a867e3590919","family-2cbd58099ec594d466b1","scope_lookup","after_close","typed_end","natural","not_dispatched","Response status: not_dispatched","","","","false","false","false","","","",""
"105f00303499a48cf251190007372c6fc7f1650c9fb3b744ad0c6516cc6d04d0","family-4f4d496d00088890da68","scope_lookup","after_close","named_end","nonce","not_dispatched","Response status: not_dispatched","","","","false","false","false","","","",""
"1066fadac34742a26e6584f582e8d514ced69b2ea30229e9c4c210008e8d741b","family-fda958a3ab72cffd8620","scope_lookup","after_close","braces","natural","not_dispatched","Response status: not_dispatched","","","","false","false","false","","","",""
"109670c23e875137f799452e9daae757445aa17fe8f68bf01f7501b1887489a0","family-8e4dcf3ae32c0f100166","scope_lookup","after_close","typed_end","natural","not_dispatched","Response status: not_dispatched","","","","false","false","false","","","",""
"10aec1bd93aa7f951e1655c9f73099ba3a58f336c012bc21b9b9472c5356e7f7","family-85a4112782ddb4c549ee","scope_lookup","after_close","named_end","natural","not_dispatched","Response status: not_dispatched","","","","false","false","false","","","",""
"10b2d6070f6bda4ec70cb2f48771f5f8d3badc61e3ca52ab42b7222b4e7fc5fb","family-09b4a88bbbe85d9c3921","scope_lookup","after_close","padded_end","natural","not_dispatched","Response status: not_dispatched","","","","false","false","false","","","",""
"10dc9e18da9219c6efb4b0d7ee4955ed94eabf80dd382ef7c655196fdc839d25","family-d6fbc2c230d22a868b4e","scope_lookup","after_close","named_end","natural","not_dispatched","Response status: not_dispatched","","","","false","false","false","","","",""
"110655bd2956b18eda52d22ca80f9e4a4ea5c829d64219530657c104c64b289c","family-37091b20ad081d82704e","scope_lookup","after_close","typed_end","nonce","not_dispatched","Response status: not_dispatched","","","","false","false","false","","","",""
"111df652ed63c49bf2672e4fac3218f62d8c3ba9b993f5f8cd415791eb1198fe","family-50493ec470d72292f2f1","scope_lookup","after_close","named_end","natural","not_dispatched","Response status: not_dispatched","","","","false","false","false","","","",""
"112a4aa49199819c8b23622896f709590c50513a0ed47a9307407425c374fe94","family-e5ca796e3782d6f2cb04","scope_lookup","after_close","named_end","nonce","not_dispatched","Response status: not_dispatched","","","","false","false","false","","","",""
"1159832972153ddd70586a2a8c9d66460c82f602641e0aaa6598c7ab41a68a48","family-8c9a526b3467460711d6","scope_lookup","after_close","padded_end","natural","wrong_answer","Expected 2577; received 1289","","","","true","true","true","","","",""
"1176b80f8b66f0bbea447c4ac4ee719084702642ebc6fdd08c1b894c3a562561","family-00736e1f79dcf3e4cea3","scope_lookup","after_close","generic_end","nonce","wrong_answer","Expected 6795; received 7747","","","","true","true","true","","","",""
"117bbf282fa42c628924f0f1d09709821d29d0ac9576cf40b1c54071bad1e352","family-81b5c1c97e7277175b1f","scope_lookup","after_close","padded_end","natural","not_dispatched","Response status: not_dispatched","","","","false","false","false","","","",""
"117cde8d9e8a57465c0291202cca2d2c8f9fef9adc2aa8d89da866a5ad10d153","family-16ace9e92c6083aa14ae","scope_lookup","after_close","generic_end","nonce","wrong_answer","Expected 8682; received 5690","","","","true","true","true","","","",""
"1182167e8e733ef822a0770b995ce05db8b8f7bc92fd1f490284cafc250111c0","family-1fc89de4b2b652d176d6","scope_lookup","after_close","generic_end","natural","not_dispatched","Response status: not_dispatched","","","","false","false","false","","","",""
"118b058b71ae6832add9f8ef96d1a746b034824b08c4355c96ef537b18e9e7e4","family-39cc5f35c08943b49cd0","scope_lookup","after_close","generic_end","natural","not_dispatched","Response status: not_dispatched","","","","false","false","false","","","",""
"11ad1717a852d25781e84af441d61f74a3c6d33fab99310e501d90a7585ad1e8","family-c6e69f1599d6465947ae","scope_lookup","after_close","typed_end","natural","wrong_answer","Expected 5349; received 1047","","","","true","true","true","","","",""
"11b018eb7a52046d8511b3a5b61107fc0bf0d25c1f67201739ade8c47efe4320","family-c33750973d7bb2b01ed3","scope_lookup","after_close","typed_end","nonce","not_dispatched","Response status: not_dispatched","","","","false","false","false","","","",""
"11d7d84970b0c886c34ff819100d153b6b0e7197c80765240a04db67d96cfff3","family-c7dc42abcd7928aa1fd7","scope_lookup","after_close","typed_end","nonce","not_dispatched","Response status: not_dispatched","","","","false","false","false","","","",""
"11e32445d0c47b72119da6d28e6819b0d2a7ad90cc77fca498d2d8da5b3d674d","family-e6e51e5de948f110de91","scope_lookup","after_close","braces","nonce","not_dispatched","Response status: not_dispatched","","","","false","false","false","","","",""
"11fc74d941ad13cc335a077513f194a96b0bee5e241743072b0dd5eab1f5387c","family-9eefc660f35e8050ac2d","scope_lookup","after_close","generic_end","natural","not_dispatched","Response status: not_dispatched","","","","false","false","false","","","",""
"120168753be17bf4bd7178add5af3fbef85f7a3b2813d2da184f515dd52ff7a9","family-dac8e1db247fbe653c51","scope_lookup","after_close","braces","natural","not_dispatched","Response status: not_dispatched","","","","false","false","false","","","",""
"1216174222b7d2999f6478f4054b9ede56cd646503baf6dd3849793ff989d69f","family-f9196425b0fb748978de","scope_lookup","after_close","generic_end","natural","not_dispatched","Response status: not_dispatched","","","","false","false","false","","","",""
"122401838c58203944f2ab5960abf6ddc6f569725db58c5cb128cae81fecf994","family-4f09c00bd3e6cfadf50a","scope_lookup","after_close","named_end","natural","not_dispatched","Response status: not_dispatched","","","","false","false","false","","","",""
"122df84122d584f7b5a15aa763a1b18ab356367afc74c70904334cee802240e7","family-f13778db5d945766e013","scope_lookup","after_close","padded_end","nonce","not_dispatched","Response status: not_dispatched","","","","false","false","false","","","",""
"1256b5ffc1afc701be6eea56c033e12d5804acda71d191b042f9359bf478fec7","family-1ae68ec0c27ac2f256a5","scope_lookup","after_close","padded_end","natural","not_dispatched","Response status: not_dispatched","","","","false","false","false","","","",""
"1264935c9a923bd8de90bd63c5068ec3af6dd9f5c095bf2eb42f364709219311","family-ae1b4ec6df96fb4b7a32","scope_lookup","after_close","typed_end","natural","not_dispatched","Response status: not_dispatched","","","","false","false","false","","","",""
"126ca36b4ad9afb45ef2a4d18f1819a73248f6108fdf67a0ec476329afadff78","family-edfae4a2ef501e054d9e","scope_lookup","after_close","typed_end","natural","not_dispatched","Response status: not_dispatched","","","","false","false","false","","","",""
"128ba54371211e3b40b2ecd985fd930b067b9fff8707ca629fe560b783772928","family-c7dc42abcd7928aa1fd7","scope_lookup","after_close","named_end","nonce","not_dispatched","Response status: not_dispatched","","","","false","false","false","","","",""
"12cb25e44bc922fcad10f9b4ede228d78fef376ed556c39e61a63e1b862ce1b1","family-7e7292c1f798ebb57a6f","scope_lookup","after_close","padded_end","natural","not_dispatched","Response status: not_dispatched","","","","false","false","false","","","",""
"12dd7272430be7f259240ee1f014dbdd08c3bfd098f2c93064608b780f169fd7","family-6100b4860f4517496506","scope_lookup","after_close","braces","natural","not_dispatched","Response status: not_dispatched","","","","false","false","false","","","",""
"12ed67c2c71f8ad5f6fc811549aa2e258113d87a7dc0e7df6ee9e6d455c49877","family-cc06674a939534da2c13","scope_lookup","after_close","typed_end","natural","not_dispatched","Response status: not_dispatched","","","","false","false","false","","","",""
"130a46f308d21fb7cbac1c49e3ebcb16289fa42647a934c529881068e5e75a2c","family-b3b20e3062fd3c008541","scope_lookup","after_close","braces","nonce","api_rejected","Response status: api_rejected","","","","false","true","true","","","",""
"131a2930852d18ff2cd4cde698e10f4d7221b5be472cffe523e8253f4c03af2f","family-a2e4fc9b48f060baaad8","scope_lookup","after_close","generic_end","natural","wrong_answer","Expected 1746; received 8682","","","","true","true","true","","","",""
"1341512efa831c346e544a9db14318f1c0cda4ccb30eb1810bdfbb41c5fc33bb","family-1270ade5663f5ae56168","scope_lookup","after_close","typed_end","nonce","wrong_answer","Expected 2263; received 6348","","","","true","true","true","","","",""
"1379b5718f377a17892d961252b580a94c9f818ad22884986003da49c9a77fde","family-4c44751ce578f7ecc770","scope_lookup","after_close","typed_end","natural","not_dispatched","Response status: not_dispatched","","","","false","false","false","","","",""
"137d510ff3b570345ec026d4d752e2fa64b2e6f05bf705180e797bcb514d9dca","family-29b1a41423991f061c26","scope_lookup","after_close","braces","natural","not_dispatched","Response status: not_dispatched","","","","false","false","false","","","",""
"13890b7ae9fd985a979a07c815787a75af78b85e0d58f99e5ba5a793b49af9a6","family-2ba1fc2994984a55b06d","scope_lookup","after_close","typed_end","natural","not_dispatched","Response status: not_dispatched","","","","false","false","false","","","",""
"13c1d4c82796a552e1344525505e7b95048dbc782d04f2d373dc3cf55dfd8de1","family-4f0904011a45ae5592c4","scope_lookup","after_close","typed_end","nonce","not_dispatched","Response status: not_dispatched","","","","false","false","false","","","",""
"13c7919ce1930e7b60617f47ee256e7be5a0b82e610468fdeda0ea1ef1e40fb6","family-53dc9a159913bfc3b333","scope_lookup","after_close","padded_end","natural","not_dispatched","Response status: not_dispatched","","","","false","false","false","","","",""
"13e63df997f4d4f96014f5db533a108f4e6010e97974482d36481f07ef5cff9d","family-85f33245ba7589a7ec72","scope_lookup","after_close","typed_end","nonce","not_dispatched","Response status: not_dispatched","","","","false","false","false","","","",""
"14691883239b213ff6e417356de8ebd7289828b5b58b358c06d833756629856e","family-c347c1fea736898223fe","scope_lookup","after_close","padded_end","nonce","not_dispatched","Response status: not_dispatched","","","","false","false","false","","","",""
"14752107cab805fe9cfa88fdc7eccdb6323dabe82bbcdd365761a02592a2c462","family-1b275cdb1d9d6601a71b","scope_lookup","after_close","typed_end","natural","not_dispatched","Response status: not_dispatched","","","","false","false","false","","","",""
"1481e0c4e95d0d5f8d4f36c7127dff367a50ab1ca03dccfcb1300bcd4d735ebc","family-4eb4ca8847da16e35d87","scope_lookup","after_close","generic_end","natural","not_dispatched","Response status: not_dispatched","","","","false","false","false","","","",""
"14aefbeaeb6c7641ab5f4dc6d99120a0b1361d671a64faff6a44ba599146f4ec","family-e6c95f67787066ff838f","scope_lookup","after_close","padded_end","nonce","not_dispatched","Response status: not_dispatched","","","","false","false","false","","","",""
"14bc8916bbf98d14bb44fe2c7f27411002c8f48916384f1cdde8010165426231","family-b06c38dda0f6ef2944fd","scope_lookup","after_close","typed_end","natural","not_dispatched","Response status: not_dispatched","","","","false","false","false","","","",""
"14c2213859e28b9c3d4b25e18b97af0ff29ab37da326d3cc7377a803c819bfbe","family-f9e89108d82d4ba4602c","scope_lookup","after_close","typed_end","nonce","not_dispatched","Response status: not_dispatched","","","","false","false","false","","","",""
"14d32277b447ebd0778bed909bcbaab68a89c0ed096986f05d0889e245adcf75","family-c3d013e43b09c78a77fe","scope_lookup","after_close","braces","nonce","not_dispatched","Response status: not_dispatched","","","","false","false","false","","","",""
"14e22a3468fbac5ce4137da148d8843e47e26c820f7bb99b0c925b81255f8dec","family-7b3bed9c95d2f326c43d","scope_lookup","after_close","padded_end","nonce","not_dispatched","Response status: not_dispatched","","","","false","false","false","","","",""
"1513d6d6016fabb28a66fd5bc54f81f43db2cb92633ad45889db81579f0f592f","family-d86315f276987eaa7332","scope_lookup","after_close","braces","nonce","not_dispatched","Response status: not_dispatched","","","","false","false","false","","","",""
"152a96faaaca35354092da1523230afeb364b9dc7cf7ecdb3ff510ef821c7563","family-37e71f85dfa4b5415e42","scope_lookup","after_close","generic_end","natural","not_dispatched","Response status: not_dispatched","","","","false","false","false","","","",""
"15498b49371ef005c2754c0c5f3d934cae8f0a0a1a87b49519d6cd472c89ef5b","family-24f14ad02f9d79d4e6f7","scope_lookup","after_close","braces","nonce","wrong_answer","Expected 6444; received 6385","","","","true","true","true","","","",""
"1557b96817bc62df500d7c8ae2060eaea6e54b0a66631d11eacb588d1cef8637","family-b3b20e3062fd3c008541","scope_lookup","after_close","named_end","nonce","api_rejected","Response status: api_rejected","","","","false","true","true","","","",""
"15762b98443e7a510f6a27bcd2522f672fea2b56f33156bb539aadf5a218c077","family-26424f3e46400e918ad5","scope_lookup","after_close","typed_end","natural","not_dispatched","Response status: not_dispatched","","","","false","false","false","","","",""
"158226d27c72baf31e9f639fafe7d64610a81db211ce237a60caf8fd601fcf09","family-85f33245ba7589a7ec72","scope_lookup","after_close","generic_end","natural","not_dispatched","Response status: not_dispatched","","","","false","false","false","","","",""
"15b3107d3086cac432e448fa6e4b0bf326346ffd14d6ebc378d2b9fa88f9c1c6","family-970fcc791975ca15fd0f","scope_lookup","after_close","named_end","nonce","wrong_answer","Expected 5392; received 9299","","","","true","true","true","","","",""
"15b74ddcd3ce0bc48c61c1343a62a280600a6e08cc50148dbbf7b4ab11e7ec8c","family-f1a8bfef505962af7ac8","scope_lookup","after_close","generic_end","natural","not_dispatched","Response status: not_dispatched","","","","false","false","false","","","",""
"15ca97481ebf40e87aa2949253e40599815b9197739f04450f3f933295f29323","family-e16df58183f0df0d937b","scope_lookup","after_close","padded_end","natural","not_dispatched","Response status: not_dispatched","","","","false","false","false","","","",""
"15cb1a89ea502ec55624a7887feb58518110248e49c1a3328b14f1b3a737f156","family-82a951c68b26c1e33a1f","scope_lookup","after_close","padded_end","natural","not_dispatched","Response status: not_dispatched","","","","false","false","false","","","",""
"15d34c3443e5e75573eb4788e510e7f2b7d5089aebc8cfd23a347397b630f9e9","family-d5f537a60742210bf1e3","scope_lookup","after_close","braces","nonce","not_dispatched","Response status: not_dispatched","","","","false","false","false","","","",""
"15e9e369f33b8fabc158e1dc98cf19d97f67fd9ff9b2a139a67ebf07e9a46f6f","family-9eefc660f35e8050ac2d","scope_lookup","after_close","named_end","natural","not_dispatched","Response status: not_dispatched","","","","false","false","false","","","",""
"1606dc8790332a63f74c209c779b81bb65bf09013634542c17bd1d32f519bdb9","family-4658eeed1046c7a0d6b5","scope_lookup","after_close","braces","natural","not_dispatched","Response status: not_dispatched","","","","false","false","false","","","",""
"162ec44058facd03c1eaf603803071ac475dd5fb643cbd9e4cf77eaea424b01b","family-37091b20ad081d82704e","scope_lookup","after_close","braces","nonce","not_dispatched","Response status: not_dispatched","","","","false","false","false","","","",""
"163645b1d736f16b26533dc2495f1646829d88f509beebfbcf146e9a985fa558","family-943c646e5fd26ceba388","scope_lookup","after_close","named_end","nonce","not_dispatched","Response status: not_dispatched","","","","false","false","false","","","",""
"163a43c23ae3ed5eb6af647719d7b4bc07e501d9c9ff555f134f7407a77b810e","family-6100b4860f4517496506","scope_lookup","after_close","padded_end","natural","not_dispatched","Response status: not_dispatched","","","","false","false","false","","","",""
"16452e8bb6c08533b2094203b879500bcf4ffb20519b71285d504a12787bef8a","family-26424f3e46400e918ad5","scope_lookup","after_close","braces","nonce","not_dispatched","Response status: not_dispatched","","","","false","false","false","","","",""
"166ada5764f3a04fc80275006b3c4deeeafb6288022bca1b551f48579c04ad08","family-a687b9583e025493e18e","scope_lookup","after_close","padded_end","nonce","not_dispatched","Response status: not_dispatched","","","","false","false","false","","","",""
"166fab98b78e605e5f6988b90a2234e5107f13a263fe06fc7ad7bb4eac194d13","family-f857e73b644ab2c812fd","scope_lookup","after_close","generic_end","natural","not_dispatched","Response status: not_dispatched","","","","false","false","false","","","",""
"1678fb2c7a6f2f9de6769e8e116ab7ccaa03c95e319b4eb435870ac166fdebae","family-943c646e5fd26ceba388","scope_lookup","after_close","generic_end","nonce","not_dispatched","Response status: not_dispatched","","","","false","false","false","","","",""
"168403b259127549cf573ce638f1f9d72177b8b9eb906b3b2ee640154182e2c7","family-29b1a41423991f061c26","scope_lookup","after_close","generic_end","natural","not_dispatched","Response status: not_dispatched","","","","false","false","false","","","",""
"168c792495645b0856be22ab7a9d5bc0eb299c4f97f11f2a050545ef9c80f2b7","family-66ab467dacdd8e81b06b","scope_lookup","after_close","padded_end","nonce","not_dispatched","Response status: not_dispatched","","","","false","false","false","","","",""
"16b912dce3528b9b4b456f955f94f162da9f36a887bb769192cbdc71574b214e","family-9061b3702b95d74a7ca2","scope_lookup","after_close","padded_end","nonce","not_dispatched","Response status: not_dispatched","","","","false","false","false","","","",""
"16bdbf8a8b2d7e98aed1699b7c937e4e709975f1440e555b60dc5c573ae320b1","family-ff162c61e24aad4247f3","scope_lookup","after_close","typed_end","natural","not_dispatched","Response status: not_dispatched","","","","false","false","false","","","",""
"16f5dfa58bd69a2f4d2d7ab501eeaf43e343a8dbe67d142b7583f29fad47de83","family-ecf47f012083117c0103","scope_lookup","after_close","generic_end","nonce","not_dispatched","Response status: not_dispatched","","","","false","false","false","","","",""
"16ff3033b72a02221e00af5065b915e9950dfd7fc44c224af53fd5687d0f64f5","family-f857e73b644ab2c812fd","scope_lookup","after_close","braces","natural","not_dispatched","Response status: not_dispatched","","","","false","false","false","","","",""
"1700a73dafb7dda60fba2b29c161477cc27d9320d12dad176b67ae30fc9c2645","family-dd63645388b6be942096","scope_lookup","after_close","typed_end","nonce","not_dispatched","Response status: not_dispatched","","","","false","false","false","","","",""
"170f8a2b17c4f76da5ad6235df22369425260d0283e28d65803aae9bc298d90e","family-41d3c9284eb15090d4b0","scope_lookup","after_close","generic_end","natural","not_dispatched","Response status: not_dispatched","","","","false","false","false","","","",""
"174a391b2115cca0f041e5715af751e50ccbb0632705625be153be686b9b734b","family-50493ec470d72292f2f1","scope_lookup","after_close","generic_end","natural","not_dispatched","Response status: not_dispatched","","","","false","false","false","","","",""
"1752274691a8329f1e16092647d8bdba78e5f7ca8f5a02ffb7d89d8623f8bdd7","family-a66ea7cf7777d523fa0a","scope_lookup","after_close","padded_end","natural","not_dispatched","Response status: not_dispatched","","","","false","false","false","","","",""
"175af0532fe8e327dc1329fcd82f41fe644155a2c2bf2a68f3f0574f8080e9d0","family-66ab467dacdd8e81b06b","scope_lookup","after_close","braces","nonce","not_dispatched","Response status: not_dispatched","","","","false","false","false","","","",""
"1761e852a69d1b7f9366209ef06f37d12fcb04447bdb67b651aa765c335e27c5","family-bd38bffc442c34f39c74","scope_lookup","after_close","typed_end","natural","not_dispatched","Response status: not_dispatched","","","","false","false","false","","","",""
"1785286be780d754c11b79631c90ec1c283c7e627ecd063d8d9f2d98f14cb636","family-73a7c567db3e9ee9bd58","scope_lookup","after_close","typed_end","nonce","not_dispatched","Response status: not_dispatched","","","","false","false","false","","","",""
"17acbf57ccb35be3b14fc7a534a0c83d77ad532c522ee775642c920b1faff4a7","family-5cc46da926f300fc886f","scope_lookup","after_close","braces","nonce","wrong_answer","Expected 8012; received 9678","","","","true","true","true","","","",""
"17c6b0185c31e4369a4a230f77fbd922b047185f95397b65cd3fc77b9917c65c","family-d5f537a60742210bf1e3","scope_lookup","after_close","padded_end","natural","not_dispatched","Response status: not_dispatched","","","","false","false","false","","","",""
"17d6120f885c14a62ab279a521047e008896521051f7e137ee98fcad003b1a8a","family-d5f537a60742210bf1e3","scope_lookup","after_close","named_end","natural","not_dispatched","Response status: not_dispatched","","","","false","false","false","","","",""
"17ea309df917f799bb5db8ee2e8856e1d9e32d1f4a2817304eaf47393933ac10","family-4b6c2e38351ea351c486","scope_lookup","after_close","typed_end","nonce","not_dispatched","Response status: not_dispatched","","","","false","false","false","","","",""
"17f20ff2b6707394eddb0483b95ab3b382b2e19a0c64eac9999d852715c895e9","family-35072a31b6134c8f283b","scope_lookup","after_close","typed_end","nonce","not_dispatched","Response status: not_dispatched","","","","false","false","false","","","",""
"18079556092b4502257987166664a33f293c631ca5ce435ce335a0051fe78a34","family-069a6373157818e063fe","scope_lookup","after_close","braces","natural","wrong_answer","Expected 6884; received 8623","","","","true","true","true","","","",""
"1816fa3a1a745bd9cbddfd70d2af45490855846560ef147fdc4b2fd9390b1280","family-1ad1a54830bc8740173d","scope_lookup","after_close","generic_end","natural","not_dispatched","Response status: not_dispatched","","","","false","false","false","","","",""
"18bc93602fb7771d7a5a3eaf541eb2e99001ef061b2e2cc05a2e9f6df566eb69","family-449e8e2be7c8486912c7","scope_lookup","after_close","braces","nonce","not_dispatched","Response status: not_dispatched","","","","false","false","false","","","",""
"18ca472fcb798c9384e07f299cb3249107d39c868fd94a1407a25cb73191b5ee","family-9061b3702b95d74a7ca2","scope_lookup","after_close","typed_end","natural","not_dispatched","Response status: not_dispatched","","","","false","false","false","","","",""
"18fa0d916473a80a465c1f31336703a7315fd61be45454246c2795fb5260b52b","family-c2443995dc6c2d3e49fa","scope_lookup","after_close","generic_end","natural","not_dispatched","Response status: not_dispatched","","","","false","false","false","","","",""
"1913a9402ca8f30c30060ccf13bb093b2e304d9c5e836515cf9fc4001f86f3b3","family-365f2be098ba49c5211e","scope_lookup","after_close","braces","nonce","wrong_answer","Expected 3744; received 3529","","","","true","true","true","","","",""
"196acf1f1f2b985488fb34e9e43ef22f00ac5014eae089c7790c79d98daa26de","family-2d405169f2af4e0021bd","scope_lookup","after_close","generic_end","natural","not_dispatched","Response status: not_dispatched","","","","false","false","false","","","",""
"1975e9201b668610ac880ccc56d8866f3d5b903fb0ea0a68a004f93e889408fc","family-2e30a9559bdf8a168203","scope_lookup","after_close","generic_end","natural","wrong_answer","Expected 9920; received 2129","","","","true","true","true","","","",""
"19a3c7a8d3fd51f5e07881a723b4c98ae6f1e2549bf62f0aff7631c9ed3b63e8","family-1b4ad064baa5f003980f","scope_lookup","after_close","typed_end","natural","not_dispatched","Response status: not_dispatched","","","","false","false","false","","","",""
"19a8847571f76ed46234081e7d2670a06197599549f41eea3eb136383fc0c56d","family-12030a7214ba83d0a44e","scope_lookup","after_close","braces","nonce","not_dispatched","Response status: not_dispatched","","","","false","false","false","","","",""
"19b242697f69bdd0161b71a262496764f0025cf7a386fb3fd573f5e4b4042cd3","family-1a2337f1ba4ea155043f","scope_lookup","after_close","typed_end","natural","not_dispatched","Response status: not_dispatched","","","","false","false","false","","","",""
"19b4b30c9875bf270eafe0792185e376b70aafb29cf1b5cc0f918d88c811e24c","family-fda958a3ab72cffd8620","scope_lookup","after_close","named_end","natural","not_dispatched","Response status: not_dispatched","","","","false","false","false","","","",""
"19bbec0ae7a5dc8d6c2bcdad1a24d11dcdd81424887c18cda3c43d7db496c041","family-9bcf7d569ea4e7fe738d","scope_lookup","after_close","named_end","natural","not_dispatched","Response status: not_dispatched","","","","false","false","false","","","",""
"19c01a781144bcec3caf8b6c348ffe13276affd424007532d755d0fb754e059b","family-5ac75d8a5f8b5559022c","scope_lookup","after_close","padded_end","nonce","wrong_answer","Expected 6240; received 1683","","","","true","true","true","","","",""
"19c292f6040c828bfa0457de1046427d091344ce7ab0d6f35e4400bebc0f07fd","family-7c6644e9597e713f6c74","scope_lookup","after_close","padded_end","natural","not_dispatched","Response status: not_dispatched","","","","false","false","false","","","",""
"19dac7f0424fc8189c696422eb639f9a40184e0c96c52c5d7ea5e83011162c73","family-60e6b994a57cd0667b2a","scope_lookup","after_close","typed_end","nonce","not_dispatched","Response status: not_dispatched","","","","false","false","false","","","",""
"19f6d53c137343ff8c1b59a9148c8b6fb7496ce86dfcf6784425542cd6e52add","family-ed05da2b0d9dd06af867","scope_lookup","after_close","braces","natural","wrong_answer","Expected 4263; received 7965","","","","true","true","true","","","",""
"1a1000f7ac2731ea97d0a60f1f30861bfc4d87047ced113ae9a5bdc7281acc43","family-2cf9c0e1acc961b2e786","scope_lookup","after_close","named_end","natural","api_rejected","Response status: api_rejected","","","","false","true","true","","","",""
"1a28f37a6ab6fc08955bb2ec112b5a6fee584a6516b930e37b6586efb2bf50dd","family-0acf2d0f70648c07f8ce","scope_lookup","after_close","braces","natural","not_dispatched","Response status: not_dispatched","","","","false","false","false","","","",""
"1a327cd6c77dd22c385d8c9cc4e145cdf27b85d505fded3325eb443f75401cf2","family-adb07efb005c6f501c6d","scope_lookup","after_close","typed_end","nonce","not_dispatched","Response status: not_dispatched","","","","false","false","false","","","",""
"1a46c52e0f6fa75a99159ddc3c1e6036489bd2238251406ae8a7c58c554120d8","family-425186a1327ddf3eb5ca","scope_lookup","after_close","typed_end","nonce","not_dispatched","Response status: not_dispatched","","","","false","false","false","","","",""
"1a8359e022a72c1f09d278aa581a2c982bc4fefe7fe39398b24225d005860a70","family-4c44751ce578f7ecc770","scope_lookup","after_close","named_end","natural","not_dispatched","Response status: not_dispatched","","","","false","false","false","","","",""
"1ab29ba1107fd09759117bf579568136235b6a7fd4fd1ea99bdd90375447b3d8","family-40e8465255e9a32d9a35","scope_lookup","after_close","braces","natural","not_dispatched","Response status: not_dispatched","","","","false","false","false","","","",""
"1abffc8640d3b08a0c52f29de30f70d5143cbbc110095f6ca703b2b1fcc24218","family-d1d59a338a5cd025894e","scope_lookup","after_close","padded_end","nonce","wrong_answer","Expected 7417; received 9365","","","","true","true","true","","","",""
"1ac535018cdfb77b83a543161ae21e49b511af0b261345d02e556f9af626d97d","family-c3f9452e889ae7c58a90","scope_lookup","after_close","braces","natural","wrong_answer","Expected 4460; received 1215","","","","true","true","true","","","",""
"1acc51460aca53755504556fa84450f74c91ac81b8df88e1c6c7fb15d7a8a92a","family-e739721766419f8ad9dd","scope_lookup","after_close","padded_end","nonce","api_rejected","Response status: api_rejected","","","","false","true","true","","","",""
"1ae164adfcbcc966687fb3a06a95b642c972023117e5dc424481e3ad359d1109","family-a163b39b443aa35544cf","scope_lookup","after_close","padded_end","natural","not_dispatched","Response status: not_dispatched","","","","false","false","false","","","",""
"1ae24e67f819ab1219b91cc5ed5e38fcb3c30c6f989d49e0c02d71abee132f7f","family-88a77517ce499a954258","scope_lookup","after_close","generic_end","nonce","wrong_answer","Expected 6992; received 6222","","","","true","true","true","","","",""
"1ae2cff528232dafa467b4c6ce104a6ae4577075dbefffec514d8bba8aa9acf0","family-12030a7214ba83d0a44e","scope_lookup","after_close","padded_end","nonce","not_dispatched","Response status: not_dispatched","","","","false","false","false","","","",""
"1b0b25e85598cad1b036cc8881f649928010ea8b317f7a13f8cb3c209f7c2f40","family-8e4dcf3ae32c0f100166","scope_lookup","after_close","typed_end","nonce","wrong_answer","Expected 9594; received 3068","","","","true","true","true","","","",""
"1b2de55166c1ebdf2490b8c64641caa45d21db0f784a83c06cbda8cb00a9ce57","family-1fc89de4b2b652d176d6","scope_lookup","after_close","braces","natural","not_dispatched","Response status: not_dispatched","","","","false","false","false","","","",""
"1b632bbbad986a2f1050d90d40175ed1e7e3220fc9b5c88f7f86d3a6bbaa8019","family-eea1d81d48be863d48b4","scope_lookup","after_close","generic_end","natural","wrong_answer","Expected 8249; received 2876","","","","true","true","true","","","",""
"1b649d2f598cc0722a271a25ac30a8372995de28c95c7a3bf690a731f700c7dc","family-4e0a075e10dfff7929d9","scope_lookup","after_close","braces","nonce","not_dispatched","Response status: not_dispatched","","","","false","false","false","","","",""
"1b6b0bb396d619c5c3d7e779ae3e86e5507ab67f3adac1dfc0d4948c5d0aed23","family-a2dff9755a304f00f563","scope_lookup","after_close","padded_end","nonce","not_dispatched","Response status: not_dispatched","","","","false","false","false","","","",""
"1b8c1553b8debe94afd1532934a31a8cb05fa716ab7ec188e18374faceeed4e3","family-a2ece4fbdba8feaddd6b","scope_lookup","after_close","typed_end","natural","api_rejected","Response status: api_rejected","","","","false","true","true","","","",""
"1bdd3da600d30dff0a51e8a88eac5e87f2eded6103bd48595e931fb1fbeae733","family-a22670a9df47816a1d78","scope_lookup","after_close","typed_end","nonce","not_dispatched","Response status: not_dispatched","","","","false","false","false","","","",""
"1c06099055e3ee4a8b6606feedc75c913fc56158a92903d431af7ba11f31d1bb","family-c347c1fea736898223fe","scope_lookup","after_close","typed_end","nonce","not_dispatched","Response status: not_dispatched","","","","false","false","false","","","",""
"1c2393f71e02c8c1e5f9ec423f1e34dcfdb072800ec17698eee648d470287e1d","family-8d7855852b7553d710fb","scope_lookup","after_close","typed_end","nonce","not_dispatched","Response status: not_dispatched","","","","false","false","false","","","",""
"1c3bddb68908f656660e075ea4d82683462f57b55c161935e5a9d68e86409371","family-5505ccb9d7b4d5cf9fa6","scope_lookup","after_close","padded_end","nonce","not_dispatched","Response status: not_dispatched","","","","false","false","false","","","",""
"1c59e6905a8397c29c5317e939fdfce204df7c7bae660bf33768bb3d2b806569","family-e6c95f67787066ff838f","scope_lookup","after_close","named_end","nonce","not_dispatched","Response status: not_dispatched","","","","false","false","false","","","",""
"1c69e8d6efff63bf8e22bcd16a79bb0930b1e77531a2d2987d3e6a07a748ef32","family-bd3c2969cbd85fad559f","scope_lookup","after_close","padded_end","natural","not_dispatched","Response status: not_dispatched","","","","false","false","false","","","",""
"1c74918c63a6b184bb7b057f1f57b6610689efe43b27469615fc780a22016d80","family-4f22130af5b4eb982150","scope_lookup","after_close","typed_end","natural","not_dispatched","Response status: not_dispatched","","","","false","false","false","","","",""
"1ce1dbc001532d351e0942bfe38266293ba396b72ae28f94f6957ef3b76a81e5","family-8de1019cd6cb55d42696","scope_lookup","after_close","braces","natural","not_dispatched","Response status: not_dispatched","","","","false","false","false","","","",""
"1ce8a9f037f7e6d9b9b717f2425b9ccd5dad5156f576a13fa6f34726d58619b6","family-e35cf05c60de2a1bfffb","scope_lookup","after_close","named_end","nonce","not_dispatched","Response status: not_dispatched","","","","false","false","false","","","",""
"1d4c784215cf09cbe3afc6c752cf758e69d2eb7fa3e86c45f82af0e34263d063","family-fbff6f169402a84ea98a","scope_lookup","after_close","padded_end","nonce","not_dispatched","Response status: not_dispatched","","","","false","false","false","","","",""
"1d74ec35b585d25e3f5034d552f0ae4158a76e71303e09d9b01de8a269f943b3","family-fddf2ce4f0547d7c496d","scope_lookup","after_close","generic_end","natural","not_dispatched","Response status: not_dispatched","","","","false","false","false","","","",""
"1da2a2c7f6e16819321a87c2ad6d008c0b0f53a2088f27cb28018d848cd0f1c1","family-b2b3ce1cf84d98d0409a","scope_lookup","after_close","generic_end","natural","wrong_answer","Expected 2922; received 5557","","","","true","true","true","","","",""
"1dadac3e428ad43c1002325334653529f29badc8f5e66b9903d22d3008a0d33a","family-9e74934a045b9bf738e8","scope_lookup","after_close","braces","natural","not_dispatched","Response status: not_dispatched","","","","false","false","false","","","",""
"1db3811cd468d10388f4f0db4a1f85ed37877c589f0fbde1c4cc8aaa2a531c9f","family-ab82262840047decc0cc","scope_lookup","after_close","braces","natural","wrong_answer","Expected 9030; received 8242","","","","true","true","true","","","",""
"1dd24966aabb22017b1dfe203472c9e9364f284527b70eed8cd28e3209b15846","family-0198f4746b66227e0715","scope_lookup","after_close","typed_end","nonce","wrong_answer","Expected 9250; received 6546","","","","true","true","true","","","",""
"1dfefdf29a3a020361e66ebbfe458bb78d67d6dd5499bc30d73261d24a8b9133","family-130bfd53f821d0de9f25","scope_lookup","after_close","named_end","natural","not_dispatched","Response status: not_dispatched","","","","false","false","false","","","",""
"1e01b6721fdf5b93d8c823de1b722ea26c03cc974807c8937fd1b40451c16b3a","family-a4b5c94983eec4913f23","scope_lookup","after_close","named_end","nonce","not_dispatched","Response status: not_dispatched","","","","false","false","false","","","",""
"1e44835e09df3455b0975203f0e5851588f139d28801bcbf4ebb17f63aed1941","family-bd4099cd056789e21e20","scope_lookup","after_close","typed_end","natural","not_dispatched","Response status: not_dispatched","","","","false","false","false","","","",""
"1e56592f3542ec732817e7921826efd396adc08927e6626194ef280acba2645d","family-1bc856251900eb8d96cc","scope_lookup","after_close","generic_end","natural","not_dispatched","Response status: not_dispatched","","","","false","false","false","","","",""
"1e700106c2adac4008ddac34a64796525867b0a9d7e4387e57057f429b3f832d","family-e739721766419f8ad9dd","scope_lookup","after_close","generic_end","natural","not_dispatched","Response status: not_dispatched","","","","false","false","false","","","",""
"1ea52281b96468190f29ee74003ae6b30c06fd0354b437bb33b426b3db3fb121","family-8cee1c486947aa25cb4a","scope_lookup","after_close","typed_end","natural","not_dispatched","Response status: not_dispatched","","","","false","false","false","","","",""
"1eb95ccb39f05b5ab6503e773d45eae1061104ccaba88780df450021fc876f88","family-ff0608c18843ac780fd4","scope_lookup","after_close","typed_end","nonce","wrong_answer","Expected 7941; received 8225","","","","true","true","true","","","",""
"1eba8f0e998a396228e2100fb00ad1f82f8612b2f9dd443da5f274bbbdfdfea3","family-54c1e48a5e373dac734c","scope_lookup","after_close","typed_end","nonce","not_dispatched","Response status: not_dispatched","","","","false","false","false","","","",""
"1ebdbea50a5ea41a1edf82950e40299c50e2e90e258ee61a2010b3d0706cb857","family-955653fffd20313bf19f","scope_lookup","after_close","padded_end","nonce","not_dispatched","Response status: not_dispatched","","","","false","false","false","","","",""
"1edfa8f64a21e032c545b8ebf7e1025312887d911692faff30913ea71d7a06cc","family-44019720ca29bd23a85d","scope_lookup","after_close","named_end","natural","not_dispatched","Response status: not_dispatched","","","","false","false","false","","","",""
"1ee1ce1f9af0e0d6e77725c5e5162288b3e99584686f5a156f8d2f724469a72d","family-40e8465255e9a32d9a35","scope_lookup","after_close","named_end","nonce","not_dispatched","Response status: not_dispatched","","","","false","false","false","","","",""
"1ef531c7284f4595f5bdacd542160a2923e3fd1d45e236bdf0dc518e2b1c8eb2","family-5cc46da926f300fc886f","scope_lookup","after_close","braces","natural","not_dispatched","Response status: not_dispatched","","","","false","false","false","","","",""
"1f338f2be33356bb433cd7cc2809dcd551014348eca4cb395a40f719783b88f9","family-b5f5cbc81ad77e199fa2","scope_lookup","after_close","generic_end","natural","not_dispatched","Response status: not_dispatched","","","","false","false","false","","","",""
"1f3ef36a791bb8f905da02ef5961a4d34fb9abb6df55cd9735a28ed533f69e61","family-4eb4ca8847da16e35d87","scope_lookup","after_close","typed_end","natural","not_dispatched","Response status: not_dispatched","","","","false","false","false","","","",""
"1f65d1737bd3a6c878f48b76c3be3450c1e69620658862296c016608e801752c","family-cac713cc9e27f8ff91fc","scope_lookup","after_close","typed_end","natural","not_dispatched","Response status: not_dispatched","","","","false","false","false","","","",""
"1f721526817c146515fdc9c3f6b75b5307cd276f9378e5ad54dbd4809fb6709d","family-ff6653263c8411054e4f","scope_lookup","after_close","generic_end","nonce","not_dispatched","Response status: not_dispatched","","","","false","false","false","","","",""
"1f9f28a901c41a40f470a83d5ccb1148aad0dfa104802ee8b108efaa3b2ea85d","family-39b34286e97d73941dae","scope_lookup","after_close","braces","nonce","not_dispatched","Response status: not_dispatched","","","","false","false","false","","","",""
"1f9fdc56a14e48c926ea68f2651dc041e0391ad7e405975831cfa999ff2b211c","family-3786ff057f064432f7cc","scope_lookup","after_close","typed_end","nonce","not_dispatched","Response status: not_dispatched","","","","false","false","false","","","",""
"1fb2b89eca37262aaad2046b1ae29c6a7a14cfb3e3dc7b56286331e41cce9e45","family-4dc1c52649d2db1dcaf8","scope_lookup","after_close","generic_end","natural","not_dispatched","Response status: not_dispatched","","","","false","false","false","","","",""
"1fc7ee803e6fa1007edebd8d0e9f65a33ceb31d6a8ea14562e5cbcd1ee165ebf","family-51e3627587c0ace4b236","scope_lookup","after_close","named_end","natural","not_dispatched","Response status: not_dispatched","","","","false","false","false","","","",""
"1fcee38b78b877c85b5c751f90558cdd2ceb697ace9599c453f3faee02f43102","family-41d3c9284eb15090d4b0","scope_lookup","after_close","padded_end","natural","not_dispatched","Response status: not_dispatched","","","","false","false","false","","","",""
"201b087a471d95df6191b592c310a74f155bb5fd3d8db1b7565dd6388daf8815","family-89700d68a60bdc6f667b","scope_lookup","after_close","typed_end","nonce","not_dispatched","Response status: not_dispatched","","","","false","false","false","","","",""
"201f677c6736044c433934c2497128e3ef675576ffa43aefa06e63379233b455","family-c30589a166aa1f1ae939","scope_lookup","after_close","padded_end","nonce","wrong_answer","Expected 4046; received 4277","","","","true","true","true","","","",""
"203a02429bbd63df104f4bef758e2cc1f9dd37a775fe0718651dc0deba05fc5c","family-bb74c2c8f2e292c33a1f","scope_lookup","after_close","typed_end","nonce","not_dispatched","Response status: not_dispatched","","","","false","false","false","","","",""
"205ff4e051936c56c10bbc8de960c6fd2bfe6c0c1ca11038f8a505e549cc987f","family-35fc0de59b53ac51a0f5","scope_lookup","after_close","braces","nonce","wrong_answer","Expected 2032; received 4293","","","","true","true","true","","","",""
"207c34952477b7e2dbc8f937f26a4d070b6379e7a281ab2720aee0818a3a0f88","family-502a612c7b5f388e0842","scope_lookup","after_close","typed_end","natural","not_dispatched","Response status: not_dispatched","","","","false","false","false","","","",""
"20aa768b9bd6c934849965feb7ff9eb2b9e0eb2540ed6133cfed018377a253b9","family-34637b4b2fcf78aa9be1","scope_lookup","after_close","named_end","nonce","not_dispatched","Response status: not_dispatched","","","","false","false","false","","","",""
"20cfe795c78ae1d1fc58afe023170c8cde7da619b6a1fb6c03766c5d25e1107f","family-4dc1c52649d2db1dcaf8","scope_lookup","after_close","braces","natural","not_dispatched","Response status: not_dispatched","","","","false","false","false","","","",""
"20d89787d34254d14a96c30341a5fb81e4b5616ec744a875e9fec66a2767155d","family-9bcf7d569ea4e7fe738d","scope_lookup","after_close","padded_end","natural","not_dispatched","Response status: not_dispatched","","","","false","false","false","","","",""
"20f50509dba537b3cd4fc05516835c670dd6ec984be306b4a7ebb736b16ce2b7","family-4dc1c52649d2db1dcaf8","scope_lookup","after_close","typed_end","natural","not_dispatched","Response status: not_dispatched","","","","false","false","false","","","",""
"213e27c3b090f3e27f0d42483793e2321cdd18e5ce62ef46d6b62df3b7eb04ae","family-dd71275464ad95776c4a","scope_lookup","after_close","braces","nonce","wrong_answer","Expected 4016; received 5614","","","","true","true","true","","","",""
"2155ad0190e6ec38c394537a5faa55fac7a52a05337af3021241e67a568fb5bb","family-e226dd8076f648550c78","scope_lookup","after_close","braces","nonce","wrong_answer","Expected 4513; received 7500","","","","true","true","true","","","",""
"215dbf269dd924ef995202e0f5e63b7bf03078010f50e14667d5701f85278ca0","family-f1a8bfef505962af7ac8","scope_lookup","after_close","padded_end","natural","not_dispatched","Response status: not_dispatched","","","","false","false","false","","","",""
"2167688bc02bf59cc4eb80f23bd829191da533de51e951a02e61a1c4cd75cd9c","family-bd53ff891a04e9d7707a","scope_lookup","after_close","generic_end","natural","not_dispatched","Response status: not_dispatched","","","","false","false","false","","","",""
"21883552b0ad9d188c6a10a11134137bf0dd17188aa6cb418c2a30ecfb67d833","family-129b9045f90a457ec9e7","scope_lookup","after_close","braces","nonce","api_rejected","Response status: api_rejected","","","","false","true","true","","","",""
"2190477dd1a734a449548726848a94ccedcfb5a5a7ca086814c5d6f3213ac6de","family-2a7134667340fdbaebf0","scope_lookup","after_close","braces","nonce","wrong_answer","Expected 7253; received 6981","","","","true","true","true","","","",""
"219b9282d69e66743333f276f282ce7ee6eb3a51dacee0a8ba227bf83e159859","family-e35cf05c60de2a1bfffb","scope_lookup","after_close","typed_end","nonce","not_dispatched","Response status: not_dispatched","","","","false","false","false","","","",""
"21a2ac5f55ba066d062245e2204ea64112f0ceba49d36e6ecba7ef170ed9c6a1","family-b3fbb8c02b86ad28311d","scope_lookup","after_close","typed_end","nonce","not_dispatched","Response status: not_dispatched","","","","false","false","false","","","",""
"21a3100150979b14cafe200def774a9aa2a95b1149e79da4be4a9e589a08234f","family-d20413898c9a91a666b1","scope_lookup","after_close","typed_end","nonce","not_dispatched","Response status: not_dispatched","","","","false","false","false","","","",""
"21e2467c266de1c33882effb54f91732c7b543f7a43e4ff89cd42d52f3c2276e","family-6100b4860f4517496506","scope_lookup","after_close","typed_end","natural","not_dispatched","Response status: not_dispatched","","","","false","false","false","","","",""
"21fafd507c4646bbbd21bd816b86ad7ecf55b92bfac80510176341be80b20ed2","family-59844afb2ef9a6952066","scope_lookup","after_close","named_end","nonce","not_dispatched","Response status: not_dispatched","","","","false","false","false","","","",""
"2208983d6439883eb94e1efe773e42a069890555838478125037f0283fa7a62b","family-1a2337f1ba4ea155043f","scope_lookup","after_close","braces","natural","not_dispatched","Response status: not_dispatched","","","","false","false","false","","","",""
"220ef4783c1e32ea958a0945ada0af0c123dad6c1c08e4896322797aa316f3a3","family-6df28d40bfe0615debdc","scope_lookup","after_close","named_end","natural","not_dispatched","Response status: not_dispatched","","","","false","false","false","","","",""
"221e7cb77bf2901bee66bdb0cf727fa834bffd94f3d241456146d989b14ca01d","family-f13778db5d945766e013","scope_lookup","after_close","named_end","natural","not_dispatched","Response status: not_dispatched","","","","false","false","false","","","",""
"2223608a25a108362f1f2806611d44ad2ff096e56a4d418e82eb8c3a3770f8ca","family-f5d8991ff4c863b620db","scope_lookup","after_close","padded_end","nonce","not_dispatched","Response status: not_dispatched","","","","false","false","false","","","",""
"2226aa97cfd2b52553ba9f13963cd63e36c60bbf6c53b9e759e6431dd129c10d","family-955653fffd20313bf19f","scope_lookup","after_close","braces","nonce","not_dispatched","Response status: not_dispatched","","","","false","false","false","","","",""
"223c545dd74baee8d3aaf8d4a3fce0ddb938876c08e2750967963d6260c5224f","family-34637b4b2fcf78aa9be1","scope_lookup","after_close","braces","nonce","not_dispatched","Response status: not_dispatched","","","","false","false","false","","","",""
"223d83aa9145c5b2c86afc27ebf8ace3a83e33a6d5c7b9fe9dce64cfece4c4f3","family-e90df32c0ee7b57970ce","scope_lookup","after_close","typed_end","nonce","not_dispatched","Response status: not_dispatched","","","","false","false","false","","","",""
"2240b36d8436f8712801e7fdda33d3e6f4ad96b941ef2a0bc5600c242fe6dded","family-66ab467dacdd8e81b06b","scope_lookup","after_close","named_end","nonce","not_dispatched","Response status: not_dispatched","","","","false","false","false","","","",""
"228c3c96e905bb15246ed91c31b1253fef01c7a699fab067726a26be5569d18b","family-0c8dccd2f8efc0951fca","scope_lookup","after_close","braces","nonce","not_dispatched","Response status: not_dispatched","","","","false","false","false","","","",""
"229d344055992dc08aa0a4761350c27a54d6904e33d24747de819102d6b15ed2","family-a00dc407479275087510","scope_lookup","after_close","typed_end","natural","not_dispatched","Response status: not_dispatched","","","","false","false","false","","","",""
"229d68622bf4a73d6481c2ad6ed2e54aa88b9ae4a08266e676f7d1c7f696d2b2","family-0c8dccd2f8efc0951fca","scope_lookup","after_close","named_end","nonce","not_dispatched","Response status: not_dispatched","","","","false","false","false","","","",""
"22af6990efec469ac37d8b8ed79bbd4fa31cfd78ab91461a69793524d25f572b","family-e739721766419f8ad9dd","scope_lookup","after_close","typed_end","nonce","api_rejected","Response status: api_rejected","","","","false","true","true","","","",""
"22b3ca7d421f0082f4b81e1a25b33fe3f3268f971e440a1890de70d389e0409c","family-f9e89108d82d4ba4602c","scope_lookup","after_close","named_end","natural","not_dispatched","Response status: not_dispatched","","","","false","false","false","","","",""
"22c301d868403b1aa277613a8166bb5046fbae88f04714a4e35e7813ac2df520","family-d5387a27f98b64653076","scope_lookup","after_close","generic_end","nonce","not_dispatched","Response status: not_dispatched","","","","false","false","false","","","",""
"22c4192c77955f7cccd0078559af197e6161aa9c3d86b254c9c31e19b42ac5d4","family-654c2abcfdd479f01dbb","scope_lookup","after_close","named_end","nonce","not_dispatched","Response status: not_dispatched","","","","false","false","false","","","",""
"22cea6d2185bc8925361ed50c2102358f1028c660d5ed17c359171573503bd7f","family-37091b20ad081d82704e","scope_lookup","after_close","typed_end","natural","not_dispatched","Response status: not_dispatched","","","","false","false","false","","","",""
"22e60634c9c48e2af6a99b82ab8eb44aa78f9f514c25a418c60ef38c93432571","family-829d414067d60b06cdd7","scope_lookup","after_close","named_end","nonce","not_dispatched","Response status: not_dispatched","","","","false","false","false","","","",""
"22f15d0639fb2b8ce3aeaf03f2b891573fef411ffe86f9d8ff187cebd8352a28","family-80c89211d1f0ead58843","scope_lookup","after_close","braces","nonce","not_dispatched","Response status: not_dispatched","","","","false","false","false","","","",""
"22f5b68756913a7ddb10618480ccd60dd7427907a57b94f4ed052592f1dbda37","family-1c5cd02f221964d951cf","scope_lookup","after_close","braces","nonce","not_dispatched","Response status: not_dispatched","","","","false","false","false","","","",""
"22fd0201e66410bd12c9a81acc8232eedd4dd6817a8f1f6d073344c5f113d461","family-f3dd9c204daa74691d3b","scope_lookup","after_close","braces","nonce","wrong_answer","Expected 6906; received 7599","","","","true","true","true","","","",""
"23289d581776838d4561bd356cdd606e2dc43b5b638b133f61265a83949d5c25","family-395a36ccb45429d15df5","scope_lookup","after_close","typed_end","natural","wrong_answer","Expected 7169; received 8878","","","","true","true","true","","","",""
"234d04d329039cd660df16059f1e4c3c8545aa644bb42ddd03faa62e97c3ba93","family-1b275cdb1d9d6601a71b","scope_lookup","after_close","braces","nonce","not_dispatched","Response status: not_dispatched","","","","false","false","false","","","",""
"235669d8db979e44eae1887ff8f29e57f8b497cef0b71887c11c805b188939ed","family-ec9cacca59c06cba4528","scope_lookup","after_close","generic_end","nonce","not_dispatched","Response status: not_dispatched","","","","false","false","false","","","",""
"23a888e0251369af3cf9e8a029865d9c889dc6763a85482b275f34c6b7095ab5","family-e9227cc87b94745443d1","scope_lookup","after_close","generic_end","nonce","not_dispatched","Response status: not_dispatched","","","","false","false","false","","","",""
"23ae760aa1567a2d961d4998961146dc90d69ff7c8015bec24713b128693cbe5","family-bd3c2969cbd85fad559f","scope_lookup","after_close","generic_end","nonce","not_dispatched","Response status: not_dispatched","","","","false","false","false","","","",""
"23bbf0a4ab48544d961079948822e25c2eb969384a1dc26611edce226aa45d3b","family-d8ffa213a5ce309b4edd","scope_lookup","after_close","named_end","natural","not_dispatched","Response status: not_dispatched","","","","false","false","false","","","",""
"23bfeb37fc48c9c8914d7de0546e61c8458fbbe467cf4a4e338c8644d3c1a626","family-e2b3d3a1c1963aca578b","scope_lookup","after_close","named_end","natural","not_dispatched","Response status: not_dispatched","","","","false","false","false","","","",""
"23c787a49470c810bdeb8b07a07fede4f695a9ac18098126201e1a96c3c403c2","family-e344908be3ae7cdede46","scope_lookup","after_close","named_end","nonce","not_dispatched","Response status: not_dispatched","","","","false","false","false","","","",""
"2404357c98fb05659e99546c273c632dc079aeb35061bc7899aa9bff2e5019ad","family-b799eb6f588205d3bb69","scope_lookup","after_close","generic_end","nonce","wrong_answer","Expected 7509; received 7719","","","","true","true","true","","","",""
"2471881f73066c6798b9dc08720c13d756b704bb74559f79a35464b51a08cfa5","family-7e7292c1f798ebb57a6f","scope_lookup","after_close","braces","natural","not_dispatched","Response status: not_dispatched","","","","false","false","false","","","",""
"24770543898b1d779c1f00ebe24add1dff1881a3bcda67fc1d1a62d510b6ba42","family-4f0904011a45ae5592c4","scope_lookup","after_close","named_end","nonce","not_dispatched","Response status: not_dispatched","","","","false","false","false","","","",""
"247f39a63347741689ba370d70a86929044fa1cf01359c10b2605e68b487e2e6","family-d73915a3207b34792ae8","scope_lookup","after_close","typed_end","natural","not_dispatched","Response status: not_dispatched","","","","false","false","false","","","",""
"24887e71ed55dab0d1a9fb87cb0c5697d03c7c7e5401ab20eba94603c9048961","family-01e9efb57c6f01a9ab32","scope_lookup","after_close","named_end","natural","not_dispatched","Response status: not_dispatched","","","","false","false","false","","","",""
"2495d36b85b20afad6e71862fb9329430fb571c8e2132c310fed411349378859","family-d548c5f900182242bf0c","scope_lookup","after_close","named_end","nonce","not_dispatched","Response status: not_dispatched","","","","false","false","false","","","",""
"249fa61c29041209d9c3e7476d03dc53c667fb7dc7d167f9937b194991fb6216","family-0ee3c9dccae742e0bc4c","scope_lookup","after_close","padded_end","nonce","not_dispatched","Response status: not_dispatched","","","","false","false","false","","","",""
"24a0bcb064a017bf0aba47b31110d883299612a1c04ae77d9c3d556836dbc1f1","family-5f659e890d327754e519","scope_lookup","after_close","generic_end","natural","not_dispatched","Response status: not_dispatched","","","","false","false","false","","","",""
"24c87c37ef93400f622d3a98927a953033c02ff7143935c4db23f4979cce9618","family-6ea5c2c3bdd3c9b20d4b","scope_lookup","after_close","typed_end","natural","not_dispatched","Response status: not_dispatched","","","","false","false","false","","","",""
"24e422ee146ff81fc332012f9d29f4089bf01e52a8581208150e6a8e74873ee2","family-79e766a93eab7f966441","scope_lookup","after_close","typed_end","nonce","not_dispatched","Response status: not_dispatched","","","","false","false","false","","","",""
"24eef7ac8c03f9c82d33730e6984396bbccde063c30fb169104ab3f85085f5ef","family-d5126bc6627b66b4a0d3","scope_lookup","after_close","typed_end","nonce","not_dispatched","Response status: not_dispatched","","","","false","false","false","","","",""
"24f1110b7e3795b2a598f94b3669275172296e3ddc87f8fae5ad69238e7c28a9","family-fbff6f169402a84ea98a","scope_lookup","after_close","named_end","nonce","not_dispatched","Response status: not_dispatched","","","","false","false","false","","","",""
"25165263ed396780064143ef3dd5090cd3c7bd5014b768fd53c4c6d69e4f3ac0","family-d0258380e6658a97ff75","scope_lookup","after_close","braces","nonce","wrong_answer","Expected 6674; received 8789","","","","true","true","true","","","",""
"253b98eb2a61f8419d0a6b33af456a84630b689b1e3c2460c44dc09c5792bcff","family-bd4099cd056789e21e20","scope_lookup","after_close","named_end","nonce","not_dispatched","Response status: not_dispatched","","","","false","false","false","","","",""
"256fad8a3968c046043afa386fc16ff8702aaacfb2bb4564f223150879cc3399","family-d73915a3207b34792ae8","scope_lookup","after_close","padded_end","natural","not_dispatched","Response status: not_dispatched","","","","false","false","false","","","",""
"25847eab95e684587e55da0adcb001289fecbd7308966d67ceb20095da9bb0db","family-bd3c2969cbd85fad559f","scope_lookup","after_close","braces","nonce","not_dispatched","Response status: not_dispatched","","","","false","false","false","","","",""
"25865bc2cb8a606421e011262f54d9384f21064e3cf64ec80cd88ac54f9b362f","family-54c1e48a5e373dac734c","scope_lookup","after_close","typed_end","natural","not_dispatched","Response status: not_dispatched","","","","false","false","false","","","",""
"25bd5742148971a52ba554eb5a35084782e509aa2bdad98986b84b5712e56f5f","family-c2443995dc6c2d3e49fa","scope_lookup","after_close","named_end","nonce","not_dispatched","Response status: not_dispatched","","","","false","false","false","","","",""
"25cb69741329a018e07da3acf15003f3edff32c77cf100ba1fc1f76c21cbb7fc","family-a4b5c94983eec4913f23","scope_lookup","after_close","typed_end","nonce","not_dispatched","Response status: not_dispatched","","","","false","false","false","","","",""
"25d6e1f3145cbec278e66edd8084a05bc2950c06699b5aa0592f145a7e4a8540","family-ef76d0465ec71b6d7c3f","scope_lookup","after_close","braces","nonce","not_dispatched","Response status: not_dispatched","","","","false","false","false","","","",""
"25e85d44fc01c472ae50f2641095eccb0cc4f45a9b35f30a0a8d0050643c1fd4","family-fe7ce9ac8c05ee3f6103","scope_lookup","after_close","named_end","nonce","not_dispatched","Response status: not_dispatched","","","","false","false","false","","","",""
"25ff854015a2478efc67be0c92b00a7b1d4a92c707c0e178c010f42852eb27f8","family-bd53ff891a04e9d7707a","scope_lookup","after_close","named_end","natural","not_dispatched","Response status: not_dispatched","","","","false","false","false","","","",""
"260f47ae2850e7cb2d984ba03b857f4fee4a1187c621e5b7b82462490b713c8f","family-afba5579c1fbf62fab82","scope_lookup","after_close","typed_end","natural","not_dispatched","Response status: not_dispatched","","","","false","false","false","","","",""
"262b8d221469c802a2855e610c4a436dc8c6f240db22a2303d691a756b05a360","family-11cf59caaf680b0c7817","scope_lookup","after_close","generic_end","natural","not_dispatched","Response status: not_dispatched","","","","false","false","false","","","",""
"262bb26b1dd064cb8b9db79e210636fbd723372c275243b116ce7a2eb39c2372","family-37091b20ad081d82704e","scope_lookup","after_close","padded_end","natural","not_dispatched","Response status: not_dispatched","","","","false","false","false","","","",""
"264257def5849d44ef1059c033d3a146c7f96ba6445022c49194381d3dc83388","family-8c9a526b3467460711d6","scope_lookup","after_close","typed_end","nonce","wrong_answer","Expected 2577; received 1289","","","","true","true","true","","","",""
"264494e970254ad5d0e2ac0471bce9901d6d4fbcdbfbdf5502e05b724e80de49","family-23cedb05826477c90f73","scope_lookup","after_close","braces","natural","not_dispatched","Response status: not_dispatched","","","","false","false","false","","","",""
"264bcf2c6e168dcbbe47d8e7ffff05d299c3b8f8ce8ed5befb3044b7d0ae8496","family-9beca0a5b011c108b8fe","scope_lookup","after_close","named_end","nonce","not_dispatched","Response status: not_dispatched","","","","false","false","false","","","",""
"2654a6c7c0264a29aa30462c9dcafa334e93aff99538f9478569a1d993c0fecc","family-4f22130af5b4eb982150","scope_lookup","after_close","padded_end","natural","not_dispatched","Response status: not_dispatched","","","","false","false","false","","","",""
"266ac29747e5341586fe455d38043db612085d4de3c02b4519d21005b182d384","family-75d140f1737cb4123b79","scope_lookup","after_close","braces","nonce","not_dispatched","Response status: not_dispatched","","","","false","false","false","","","",""
"2672db57394bf1459c5f73802abebcef794368c93f8641372729bd8753d4d910","family-8cee1c486947aa25cb4a","scope_lookup","after_close","braces","natural","not_dispatched","Response status: not_dispatched","","","","false","false","false","","","",""
"267324d002ca86d827aede7850d8e4b28e97a6095442908f8d97cb065d5d793e","family-1200bd38534b72a0da70","scope_lookup","after_close","padded_end","nonce","not_dispatched","Response status: not_dispatched","","","","false","false","false","","","",""
"26997c545ca65ca9f249db7f6548b193fb985f091657b6cdef5e01941ad003b2","family-f067f0b23cbe71f81397","scope_lookup","after_close","braces","natural","not_dispatched","Response status: not_dispatched","","","","false","false","false","","","",""
"26ab79e5a5f38cd94c900106eddd35122d67e4069c3dec107cfbd53dd826bb04","family-48abd2d50bb258341298","scope_lookup","after_close","braces","natural","wrong_answer","Expected 8926; received 3371","","","","true","true","true","","","",""
"26c13e34e38714913663b22f798df518191ff64215b6693c2066d350a5e80115","family-4f22130af5b4eb982150","scope_lookup","after_close","generic_end","natural","not_dispatched","Response status: not_dispatched","","","","false","false","false","","","",""
"26e53e4cbb44d7fa67034d6f5bbff94597b61be1d0d6e97f656bc10921a6e182","family-23cedb05826477c90f73","scope_lookup","after_close","typed_end","natural","not_dispatched","Response status: not_dispatched","","","","false","false","false","","","",""
"26eaf37b58152d00a4ce91f4ea02b54d49bda164867a8c47b607161cf8e83e0b","family-919b45a05cb705222416","scope_lookup","after_close","named_end","natural","not_dispatched","Response status: not_dispatched","","","","false","false","true","","","",""
"26eec2404537e398cd49998cd15479a60a2b5ba8e08794f35a07ba7a641710a9","family-60e6b994a57cd0667b2a","scope_lookup","after_close","padded_end","nonce","not_dispatched","Response status: not_dispatched","","","","false","false","false","","","",""
"2712aede7ad018ed8fbe1b2895539e83c1be790eaecfac154110c785736c447b","family-16612feb98c14c90fc9f","scope_lookup","after_close","generic_end","nonce","not_dispatched","Response status: not_dispatched","","","","false","false","false","","","",""
"27295fe1ae88f1c040371100b2538152000a2d58c9aeb1b7df2a052c62eb3b10","family-e6c95f67787066ff838f","scope_lookup","after_close","braces","nonce","not_dispatched","Response status: not_dispatched","","","","false","false","false","","","",""
"272c8e5e59773a052933eb0bc761164194f46489e191188c676fd64c87c3dbaa","family-7fa2468fa2c89ec41258","scope_lookup","after_close","typed_end","natural","wrong_answer","Expected 7568; received 1337","","","","true","true","true","","","",""
"2741daf45a8e7a9aa97c8552a996b13b685157391c519171eab6984ff024b8b2","family-5aed1cb46c579b4a8853","scope_lookup","after_close","braces","nonce","wrong_answer","Expected 8701; received 2703","","","","true","true","true","","","",""
"27454244a990b101d59cebf3d1489360aa5c48cf0439dd0f64c020313075745c","family-ee26d9b9847840e2c0b2","scope_lookup","after_close","generic_end","natural","not_dispatched","Response status: not_dispatched","","","","false","false","false","","","",""
"2751c680d0728dbf2d91802ea4697ed433323c78c7f5fd3e1c60055a53673ed7","family-5c997bd355cb5e8abf68","scope_lookup","after_close","generic_end","natural","not_dispatched","Response status: not_dispatched","","","","false","false","false","","","",""
"27673592f13b54e2137b4aecc98e4f445b429372d610073a3880c7fc687536c7","family-a7268f5d78df48d04f92","scope_lookup","after_close","generic_end","natural","not_dispatched","Response status: not_dispatched","","","","false","false","false","","","",""
"2772ed62fa5d734e6d58429e36c40a46e94e921e065fb4a3496ea940766befa0","family-21689227027c8deacb38","scope_lookup","after_close","braces","nonce","not_dispatched","Response status: not_dispatched","","","","false","false","false","","","",""
"279df12f2099487eea5f726150598132e7043fe3761a873afa0bc8f1c5c2d0c5","family-2637168633a8a5fd7957","scope_lookup","after_close","typed_end","natural","not_dispatched","Response status: not_dispatched","","","","false","false","false","","","",""
"27bd02a4d9b2ea9d5bed6553f500c88861f2a1c9a3a0950318d0486541e517ba","family-66ab467dacdd8e81b06b","scope_lookup","after_close","typed_end","nonce","not_dispatched","Response status: not_dispatched","","","","false","false","false","","","",""
"27cde576916ddddc457cff5364f4d57e0958c52c69137c7f612480560fbb302d","family-b06c38dda0f6ef2944fd","scope_lookup","after_close","padded_end","nonce","not_dispatched","Response status: not_dispatched","","","","false","false","false","","","",""
"27f075b9b81d56dd92b2a2eead6065673e1c305686e199bdba1585b9e8c531eb","family-072d1e0bc080d2e112f2","scope_lookup","after_close","braces","natural","not_dispatched","Response status: not_dispatched","","","","false","false","false","","","",""
"280ce8c424c5e1fa3753ebb061c2b9bc7b409ed58fe094db14986fd44ca08689","family-b4f3d9350b473ded7a45","scope_lookup","after_close","braces","nonce","wrong_answer","Expected 9931; received 6239","","","","true","true","true","","","",""
"281ad3698f1a674b7da9a2e81e7284b441c189df108954e1ced42ae1f6fb10ca","family-e60de6e573b393ef1d7f","scope_lookup","after_close","padded_end","nonce","not_dispatched","Response status: not_dispatched","","","","false","false","false","","","",""
"28382ea0fd0b3c0d3d94a266b65849cbf238ee110ce051342081950a045bc70a","family-072d1e0bc080d2e112f2","scope_lookup","after_close","typed_end","natural","not_dispatched","Response status: not_dispatched","","","","false","false","false","","","",""
"28550ef0c65d6f362f2918684ff27e36770756efb6b137ec75d47f0677c8eb7d","family-4e0a075e10dfff7929d9","scope_lookup","after_close","padded_end","nonce","not_dispatched","Response status: not_dispatched","","","","false","false","false","","","",""
"2858f8e3610f6faad0f1ba04f13124bec731e2af0de97e1b342fb4d39a27b897","family-aa53edb64586a280de93","scope_lookup","after_close","typed_end","nonce","wrong_answer","Expected 3421; received 1794","","","","true","true","true","","","",""
"285dbb962007e857293c5ac85f25598b55435d9d15a7e2ae8ca7defc2e32a9ac","family-80c89211d1f0ead58843","scope_lookup","after_close","padded_end","natural","not_dispatched","Response status: not_dispatched","","","","false","false","false","","","",""
"2860c428e45757fd57ec9e7c8130315003df6983bad388e39f75de7d43643780","family-2ecd8dcf917c14af12c2","scope_lookup","after_close","braces","natural","not_dispatched","Response status: not_dispatched","","","","false","false","false","","","",""
"287b63efe2c2e16aea5babe695844dd74a17bbc8e7de55aa0005e77b417e898f","family-59844afb2ef9a6952066","scope_lookup","after_close","padded_end","nonce","not_dispatched","Response status: not_dispatched","","","","false","false","false","","","",""
"288b9d23591b5e291a52f06b31d8a70ea3392e2e67cb8ad7904e8f65ab554ced","family-4e0a075e10dfff7929d9","scope_lookup","after_close","braces","natural","wrong_answer","Expected 3763; received 7691","","","","true","true","true","","","",""
"288fa98d69e8293e76f308ca30458816ae6ff5bb36724550f89740b909c9cea9","family-db2d2997d96595927d22","scope_lookup","after_close","padded_end","nonce","not_dispatched","Response status: not_dispatched","","","","false","false","false","","","",""
"289362bfcf9be916d52c6c60cc57393d78d10d8d9bb00ef977af946f5d6e2011","family-117639ec340885b3ffc1","scope_lookup","after_close","braces","natural","not_dispatched","Response status: not_dispatched","","","","false","false","false","","","",""
"289ac18b32d4262d6f889c756e4f86398fb8361fd83bb33a19db9fd970ccd517","family-a314d3de007bcf14f176","scope_lookup","after_close","named_end","natural","not_dispatched","Response status: not_dispatched","","","","false","false","false","","","",""
"289be3097f8705c2f683ef81a165ad2329649f84f5c4b468b7e5d105338bf944","family-8ba864c7229e72b635fa","scope_lookup","after_close","typed_end","natural","not_dispatched","Response status: not_dispatched","","","","false","false","false","","","",""
"28a276e1de4a02e59d614e1c0b2c9970350eec40bc13d612d34838874f90ac6a","family-d7f7040bf9a5524af36a","scope_lookup","after_close","braces","nonce","wrong_answer","Expected 2284; received 6855","","","","true","true","true","","","",""
"28bbd87a82137c309f9fd5e24cd7ef45616424c135865b0b44579e707f9372c9","family-35072a31b6134c8f283b","scope_lookup","after_close","typed_end","natural","not_dispatched","Response status: not_dispatched","","","","false","false","false","","","",""
"28e07861ad72ed6be2ec98c384e254976129debfbf6fae150ee4a510444014a4","family-2d405169f2af4e0021bd","scope_lookup","after_close","typed_end","natural","not_dispatched","Response status: not_dispatched","","","","false","false","false","","","",""
"28e8fee704e011af4a602478a72c80ebed48f8b5b481398ba5f80d5bd7ae1f0b","family-f13778db5d945766e013","scope_lookup","after_close","typed_end","nonce","not_dispatched","Response status: not_dispatched","","","","false","false","false","","","",""
"28f3d8d9110c774a498af0578cbe4601fdcaa8d858a3c28f2b20e34126e2d7c9","family-21b2b004974640e420be","scope_lookup","after_close","named_end","natural","not_dispatched","Response status: not_dispatched","","","","false","false","false","","","",""
"28fe6eb35d1da239cc5ddc097dd2e76c1e6066ef0e850740d6440ba2efb04bb3","family-cfcb8ecfa67e83347672","scope_lookup","after_close","named_end","nonce","wrong_answer","Expected 4949; received 8568","","","","true","true","true","","","",""
"29049970e89db7ea44e0591d14288f0e59355b13a529450f14c32f9f14446330","family-4046f51e619d48a84570","scope_lookup","after_close","generic_end","nonce","not_dispatched","Response status: not_dispatched","","","","false","false","false","","","",""
"29302a409ef9c7431ee821e2f7241dd20c0bf577892aa83cbdc344ae489a1778","family-88d674c755828117bb4b","scope_lookup","after_close","padded_end","nonce","not_dispatched","Response status: not_dispatched","","","","false","false","false","","","",""
"2937c10744c0bda8d4a615bfa82c4e56cf1f0871da592dc91dbe02045a73b1eb","family-e9d7370e7f08ecaca89c","scope_lookup","after_close","named_end","natural","not_dispatched","Response status: not_dispatched","","","","false","false","false","","","",""
"293d4123415be8ee684365d1f243bed9b39da5d61dd42c2c39bb41a47d3f9306","family-e9d7370e7f08ecaca89c","scope_lookup","after_close","generic_end","natural","not_dispatched","Response status: not_dispatched","","","","false","false","false","","","",""
"2949f2735a2338e36fba3a6c4084c34f3122e6d9a072029dd0e7ba4a1caa8154","family-b676e0c7c1f33664a47b","scope_lookup","after_close","generic_end","natural","not_dispatched","Response status: not_dispatched","","","","false","false","false","","","",""
"2988498c8d84c631431e37e3b6795b72d2ad81d63183cf83f31f5e484a33453c","family-9a4e8a8b04175285a80b","scope_lookup","after_close","padded_end","natural","not_dispatched","Response status: not_dispatched","","","","false","false","false","","","",""
"298a5e4b96b5ada2e51c3f6282671557da6b1018f05d45518d0d602c832c5ac5","family-ccea5ca66ad622bb7848","scope_lookup","after_close","padded_end","natural","not_dispatched","Response status: not_dispatched","","","","false","false","false","","","",""
"29952527b1e333692776d7273fcedb43501217fbdfb349d8dbdedce3196d2b53","family-3d5224972b51acdcc52a","scope_lookup","after_close","padded_end","natural","api_rejected","Response status: api_rejected","","","","false","true","true","","","",""
"29a8d562cdc82eb41c3e5134f2944fc1282e789239178c3e25f5e45d6ca567e1","family-c4815f06eb99e1526852","scope_lookup","after_close","braces","nonce","not_dispatched","Response status: not_dispatched","","","","false","false","false","","","",""
"29e97c12b3e82331bc9d03e13712779f8106e9e82b5ad3600379610bb257605c","family-2dee1beb7023b8909f33","scope_lookup","after_close","generic_end","natural","wrong_answer","Expected 7564; received 6796","","","","true","true","true","","","",""
"2a00a3edabc69df85f84bc1054247674e418045cc2ea6ea18a54848a5fa4e7cf","family-99d58b7d7e77fb56cd14","scope_lookup","after_close","named_end","natural","not_dispatched","Response status: not_dispatched","","","","false","false","false","","","",""
"2a13da149d975841f2388c1c056b59743ab87eddbc471c5c332b2526666df2af","family-580cadd5fc56726c6b8b","scope_lookup","after_close","braces","natural","wrong_answer","Expected 6065; received 1903","","","","true","true","true","","","",""
"2a312339f5c3bb1247dc7bc1eb9b54c32f730f055798adc24f0a7585fa10a5ef","family-9c1e8beef9210ff51d2f","scope_lookup","after_close","named_end","nonce","not_dispatched","Response status: not_dispatched","","","","false","false","false","","","",""
"2a5eeeaf2792715c0370796e2f152f2513b572894090580dbba6c84f78b8e2b6","family-740b874dbb38259eab44","scope_lookup","after_close","typed_end","natural","wrong_answer","Expected 9726; received 7772","","","","true","true","true","","","",""
"2a7bb55fb1eb5053b2fe720ebfe0a37d3483fa5fbd32eaa6e86ecc912aa15a62","family-35072a31b6134c8f283b","scope_lookup","after_close","named_end","natural","not_dispatched","Response status: not_dispatched","","","","false","false","false","","","",""
"2a7bd99edab4c4d0e917ba555b1214a5041c0abb996fdceabd577bc3ca72dd7d","family-cc6c2ed2c3954f97d9ec","scope_lookup","after_close","padded_end","nonce","not_dispatched","Response status: not_dispatched","","","","false","false","false","","","",""
"2a8b8d6d14ffe1e6565b57ac93c4c2dcaef3cea953869b236f3419f1a057cbc7","family-4b6c2e38351ea351c486","scope_lookup","after_close","typed_end","natural","not_dispatched","Response status: not_dispatched","","","","false","false","false","","","",""
"2aaac4b4ca3a36543106c729f41399995631d65af20f7aabd6e595d4650e2514","family-3e04b47f55388c0d1b5c","scope_lookup","after_close","named_end","natural","not_dispatched","Response status: not_dispatched","","","","false","false","false","","","",""
"2ae87bfa9c8178a420b9b56088c4d4ddc127df42270cbda58d4ea6661236836d","family-4c44751ce578f7ecc770","scope_lookup","after_close","braces","natural","not_dispatched","Response status: not_dispatched","","","","false","false","false","","","",""
"2b0129f3305407025efe07c8397b117c5e5e98b34a8a61391bea14cf3a91b14d","family-fe94f52290d7fe43bad8","scope_lookup","after_close","typed_end","natural","api_rejected","Response status: api_rejected","","","","false","true","true","","","",""
"2b1a70b54997d6978dff6c91020cb4f8471d25035aedf9c0630c6afcb458ad13","family-7916dd00c9fd2d346478","scope_lookup","after_close","named_end","natural","not_dispatched","Response status: not_dispatched","","","","false","false","false","","","",""
"2b235a960192304113057b9c610b2909780b6c169d826bf6324279b06526629d","family-21eec90c5fb8eca8b0b3","scope_lookup","after_close","padded_end","nonce","not_dispatched","Response status: not_dispatched","","","","false","false","false","","","",""
"2b5b7b70fe91e69d6905626999e03ef0bce20baaa3f27e7b8fe1d54c7822e91d","family-9bcf7d569ea4e7fe738d","scope_lookup","after_close","braces","nonce","wrong_answer","Expected 5564; received 5210","","","","true","true","true","","","",""
"2b90b7bfa919d7b524279f1b8369388e649bee5120934aafb4b3fa8af6c4901a","family-365f2be098ba49c5211e","scope_lookup","after_close","padded_end","natural","not_dispatched","Response status: not_dispatched","","","","false","false","false","","","",""
"2bb434cfe25bc441ffac43ccfbf6fa9e3643084faae1e4616405a75e6e9eb2e8","family-a7268f5d78df48d04f92","scope_lookup","after_close","padded_end","nonce","not_dispatched","Response status: not_dispatched","","","","false","false","false","","","",""
"2bba48c91adb72605801dcdc3917f92ba89647dd91a7365456f9c72b66c1477d","family-0a5d21387c431fa11a72","scope_lookup","after_close","named_end","natural","not_dispatched","Response status: not_dispatched","","","","false","false","false","","","",""
"2bbb2828ed9e028a77f01b87e89ad8f357654d25af87d0c199cd1bba91968f0c","family-c4815f06eb99e1526852","scope_lookup","after_close","generic_end","nonce","not_dispatched","Response status: not_dispatched","","","","false","false","false","","","",""
"2bcc8a71e8121da3559df442981ab67394d9f08475207db27c1c8f5eb6211726","family-c53e4b7b7f5b93e1e2d3","scope_lookup","after_close","named_end","natural","not_dispatched","Response status: not_dispatched","","","","false","false","false","","","",""
"2bd7c028774fe941fcfbb4f8dbbc9bff0e2fc5e23b44c9239207115514984554","family-73a7c567db3e9ee9bd58","scope_lookup","after_close","generic_end","natural","not_dispatched","Response status: not_dispatched","","","","false","false","false","","","",""
"2bd97286ee52adb0ff0fac44a85328523b52d5875df11c4eff21c8fe1f6d36e5","family-01e9efb57c6f01a9ab32","scope_lookup","after_close","padded_end","nonce","not_dispatched","Response status: not_dispatched","","","","false","false","false","","","",""
"2beb37ac9686dfbeb5844c58bb45a06ccc9704bee2431d14bccd660c6a4fae24","family-a66ea7cf7777d523fa0a","scope_lookup","after_close","generic_end","nonce","wrong_answer","Expected 9202; received 3799","","","","true","true","true","","","",""
"2bf05af516e15eec149d046d8e1c00ec8fbb102be601ff0d44688a2586bee8a0","family-f9e89108d82d4ba4602c","scope_lookup","after_close","generic_end","nonce","not_dispatched","Response status: not_dispatched","","","","false","false","false","","","",""
"2c0df3bdadb2f60e459e1bec0886a2c74a877923da81f0e206e056f78d74bb23","family-aa32c06aefe0097b5d71","scope_lookup","after_close","braces","natural","not_dispatched","Response status: not_dispatched","","","","false","false","false","","","",""
"2c241b46a4616e8326c05480937fac91f92ef2f0a41c65286d3fe708740df724","family-7ca1aa89d4ca0dfdee60","scope_lookup","after_close","padded_end","natural","wrong_answer","Expected 9350; received 1067","","","","true","true","true","","","",""
"2c5496d26e69a8fe9f8fb4ae53a0fe06d1c5d63d49e91a1774132c58cee16d69","family-10f87faacca5a08f29d3","scope_lookup","after_close","typed_end","nonce","not_dispatched","Response status: not_dispatched","","","","false","false","false","","","",""
"2c5e673a0a1f7939da9b543016b235e0052bd0555985801e8ab1c1f1b94c3c4a","family-8e4dcf3ae32c0f100166","scope_lookup","after_close","padded_end","natural","not_dispatched","Response status: not_dispatched","","","","false","false","false","","","",""
"2c5f540869a10c730948b4bc9da160cfd75f0682363ae465dfa42305f80556f7","family-3e012534b61993cf8264","scope_lookup","after_close","named_end","natural","not_dispatched","Response status: not_dispatched","","","","false","false","false","","","",""
"2c8aa2935847169de2da934414c1cd802155924bcd90c3f1b772054efe3f5a31","family-955653fffd20313bf19f","scope_lookup","after_close","named_end","nonce","not_dispatched","Response status: not_dispatched","","","","false","false","false","","","",""
"2cb1cf3769dc4304f610d33314aebc0722d8e87f3cc2e1e69fabc378e58aca3c","family-ac8d99f31a8067b4003c","scope_lookup","after_close","braces","nonce","not_dispatched","Response status: not_dispatched","","","","false","false","false","","","",""
"2cc0c6731fe27c81c5e3a5b48b7d23527a342a21696c9e15e58f6afc463322c6","family-943c646e5fd26ceba388","scope_lookup","after_close","typed_end","nonce","not_dispatched","Response status: not_dispatched","","","","false","false","false","","","",""
"2d0888c6f2e7acb5d559b4a02b1ca5d51b1ca4a3168d9cf0627ba9f4f83d8e67","family-d3a289c3533cedc1c30c","scope_lookup","after_close","braces","nonce","not_dispatched","Response status: not_dispatched","","","","false","false","false","","","",""
"2d25f7404f9aa5cdaf8e198031ffbccd7667547888be7f5f72fd8f8c0262e95e","family-b3b20e3062fd3c008541","scope_lookup","after_close","typed_end","natural","not_dispatched","Response status: not_dispatched","","","","false","false","false","","","",""
"2d3ff327618fc8d90ca44bf53329cad9d04bc6375f58dbf5a507dbeb236ff004","family-829103e7b348846aba6b","scope_lookup","after_close","named_end","natural","not_dispatched","Response status: not_dispatched","","","","false","false","false","","","",""
"2d7800b19865710bf56b802dd59325e173610a58a38f130f09bb192d57e04f5c","family-77a73299bac04e5e2f03","scope_lookup","after_close","braces","natural","not_dispatched","Response status: not_dispatched","","","","false","false","false","","","",""
"2ddc3d5e75b1dd42488932bf639f54d4032ada22e2b9153b3f8803177225c474","family-2bd2fa1f5e64c58c7269","scope_lookup","after_close","typed_end","nonce","not_dispatched","Response status: not_dispatched","","","","false","false","false","","","",""
"2de2326fdd600b4e43b6081d654e6d95a686464f6b4cd9e28f475acb16f939b3","family-395a36ccb45429d15df5","scope_lookup","after_close","padded_end","nonce","wrong_answer","Expected 7169; received 8878","","","","true","true","true","","","",""
"2e0ecc2a52d368c6b4c6d3027051c38dbff685a6398535ef2c08428a1a685eae","family-70cd10ee4ac475b1c2cf","scope_lookup","after_close","braces","natural","not_dispatched","Response status: not_dispatched","","","","false","false","false","","","",""
"2e22057a8dfe1f118c37edbd8ec88b1f3870cdef351a22f1b3581756335e9826","family-a22670a9df47816a1d78","scope_lookup","after_close","braces","nonce","not_dispatched","Response status: not_dispatched","","","","false","false","false","","","",""
"2e2dbc9783b90fbd6575ba9c5ce27b94fae3b509d31258c83f89c6a57ebe4fd5","family-a67f94e51bc258654d99","scope_lookup","after_close","generic_end","natural","not_dispatched","Response status: not_dispatched","","","","false","false","false","","","",""
"2e40d35124de5c264c6a8cd69376b256957a7633b052bfd01b348c5770ee8c6f","family-39cc5f35c08943b49cd0","scope_lookup","after_close","generic_end","nonce","not_dispatched","Response status: not_dispatched","","","","false","false","false","","","",""
"2e6404fcb8d9e77f204b43f01f2a8c67d27b4d116e74588974ff10bfaf11eaad","family-9a4e8a8b04175285a80b","scope_lookup","after_close","typed_end","natural","not_dispatched","Response status: not_dispatched","","","","false","false","false","","","",""
"2e89b0c8cc9579fa725c715e07b7e797ca7b618318546144e9d7590d3c424871","family-cc6c2ed2c3954f97d9ec","scope_lookup","after_close","named_end","natural","not_dispatched","Response status: not_dispatched","","","","false","false","false","","","",""
"2e9c926dc81f8513b2a9d3662945fbdb92d2f87463215cdd0bd20906c132b4d4","family-a2e4fc9b48f060baaad8","scope_lookup","after_close","padded_end","nonce","not_dispatched","Response status: not_dispatched","","","","false","false","false","","","",""
"2ea1069105c0fdd08b8157733e6c0b37c814c941a75b16bcf11d2c6db1b4a861","family-5692f376b50f8b4c637c","scope_lookup","after_close","generic_end","natural","not_dispatched","Response status: not_dispatched","","","","false","false","false","","","",""
"2eb951188e9bc4a51ef81c92b067676c40c228bb491e28562f4abbe56b51e4e1","family-9c1e8beef9210ff51d2f","scope_lookup","after_close","generic_end","nonce","not_dispatched","Response status: not_dispatched","","","","false","false","false","","","",""
"2ec6e4c0c339288e3331bec77f46f231d1faf7a02bce7117be6c0c1c3f88a2ca","family-43a415fe4fac3c60d4ab","scope_lookup","after_close","named_end","nonce","not_dispatched","Response status: not_dispatched","","","","false","false","false","","","",""
"2ee1da7fe198d1067f7b0e90158392e12a9d144967ea8522b5121c5f5cb81b2b","family-3d5224972b51acdcc52a","scope_lookup","after_close","braces","natural","api_rejected","Response status: api_rejected","","","","false","true","true","","","",""
"2eef3927251a3b46f0045c504a6c8dcb78d68eaffb0e0d3bb0adbcf8a83b3cde","family-0acf2d0f70648c07f8ce","scope_lookup","after_close","padded_end","natural","not_dispatched","Response status: not_dispatched","","","","false","false","false","","","",""
"2f0653d7380301a798985ef2672c6ff7116680f0504117b698f2e98e282f1522","family-68fcc1c9f5945998c0cb","scope_lookup","after_close","typed_end","natural","api_rejected","Response status: api_rejected","","","","false","true","true","","","",""
"2f1768343ba6f1df5cda2024076e10e2c296027299a03c99573ed2053966c9a9","family-cfcb8ecfa67e83347672","scope_lookup","after_close","generic_end","natural","not_dispatched","Response status: not_dispatched","","","","false","false","false","","","",""
"2f3656d325e61be8e5b19ea9e99d3c392dd9d96e7d40c7c2bc04b38620637144","family-204407a2b2d51b42853b","scope_lookup","after_close","named_end","natural","not_dispatched","Response status: not_dispatched","","","","false","false","false","","","",""
"2f3fc93491bff5e2de8003b2baf877ed338848f5572f0e2c3f40c640b25fe82c","family-51e3627587c0ace4b236","scope_lookup","after_close","braces","natural","not_dispatched","Response status: not_dispatched","","","","false","false","false","","","",""
"2f46b7b151dbc8465eb8d6869307aae2df237d107c7c33bfe201fc174bfe2060","family-7c6644e9597e713f6c74","scope_lookup","after_close","named_end","natural","not_dispatched","Response status: not_dispatched","","","","false","false","false","","","",""
"2f50c97d9424a0aa50161d8740141c94d7bda18a4467c2ea29af60e8cf9010d6","family-b20a529e15d4299fb7b4","scope_lookup","after_close","padded_end","nonce","not_dispatched","Response status: not_dispatched","","","","false","false","false","","","",""
"2f9af0200d373c0ad8869173cbd72e49607c7c79e7ac11894275045f49e670a4","family-68a86497b058a64904a6","scope_lookup","after_close","generic_end","natural","wrong_answer","Expected 7051; received 2598","","","","true","true","true","","","",""
"2fb1c9543ff416806028fb33eeee3658dce19509cb363d0d7691d9fdd16e1459","family-d1851b2f24c3cbd63595","scope_lookup","after_close","padded_end","natural","not_dispatched","Response status: not_dispatched","","","","false","false","false","","","",""
"2fb6aaec1ea015f59929c85d0174fe5a6146401f522c70e2673c3e6a79fa18f3","family-43a415fe4fac3c60d4ab","scope_lookup","after_close","typed_end","nonce","not_dispatched","Response status: not_dispatched","","","","false","false","false","","","",""
"2fc9bdfc0cae9479a7e3ad9e30e5dd0d289ef7c16c8b230063b731dbe9501af6","family-33ce8cc8dd0f7b7cd8be","scope_lookup","after_close","typed_end","natural","not_dispatched","Response status: not_dispatched","","","","false","false","false","","","",""
"2fce870e65ab0fa2a28ecdbddd6f42a7127e3bbc11eecb5e5f5a8c2193b0140a","family-9651f0409341bdf5680a","scope_lookup","after_close","braces","natural","not_dispatched","Response status: not_dispatched","","","","false","false","false","","","",""
"2ffe218284381835f823d79ae407e7cca9993da933e8af811ba6c51960163f02","family-2bd2fa1f5e64c58c7269","scope_lookup","after_close","generic_end","nonce","not_dispatched","Response status: not_dispatched","","","","false","false","false","","","",""
"3003dbcdbe9b5a386f56d48e316bd1a79377e4c20bb3571b388fc73f9be4c6a6","family-0eb3f9df620743533159","scope_lookup","after_close","generic_end","nonce","not_dispatched","Response status: not_dispatched","","","","false","false","false","","","",""
"3008a57dc505ab20a693f1d86a9b4cefc488dbe10e30e73fcedb8a485710a51d","family-970fcc791975ca15fd0f","scope_lookup","after_close","generic_end","natural","not_dispatched","Response status: not_dispatched","","","","false","false","false","","","",""
"30109a023159b277f756e7e287f30e4069e98a76e69ec664f0ad4e9cf121c24a","family-a2e4fc9b48f060baaad8","scope_lookup","after_close","generic_end","nonce","not_dispatched","Response status: not_dispatched","","","","false","false","false","","","",""
"301af2f298dd5b60e2fdc68a4d90c248c9217a3701cc97f3b3914b3a630d3241","family-2f1c1a229278501ea898","scope_lookup","after_close","typed_end","nonce","not_dispatched","Response status: not_dispatched","","","","false","false","false","","","",""
"301d643d55e7f4f0baea49c156b1908131a2791b9d7060c90690bafbe493835a","family-97d643b383d36270df12","scope_lookup","after_close","named_end","natural","not_dispatched","Response status: not_dispatched","","","","false","false","false","","","",""
"30716830de83357caa97d28cda6e847cb1845043e9a73917e11fc5dcc0697f2b","family-097b5d6e676871957e62","scope_lookup","after_close","named_end","nonce","not_dispatched","Response status: not_dispatched","","","","false","false","false","","","",""
"3084d12c0907ce96e9d139ad7f5245e5d639f886a18140a356f6b3a11c89d362","family-e16df58183f0df0d937b","scope_lookup","after_close","typed_end","nonce","not_dispatched","Response status: not_dispatched","","","","false","false","false","","","",""
"309540af5b8cdfef75bd6b555cba7c125fcb71648b0ab68613a16823e12a20fd","family-9199473c19eda7b608cb","scope_lookup","after_close","named_end","natural","not_dispatched","Response status: not_dispatched","","","","false","false","false","","","",""
"3096f42ef08c960cd991892d6c58ff183ae881375e7b4ae2ed2383ab9e494557","family-449e8e2be7c8486912c7","scope_lookup","after_close","typed_end","nonce","not_dispatched","Response status: not_dispatched","","","","false","false","false","","","",""
"30b4e9dda350227a86131fb0fa43911fa1b78c1e6e2b65be87e0f605d663b620","family-c04a143fff0ef2058d04","scope_lookup","after_close","generic_end","natural","not_dispatched","Response status: not_dispatched","","","","false","false","false","","","",""
"30be99835a7a7f1616a54399d2a377f49f65e0f453f5836334e09b7c25b914fa","family-e29b5f4538e67d7e4ec0","scope_lookup","after_close","typed_end","natural","not_dispatched","Response status: not_dispatched","","","","false","false","false","","","",""
"30c1cfb392e188f5504d5ca93152c1e053ef33d662cce09ae515adf15a353667","family-4e0a075e10dfff7929d9","scope_lookup","after_close","generic_end","nonce","not_dispatched","Response status: not_dispatched","","","","false","false","false","","","",""
"30da44c628116d0158e28de8484e53301e981efaa5913160e76824c1d19637a5","family-a57883b3ebf5bdc2734f","scope_lookup","after_close","braces","natural","wrong_answer","Expected 6437; received 6412","","","","true","true","true","","","",""
"30e89bbb7c99983789d5eb40fd54078efbd606ba9f18c18e00839a8fd9429168","family-8705b6cd1076ed4db29d","scope_lookup","after_close","braces","nonce","not_dispatched","Response status: not_dispatched","","","","false","false","false","","","",""
"30ec123256383fcbcda8fd4db99fddbc252e7b58c918bdf7995fdd561d193f32","family-cfcb8ecfa67e83347672","scope_lookup","after_close","named_end","natural","not_dispatched","Response status: not_dispatched","","","","false","false","false","","","",""
"31073a38b9a3967a7c4f39ecd68fb5df9d4ceeede4c26da1921cea00c0817347","family-2ba1fc2994984a55b06d","scope_lookup","after_close","braces","nonce","wrong_answer","Expected 5720; received 5458","","","","true","true","true","","","",""
"310dfac42892c3c9436f28078f83ae51c3221d36888a1228e42980fd2df6fdce","family-4384a2dab386bf8681ee","scope_lookup","after_close","typed_end","natural","wrong_answer","Expected 1247; received 8354","","","","true","true","true","","","",""
"3120d086e6fda512b780559ca7516296ab87a3eeaf71022f38e1ea757e66f470","family-adb07efb005c6f501c6d","scope_lookup","after_close","padded_end","nonce","not_dispatched","Response status: not_dispatched","","","","false","false","false","","","",""
"31349deb63fae1e808052f8dac079f6de82a5311f02fe711b115e8a99c1c3905","family-cc6c2ed2c3954f97d9ec","scope_lookup","after_close","named_end","nonce","not_dispatched","Response status: not_dispatched","","","","false","false","false","","","",""
"313a53febf6de7e809d390e9112ced2b7b787df4f2bc90e3f1a7d6dd7892e7f7","family-9846f2b11bff195d64b8","scope_lookup","after_close","padded_end","natural","not_dispatched","Response status: not_dispatched","","","","false","false","false","","","",""
"314179f37007e5da5bde41af2cb73b6bbe08a6171ced5bba0f675693969ae796","family-592b147512bff6def49b","scope_lookup","after_close","generic_end","nonce","not_dispatched","Response status: not_dispatched","","","","false","false","false","","","",""
"316ff30b4916950c7fb14a2cd1cf64ed9f2da408535b92cae8ec87efd70a578f","family-8b035bce4ca204e57955","scope_lookup","after_close","named_end","natural","not_dispatched","Response status: not_dispatched","","","","false","false","false","","","",""
"317e9793de346dae9135b25e67753f6cbb104f5583aba59196b4df88bb7c6e54","family-d1851b2f24c3cbd63595","scope_lookup","after_close","braces","natural","not_dispatched","Response status: not_dispatched","","","","false","false","false","","","",""
"317f7260ee068ad07d68cfaf13f24248390c32ab415f6f83716493046abcae74","family-ff6653263c8411054e4f","scope_lookup","after_close","typed_end","nonce","not_dispatched","Response status: not_dispatched","","","","false","false","false","","","",""
"3193b6ab46c725fc35883aa341f9662712dd4a4232394a35358390b75f10f28d","family-c347c1fea736898223fe","scope_lookup","after_close","generic_end","nonce","not_dispatched","Response status: not_dispatched","","","","false","false","false","","","",""
"31bac69670d233ba9463a90f1f1110b3f076ae89ef69de847a460a472a695f1d","family-fbff6f169402a84ea98a","scope_lookup","after_close","typed_end","nonce","not_dispatched","Response status: not_dispatched","","","","false","false","false","","","",""
"31bada1a3b487b81e044fcb564e7e6de155726fa1e24583532ac218f792c8bbb","family-425186a1327ddf3eb5ca","scope_lookup","after_close","generic_end","nonce","not_dispatched","Response status: not_dispatched","","","","false","false","false","","","",""
"31d7b858ad9a51f86dd52191c934fa87151c56019a68d61b6f17385759e0ea86","family-2f1c1a229278501ea898","scope_lookup","after_close","generic_end","nonce","not_dispatched","Response status: not_dispatched","","","","false","false","false","","","",""
"31d820469bd74597d596dcdd9d6d792637352dcfb5e8fd1b1f73fb5a5625be25","family-7916dd00c9fd2d346478","scope_lookup","after_close","padded_end","natural","not_dispatched","Response status: not_dispatched","","","","false","false","false","","","",""
"31dacfc282d9e82bb3ad24e23505ba7dcbec4cd725e1814cdf4c6f988fa6045a","family-3572a1853623b4cc2772","scope_lookup","after_close","braces","natural","not_dispatched","Response status: not_dispatched","","","","false","false","false","","","",""
"32df7a968f11e787908a5b6753061ce1e5540996327df7a1a50cc0a3ba081040","family-097b5d6e676871957e62","scope_lookup","after_close","typed_end","nonce","not_dispatched","Response status: not_dispatched","","","","false","false","false","","","",""
"32f8556e968b1a7dea940db2f0c972efbc7d634caeaed6a8b43555bdacdde13c","family-943c646e5fd26ceba388","scope_lookup","after_close","padded_end","nonce","not_dispatched","Response status: not_dispatched","","","","false","false","false","","","",""
"32fbf7ab3ccbc38a68fc7ea69f51ea04b1fe3aa56c76f3a5ff0bfdeaedc15483","family-db2d2997d96595927d22","scope_lookup","after_close","typed_end","nonce","not_dispatched","Response status: not_dispatched","","","","false","false","false","","","",""
"33020dae2f591e74a3cb1d0b4d3f97bf14d777b1e9b1035c5a295590e770884b","family-ef76d0465ec71b6d7c3f","scope_lookup","after_close","padded_end","natural","not_dispatched","Response status: not_dispatched","","","","false","false","false","","","",""
"3346fa7b97d1a597528f0f43a1f399b19e9815b2066614ebba5c8fd8fe2a90ac","family-e9d7370e7f08ecaca89c","scope_lookup","after_close","padded_end","natural","not_dispatched","Response status: not_dispatched","","","","false","false","false","","","",""
"334c9049b3b8c636ebc43235f1422b0ede1652f9b9638c0795b6584dcf13c5b0","family-b47dfd60e0b99470e408","scope_lookup","after_close","named_end","nonce","wrong_answer","Expected 9063; received 6717","","","","true","true","true","","","",""
"33502da0f6337bf200a1861edb751462ba19c5173d5b1bdd327cda1ef0ebda2e","family-1a2337f1ba4ea155043f","scope_lookup","after_close","generic_end","natural","not_dispatched","Response status: not_dispatched","","","","false","false","false","","","",""
"337040efb61a3f80ff5616dcb7a23807e2937b78ddb1f8e6746798871b044b4f","family-9061b3702b95d74a7ca2","scope_lookup","after_close","generic_end","natural","not_dispatched","Response status: not_dispatched","","","","false","false","false","","","",""
"3378f3489554817572f7d3a8fb6d95492d6f1d0bd6e2ce0e0c3620a12033436b","family-a2ece4fbdba8feaddd6b","scope_lookup","after_close","generic_end","nonce","not_dispatched","Response status: not_dispatched","","","","false","false","false","","","",""
"33fd47a0420024a65e6cc9ad3b71fe2b5e9eaf8fcc5fefc3445ef9d9bd7b9a1f","family-d6edda27d6ed38879c7a","scope_lookup","after_close","typed_end","natural","not_dispatched","Response status: not_dispatched","","","","false","false","false","","","",""
"3411a192777bc579fc23dee5e56c460ce7246203b9b1fadaacc82545beea8356","family-1e1e9805ed1c537d286d","scope_lookup","after_close","typed_end","nonce","not_dispatched","Response status: not_dispatched","","","","false","false","false","","","",""
"341d6ef99b103cc915c4ebbd4db5cf5637ddffb259fbf0623d26c1b2ab9f56d2","family-9a4e8a8b04175285a80b","scope_lookup","after_close","generic_end","nonce","not_dispatched","Response status: not_dispatched","","","","false","false","false","","","",""
"343d82a33c18caf3e67bd7ad6e0ff4a14c9c1b4987757cc4c2e88507f93a67b2","family-dd63645388b6be942096","scope_lookup","after_close","named_end","natural","wrong_answer","Expected 7571; received 6179","","","","true","true","true","","","",""
"34466ca105fa5af98fab8bece83d8dcbd4013c7cf0023625bd6c7f04763cd1b5","family-7d1ba8f33e9b6e39234c","scope_lookup","after_close","typed_end","natural","not_dispatched","Response status: not_dispatched","","","","false","false","false","","","",""
"348dc6c68e6f2fc8e4178e96cac436926a0fb99f382c764fe3d2ff74e30647b0","family-a381d57d0a2e1cdd71d3","scope_lookup","after_close","braces","nonce","wrong_answer","Expected 4170; received 3888","","","","true","true","true","","","",""
"348df9c71dde2be219bd83d0c834726ed50f5547da99edac82eb8d49629ca317","family-70cd10ee4ac475b1c2cf","scope_lookup","after_close","typed_end","natural","not_dispatched","Response status: not_dispatched","","","","false","false","false","","","",""
"34b15845033bd1413913f359ea6664dff8f7c297b530ca926fbfe15873b45833","family-295bca20a17148c007d1","scope_lookup","after_close","named_end","nonce","not_dispatched","Response status: not_dispatched","","","","false","false","false","","","",""
"34b72ae151be51cd5cd91fe365514c8f81d21660685a8a9f6e818b1ac93e67e5","family-4b6c2e38351ea351c486","scope_lookup","after_close","generic_end","nonce","not_dispatched","Response status: not_dispatched","","","","false","false","false","","","",""
"34c48b6377c205b71d497ca31ced9c4989b87816635ba0a7b6373f14162c3527","family-4e40ebdbf21668261ca0","scope_lookup","after_close","generic_end","natural","not_dispatched","Response status: not_dispatched","","","","false","false","false","","","",""
"34e771bd6cc5ea24a6ff03cef63f59314a913eb46964397fc514d55bb6eee561","family-35fc0de59b53ac51a0f5","scope_lookup","after_close","padded_end","natural","not_dispatched","Response status: not_dispatched","","","","false","false","false","","","",""
"34fe55d22b4a8fbe32fca17c80a1cef658eab02b1defd5ed08cb9494a4dc0a66","family-1fc89de4b2b652d176d6","scope_lookup","after_close","braces","nonce","not_dispatched","Response status: not_dispatched","","","","false","false","false","","","",""
"35122c1927b88ac418a22b85f06a8ce1a7e2e7785dbfb00e0fe22f40e41b212c","family-b06c38dda0f6ef2944fd","scope_lookup","after_close","generic_end","nonce","not_dispatched","Response status: not_dispatched","","","","false","false","false","","","",""
"3518213b3480b8aa2f4872c3f9a0638a696e48ce72506df4c6a1932b98872062","family-16f04bf034693b0a2918","scope_lookup","after_close","typed_end","natural","not_dispatched","Response status: not_dispatched","","","","false","false","false","","","",""
"354663893aa4f286eaf9f1ed2095ad0dff3bee0d68604ae861896bb0c255d6d3","family-f5d8991ff4c863b620db","scope_lookup","after_close","generic_end","nonce","not_dispatched","Response status: not_dispatched","","","","false","false","false","","","",""
"356f65601eb8a06cd6ebd7beef315dc16159c1802dd785e688ac152536b7345d","family-214f2ec96d9aaae4bd17","scope_lookup","after_close","named_end","nonce","not_dispatched","Response status: not_dispatched","","","","false","false","false","","","",""
"358e177fb5bc66ffd29d97d1fd1c6b65c626178a1886a54c3b6baef869527dcf","family-60e6b994a57cd0667b2a","scope_lookup","after_close","typed_end","natural","not_dispatched","Response status: not_dispatched","","","","false","false","false","","","",""
"35c9f09f93476b4bf5c9fb0204612226b44ef6236bbf799da15279110e6ae789","family-12030a7214ba83d0a44e","scope_lookup","after_close","named_end","nonce","not_dispatched","Response status: not_dispatched","","","","false","false","false","","","",""
"35ce4fd6dd15af12e9e79a21181000442a1498e936b10cab220efa77d2c30547","family-7c332a40107fc9e0506b","scope_lookup","after_close","typed_end","nonce","not_dispatched","Response status: not_dispatched","","","","false","false","false","","","",""
"35eb198fa95ef7eca49fb039c279b0fce6ec6107bb7c11a49f5df0d7c1be684a","family-9061b3702b95d74a7ca2","scope_lookup","after_close","braces","nonce","not_dispatched","Response status: not_dispatched","","","","false","false","false","","","",""
"35f803cbe0676e3b7fccf6a9b88c9994be0673879564da1d516910b4692bcab5","family-bd53ff891a04e9d7707a","scope_lookup","after_close","braces","natural","not_dispatched","Response status: not_dispatched","","","","false","false","false","","","",""
"364c5b961365ba9d618cf416ca3a4f84bd027217635185f41cfc3824042bd640","family-89700d68a60bdc6f667b","scope_lookup","after_close","named_end","nonce","not_dispatched","Response status: not_dispatched","","","","false","false","false","","","",""
"36726476ebfc7ef26a6301c264cf65da2359a10118793e369667b8721222545b","family-ef76d0465ec71b6d7c3f","scope_lookup","after_close","generic_end","nonce","not_dispatched","Response status: not_dispatched","","","","false","false","false","","","",""
"36823bb31c0c784db9d62b50e8fe87f81888030e4fb9a3101bdc9b2a7d8e96ba","family-56378884ef7b40bfc27d","scope_lookup","after_close","named_end","natural","not_dispatched","Response status: not_dispatched","","","","false","false","false","","","",""
"36f9023fe832ab14a20fac24ffd465289a4735698003c54b7b341b2e5ef868f1","family-852eb252bf8a03fa0f54","scope_lookup","after_close","generic_end","natural","not_dispatched","Response status: not_dispatched","","","","false","false","false","","","",""
"3720bed0b435c3fc3b4c1beb990a5dee1f638234d7c06b842fd2513a762dc260","family-1a2337f1ba4ea155043f","scope_lookup","after_close","padded_end","natural","not_dispatched","Response status: not_dispatched","","","","false","false","false","","","",""
"373f938036d657c1707749d128310a3a4b0401d67a37db41539c4db0708acef6","family-ed05da2b0d9dd06af867","scope_lookup","after_close","named_end","nonce","wrong_answer","Expected 4263; received 7965","","","","true","true","true","","","",""
"3740ff1ecb828a6944836c8f4d1f68e8a99114260910409228ee3a1215b29f06","family-750b447a22b873db6093","scope_lookup","after_close","named_end","natural","not_dispatched","Response status: not_dispatched","","","","false","false","false","","","",""
"374a231cc8c4daa36069b65ab7c8a76b745adf0d381de1826af8ff35988bd614","family-7d1ba8f33e9b6e39234c","scope_lookup","after_close","braces","natural","not_dispatched","Response status: not_dispatched","","","","false","false","false","","","",""
"3775663e2e5dac5870b308baf5196d4cf79e24959b14f772898d462f60277116","family-b3b20e3062fd3c008541","scope_lookup","after_close","padded_end","natural","not_dispatched","Response status: not_dispatched","","","","false","false","false","","","",""
"378792952c9fe9af1faced1575e7d9a3669b2bde3aff36db98f6a3e6c48cef5b","family-b06c38dda0f6ef2944fd","scope_lookup","after_close","named_end","natural","not_dispatched","Response status: not_dispatched","","","","false","false","false","","","",""
"3797174e1f848d23a26c4b9f6c4a1a0f49699368c4c10e9cb3cc9a7a7ef3163e","family-80c89211d1f0ead58843","scope_lookup","after_close","typed_end","natural","not_dispatched","Response status: not_dispatched","","","","false","false","false","","","",""
"37a4fc1ca63dade958aa9cad59c18a86d449e935fefaf666183f22f254e4395b","family-6df28d40bfe0615debdc","scope_lookup","after_close","typed_end","natural","not_dispatched","Response status: not_dispatched","","","","false","false","false","","","",""
"37abb5cd24f989783cdb884c430d740987ccd15d129f4ba343c163f07e5cda3c","family-88d674c755828117bb4b","scope_lookup","after_close","named_end","nonce","not_dispatched","Response status: not_dispatched","","","","false","false","false","","","",""
"37b33ee2dcd633c54dc6f563eea8fb12e04b00fffc3ed094b6a1b159104bc1e5","family-39b34286e97d73941dae","scope_lookup","after_close","generic_end","natural","wrong_answer","Expected 9828; received 3492","","","","true","true","true","","","",""
"37dff1b0ebe01dd1daf8ca9f84d8037648b21e1ee73a84127e27e943559b443d","family-810d18124d25c8e6e5df","scope_lookup","after_close","padded_end","natural","not_dispatched","Response status: not_dispatched","","","","false","false","false","","","",""
"37eb5f5912b9fd8812c4b728fb32898f523d2d4143898eb8a5d79c804e7f8df8","family-d20413898c9a91a666b1","scope_lookup","after_close","named_end","nonce","not_dispatched","Response status: not_dispatched","","","","false","false","false","","","",""
"3821d6a221954c10dea77751ae49dc3f8f9ad0a9d0531f95e4730cd3f30a6ab2","family-82a951c68b26c1e33a1f","scope_lookup","after_close","typed_end","natural","not_dispatched","Response status: not_dispatched","","","","false","false","false","","","",""
"382e7343c2b8e124c0531018fb940371e8326d97f1bac2b5792cef6d5e7e7159","family-ce9db8827c2d4c2b2d7f","scope_lookup","after_close","braces","natural","not_dispatched","Response status: not_dispatched","","","","false","false","false","","","",""
"385da6878100e2202a75119b53ea95ec997713bb46c055aa4598aba04533211d","family-30dc588b7cd9f5499243","scope_lookup","after_close","named_end","nonce","not_dispatched","Response status: not_dispatched","","","","false","false","false","","","",""
"3874ff23cc4781763903110ccd96b43da227e69c9e0a25b1a4f600d2c6fccf76","family-46ce55c6614c9d7aa40d","scope_lookup","after_close","braces","natural","wrong_answer","Expected 9089; received 6071","","","","true","true","true","","","",""
"38762a55ad06f08d36bcca00b2f0c8d3202c38876073a685c1295b23590a2287","family-29b1a41423991f061c26","scope_lookup","after_close","padded_end","natural","not_dispatched","Response status: not_dispatched","","","","false","false","false","","","",""
"389b9c1765ebaf795b35711d969c91fdbcb334f68ecb86941efd59d1809c83d4","family-5505ccb9d7b4d5cf9fa6","scope_lookup","after_close","generic_end","nonce","not_dispatched","Response status: not_dispatched","","","","false","false","false","","","",""
"38af220138ee6c32d169f0260e1bc2249e50d3018c6023f544d265281dfb9b95","family-d54f0d62964d2adb1f25","scope_lookup","after_close","typed_end","nonce","not_dispatched","Response status: not_dispatched","","","","false","false","false","","","",""
"38e5bd17fd0b248cd6b273acbae6e2cc0470c3d18fac92cc5fa548da169ff8cf","family-809010a4c0beca08e048","scope_lookup","after_close","named_end","nonce","not_dispatched","Response status: not_dispatched","","","","false","false","false","","","",""
"38ff65449d2976a3131312a9d20cdd216e275f5242420b2e7dc8a3f3f3b4fee8","family-29bae0c51b15fc4b3f39","scope_lookup","after_close","padded_end","natural","not_dispatched","Response status: not_dispatched","","","","false","false","false","","","",""
"390b65c3edd1e25099fdc26e10ccf44d1aede0f7e4a3a61fe2867466708e64e1","family-29b1a41423991f061c26","scope_lookup","after_close","generic_end","nonce","not_dispatched","Response status: not_dispatched","","","","false","false","false","","","",""
"392f0371574038ed46f53cb9a96536fc24ed97224ff7133d04d965cff4a3aa4c","family-26424f3e46400e918ad5","scope_lookup","after_close","generic_end","natural","not_dispatched","Response status: not_dispatched","","","","false","false","false","","","",""
"3934169ad7439ba6f420c997d2ff92420c1179d7b64b8c78ce5a57c6573ebf69","family-7916dd00c9fd2d346478","scope_lookup","after_close","braces","nonce","not_dispatched","Response status: not_dispatched","","","","false","false","false","","","",""
"39410bcf6a00c1b5e83136324a1f4b6b283d1a3e96cf332ec8a68ff6471e88af","family-bd3c2969cbd85fad559f","scope_lookup","after_close","padded_end","nonce","not_dispatched","Response status: not_dispatched","","","","false","false","false","","","",""
"3949bd9a09285133f8f86364f052a5781718aafd7ec876e7d96db53669a849e8","family-edfae4a2ef501e054d9e","scope_lookup","after_close","named_end","nonce","not_dispatched","Response status: not_dispatched","","","","false","false","false","","","",""
"394d3f7837eca4ef6c15c3e3c42651c077b3bdc3d8c4531bc62be96fb55aae5b","family-7ca3cf9ddd5025636b8c","scope_lookup","after_close","braces","natural","wrong_answer","Expected 7328; received 1479","","","","true","true","true","","","",""
"395a125b4f5d2fbdac72003cb3ee34a34154eb0dd4362534c7152ebdb861a9b8","family-1b4ad064baa5f003980f","scope_lookup","after_close","braces","nonce","not_dispatched","Response status: not_dispatched","","","","false","false","false","","","",""
"39722ea659d0cdc1fd109cb428c950cfe14c9da62a13ac07656358f9fc75ef3d","family-85066ac232eae9818a46","scope_lookup","after_close","padded_end","natural","not_dispatched","Response status: not_dispatched","","","","false","false","false","","","",""
"39743f1abfe167c713585f14e37d84e772ed2273cb28c77e252950d11248b341","family-1a0a6382fed9ae407f0e","scope_lookup","after_close","named_end","natural","not_dispatched","Response status: not_dispatched","","","","false","false","false","","","",""
"397acee478e2d035ac857eb0c43c09c8532215415737175eb69162042cd2628e","family-40e8465255e9a32d9a35","scope_lookup","after_close","typed_end","natural","not_dispatched","Response status: not_dispatched","","","","false","false","false","","","",""
"3989ba71607b2912d981059a24357563b285d1108c0266ceaaf1ebdc6136986e","family-cc6d2196d5575c5c3662","scope_lookup","after_close","typed_end","natural","not_dispatched","Response status: not_dispatched","","","","false","false","false","","","",""
"398b21574c3fd6deb15782a2e7344e9ff2f3ad032ce8fb831700fd36c2133eb4","family-5d8149123d768f9fdb94","scope_lookup","after_close","generic_end","natural","not_dispatched","Response status: not_dispatched","","","","false","false","false","","","",""
"398f7ba3033f88d1d57205a11738730afb623ffdbc01130ee352dbf2e61debbd","family-89700d68a60bdc6f667b","scope_lookup","after_close","braces","nonce","not_dispatched","Response status: not_dispatched","","","","false","false","false","","","",""
"3994e83c8249cf676b6c567a2935178b683149da7ff1f80a71140534c2701486","family-85f33245ba7589a7ec72","scope_lookup","after_close","generic_end","nonce","not_dispatched","Response status: not_dispatched","","","","false","false","false","","","",""
"399bafb06fb3a6d722512cfedae25e49b90d46956a67d844c73bc6ed4e77b90a","family-d76894d5e7f919b735f3","scope_lookup","after_close","braces","nonce","not_dispatched","Response status: not_dispatched","","","","false","false","false","","","",""
"39ce8e9c923babd28be029f67492cf43741c4658048e27b12e5d87f6aeaf8ce5","family-53dc9a159913bfc3b333","scope_lookup","after_close","padded_end","nonce","not_dispatched","Response status: not_dispatched","","","","false","false","false","","","",""
"39e2a4b61d4fe8e7a0e34125d1784ea66695f4874950afe44e66aa33432c7322","family-f9acda05511dc179e7bc","scope_lookup","after_close","generic_end","natural","not_dispatched","Response status: not_dispatched","","","","false","false","false","","","",""
"3a2123cba1372122706c0df0ccaf7d8f0862baea6512718bd731d4505502ed5a","family-425186a1327ddf3eb5ca","scope_lookup","after_close","padded_end","natural","not_dispatched","Response status: not_dispatched","","","","false","false","false","","","",""
"3a2fd5ba3d655d00eb391fe1c4511881614bb19360aaccfa4f02989bc4a7bc03","family-129b9045f90a457ec9e7","scope_lookup","after_close","named_end","nonce","api_rejected","Response status: api_rejected","","","","false","true","true","","","",""
"3a4c51802aa707fa7eb66bd24675f29da9cf70273d9137e5f4f4c27c55da1b0e","family-12406704a3b5d2f6a2ec","scope_lookup","after_close","braces","natural","not_dispatched","Response status: not_dispatched","","","","false","false","false","","","",""
"3a52e44f7a140fa947761a573ef00d111a6952139be35700d8998bdad638b1ec","family-96d1655b4655b68cc908","scope_lookup","after_close","typed_end","natural","not_dispatched","Response status: not_dispatched","","","","false","false","false","","","",""
"3a53c01c065772beef0394cce9bf92ee3c16a4f8d054a33d3c13ddd3a51c4dc4","family-fe94f52290d7fe43bad8","scope_lookup","after_close","braces","natural","api_rejected","Response status: api_rejected","","","","false","true","true","","","",""
"3a6335fd0a18eea9232da79f232bc1d96067dbc36d5872932cf832583a3bc8e4","family-dbf800c44ba620013de4","scope_lookup","after_close","named_end","natural","not_dispatched","Response status: not_dispatched","","","","false","false","false","","","",""
"3a7bac64ede86c5365793305446e65546702ef624e457314a9762b4e6c24e94a","family-03aa7a8a99449bfa4db5","scope_lookup","after_close","generic_end","nonce","not_dispatched","Response status: not_dispatched","","","","false","false","false","","","",""
"3ab3eb299393a6be2bac11dd8dcb84882375b8c6e739a21f01c3736ed5982f98","family-654c2abcfdd479f01dbb","scope_lookup","after_close","braces","nonce","not_dispatched","Response status: not_dispatched","","","","false","false","false","","","",""
"3adf95610ad4470548e12bc94e79ddc26ee014e64eb52367b6ac32b6a00abc09","family-3b456337da1a545436e8","scope_lookup","after_close","typed_end","nonce","not_dispatched","Response status: not_dispatched","","","","false","false","false","","","",""
"3aeb33cf1d9625d5d5ca68ba997714a3e5ec2ee7a2ec805114392a6d9de47c9e","family-b44a22afbe017ba651f2","scope_lookup","after_close","padded_end","natural","not_dispatched","Response status: not_dispatched","","","","false","false","false","","","",""
"3aed7bef61156c8426be4b9371265ed68a75ba3ae450c25e0148aa8bd06f86bd","family-09b4a88bbbe85d9c3921","scope_lookup","after_close","typed_end","natural","not_dispatched","Response status: not_dispatched","","","","false","false","false","","","",""
"3b04fb966fa018f77b4c54026b82c2f993ab6eabe07d500518901b9ace3be1ba","family-f9e89108d82d4ba4602c","scope_lookup","after_close","braces","nonce","not_dispatched","Response status: not_dispatched","","","","false","false","false","","","",""
"3b1e52bfe8b28c8f722e083b56fc8b934351d56657d825adf29da98ca699817d","family-580cadd5fc56726c6b8b","scope_lookup","after_close","named_end","nonce","not_dispatched","Response status: not_dispatched","","","","false","false","false","","","",""
"3b33064b860dd00f74f13395783d414974b93a8c9a79ed0d47f6c2a49d7a2d03","family-59844afb2ef9a6952066","scope_lookup","after_close","typed_end","nonce","not_dispatched","Response status: not_dispatched","","","","false","false","false","","","",""
"3b54e32a3e1e92bcb143ba1cf0f5bc14cdfb96d77fb33d252e3f78b5a1d613be","family-ff0608c18843ac780fd4","scope_lookup","after_close","named_end","natural","wrong_answer","Expected 7941; received 8225","","","","true","true","true","","","",""
"3b77196757ab3684f6ccb332643ccf56d2abaca99d916eccc894caa32fcf348f","family-f9196425b0fb748978de","scope_lookup","after_close","padded_end","natural","not_dispatched","Response status: not_dispatched","","","","false","false","false","","","",""
"3b8dd91e440c212a525d10335942bcad61886fc138f9897cc9a616f059cb55bb","family-502a612c7b5f388e0842","scope_lookup","after_close","braces","natural","not_dispatched","Response status: not_dispatched","","","","false","false","false","","","",""
"3bbe2354540a2982efaa092c171bd31e620a9d801276171319df728d1247d2dd","family-e344908be3ae7cdede46","scope_lookup","after_close","padded_end","natural","wrong_answer","Expected 9932; received 5758","","","","true","true","true","","","",""
"3be0a33331c4ad1e083bfff6727d658ff75599dd6278e9fd31877a1f3a15f86d","family-1ad1a54830bc8740173d","scope_lookup","after_close","braces","natural","not_dispatched","Response status: not_dispatched","","","","false","false","false","","","",""
"3be660f8aae5da7b3b34729c1d1a83c2077a866b9ed3a5acc7698e7e2286d32e","family-85a4112782ddb4c549ee","scope_lookup","after_close","typed_end","natural","not_dispatched","Response status: not_dispatched","","","","false","false","false","","","",""
"3be89b0353d1fe7e91098deb469c30bfece0c24c83a2cc90de1e812c542b9664","family-4046f51e619d48a84570","scope_lookup","after_close","braces","nonce","not_dispatched","Response status: not_dispatched","","","","false","false","false","","","",""
"3bf22986cf486296a659684b8407090bdf9c8bdba83eb6c82a3637ca60d6bcf7","family-d20413898c9a91a666b1","scope_lookup","after_close","generic_end","nonce","not_dispatched","Response status: not_dispatched","","","","false","false","false","","","",""
"3c097da7fb6d398f2638b7ef9943aa19357477b7cf95de0292293e4a702b6243","family-8805107cd8eb92a3c679","scope_lookup","after_close","braces","natural","not_dispatched","Response status: not_dispatched","","","","false","false","false","","","",""
"3c15fa3c2a356459e232a5c2462ee3066c26993bea433a51a6caacd274eb22ce","family-bb74c2c8f2e292c33a1f","scope_lookup","after_close","generic_end","natural","not_dispatched","Response status: not_dispatched","","","","false","false","false","","","",""
"3c4e3d6e5ba9556cd29066902db256dc275f9515a9f531d72487293ad3db9a3d","family-edfae4a2ef501e054d9e","scope_lookup","after_close","braces","natural","not_dispatched","Response status: not_dispatched","","","","false","false","false","","","",""
"3c54b934356762ce60c312e259b5abf79b25526eaddb9f7ac5118cc260ba6352","family-c4815f06eb99e1526852","scope_lookup","after_close","named_end","natural","not_dispatched","Response status: not_dispatched","","","","false","false","false","","","",""
"3c5d2256cef33056eb2f04359be96e2c4643f0c4d086a0cc420f8b7409f966ab","family-60e6b994a57cd0667b2a","scope_lookup","after_close","generic_end","natural","not_dispatched","Response status: not_dispatched","","","","false","false","false","","","",""
"3c7e16f3a439fcc81254c7b894a1f3e2b4c074b1dfb08787c0c8a6c859149396","family-fd1f24c481059f7fae66","scope_lookup","after_close","braces","nonce","wrong_answer","Expected 7691; received 5542","","","","true","true","true","","","",""
"3c7e8d925e9fdc97a2fd5cd6d231d217d7947056e4b582dae0facf28e331a6b4","family-2d743a2dd39850fe48a6","scope_lookup","after_close","generic_end","nonce","not_dispatched","Response status: not_dispatched","","","","false","false","false","","","",""
"3c92187c352b23d3fdeac2ccf4abb382f6b87598c3454247b5daf332b63c0ee8","family-5f2d457cfb5501bd52e9","scope_lookup","after_close","named_end","nonce","not_dispatched","Response status: not_dispatched","","","","false","false","false","","","",""
"3cb528d5d54efa6c4c99497b360c3071faa3a143c11ae71e32f5db80a3762422","family-9cb91149a5d178ddc1b8","scope_lookup","after_close","generic_end","nonce","wrong_answer","Expected 6813; received 3108","","","","true","true","true","","","",""
"3cc9e2688d89b7725c14790132c3aac475b9d3675333bd049729a17f7311f9b0","family-9c1e8beef9210ff51d2f","scope_lookup","after_close","typed_end","nonce","not_dispatched","Response status: not_dispatched","","","","false","false","false","","","",""
"3cca20ba06296e0191de96fa91655461fc33f4ae1b4265cafc08e5a2a734e081","family-1c28abaa021ebba4e627","scope_lookup","after_close","braces","nonce","not_dispatched","Response status: not_dispatched","","","","false","false","false","","","",""
"3cd67b47a3584244866081e3438e359ee2943a368f2470b9a2d56908417a2df3","family-dfbce2959dabc0ed1bd1","scope_lookup","after_close","named_end","natural","not_dispatched","Response status: not_dispatched","","","","false","false","false","","","",""
"3cf16d0b9c3820666bbb2c7f90b8d6e93532bc9c3ca46ec27b292838c4d8db37","family-12030a7214ba83d0a44e","scope_lookup","after_close","generic_end","natural","not_dispatched","Response status: not_dispatched","","","","false","false","false","","","",""
"3cf3cce4743cb2a05585072d0299fe17656c88bec072c1e64fab07d2f309926d","family-dbf800c44ba620013de4","scope_lookup","after_close","generic_end","natural","not_dispatched","Response status: not_dispatched","","","","false","false","false","","","",""
"3d11cfc1f0aac7ae8cca415be59453b05d5c48a9b5070a57a2dd71c0bc316000","family-4e24c4b756f53a42f700","scope_lookup","after_close","generic_end","natural","not_dispatched","Response status: not_dispatched","","","","false","false","false","","","",""
"3d34f29e7b7e6d3a3e5feb7fa76999123031851914e673561655c1794b37d4f9","family-9a4e8a8b04175285a80b","scope_lookup","after_close","named_end","nonce","not_dispatched","Response status: not_dispatched","","","","false","false","false","","","",""
"3d9c03a312b7bf935b9d66690f3abee2760c8df683374424d9bb99ac6f81ede0","family-4d4c317eefd692ca0ede","scope_lookup","after_close","named_end","natural","not_dispatched","Response status: not_dispatched","","","","false","false","false","","","",""
"3db2348f6a46b559300bea713b6d30abce7b78f427a1a1b521d7d29ac03ce6ae","family-d76894d5e7f919b735f3","scope_lookup","after_close","padded_end","natural","not_dispatched","Response status: not_dispatched","","","","false","false","false","","","",""
"3dfdb17147d571f35be14d878fa0cdedc01c5455e86344d3a2ca08a10d4efc96","family-9846f2b11bff195d64b8","scope_lookup","after_close","braces","natural","not_dispatched","Response status: not_dispatched","","","","false","false","false","","","",""
"3e0ac88eb2fa636a20b46c6db7254167df7f8b7a1ed48d65be02a0395bf2602e","family-7b3bed9c95d2f326c43d","scope_lookup","after_close","named_end","nonce","not_dispatched","Response status: not_dispatched","","","","false","false","false","","","",""
"3e0f6efbb60bda5ea894225101e5124879ed223ac2d9f1c8f354cd9460591b53","family-8de1019cd6cb55d42696","scope_lookup","after_close","padded_end","natural","not_dispatched","Response status: not_dispatched","","","","false","false","false","","","",""
"3e1063fdcee17e7d30bef12f577e5419e992baf45eb00d84165f3561c315c2cd","family-cc6d2196d5575c5c3662","scope_lookup","after_close","generic_end","nonce","not_dispatched","Response status: not_dispatched","","","","false","false","false","","","",""
"3e17149f907025b9f4d43972fae9bb7071eb9dc31a6f68b1565bdd5be0caffc8","family-99d58b7d7e77fb56cd14","scope_lookup","after_close","braces","nonce","not_dispatched","Response status: not_dispatched","","","","false","false","false","","","",""
"3e2d5961c32cbdb1b3c4d607abe5a9cb049545ac520a717d13c63b6f0542df1c","family-7600bece242271768ead","scope_lookup","after_close","typed_end","nonce","not_dispatched","Response status: not_dispatched","","","","false","false","false","","","",""
"3e535f2804b6487b1b0ceb5bcfc42678deff95d75fea4caea057b5a969bc3869","family-2637168633a8a5fd7957","scope_lookup","after_close","generic_end","nonce","not_dispatched","Response status: not_dispatched","","","","false","false","false","","","",""
"3e598aeaa155167796b64d57233af42ff2e6d158f20f82fbbddbf1f49ab72532","family-2cbd58099ec594d466b1","scope_lookup","after_close","generic_end","natural","not_dispatched","Response status: not_dispatched","","","","false","false","false","","","",""
"3e5fcbc0a8576bf7188e35b7692d183b17f5e04704f4de4415af8ccd6f9ecb7f","family-3e04b47f55388c0d1b5c","scope_lookup","after_close","typed_end","natural","not_dispatched","Response status: not_dispatched","","","","false","false","false","","","",""
"3e6aa34c30fad7aed8818380d7e6a6f1b39453e8f46cde77c2339f44f50d59b6","family-5f8adf71a8b33aeea343","scope_lookup","after_close","generic_end","natural","not_dispatched","Response status: not_dispatched","","","","false","false","false","","","",""
"3e9bd4b9750e1ce36547df478aa00c8f1ab57685fe0dfc1c0a393ac485813bbe","family-1b4ad064baa5f003980f","scope_lookup","after_close","generic_end","natural","not_dispatched","Response status: not_dispatched","","","","false","false","false","","","",""
"3eb3acf3da977f8ef4dff62ab6b34d2d10eed61fd5e8ddfcbd81269828268b1e","family-214f2ec96d9aaae4bd17","scope_lookup","after_close","generic_end","nonce","not_dispatched","Response status: not_dispatched","","","","false","false","false","","","",""
"3ed019eb1d8bc5b76bea0cb4502c8956287da3a333d46ba0a251a7106d414797","family-fddf2ce4f0547d7c496d","scope_lookup","after_close","braces","natural","not_dispatched","Response status: not_dispatched","","","","false","false","false","","","",""
"3ed42a1fa5ce4ac9cf850b81b3f42adbdb950f972d9f51ef41d719022bde5b79","family-3b456337da1a545436e8","scope_lookup","after_close","padded_end","nonce","not_dispatched","Response status: not_dispatched","","","","false","false","false","","","",""
"3efd5a42a59dbaebabcf14c578b8bd6665ae12e5333e424dae1ee723fe62f8aa","family-73d35b42fea6ed684804","scope_lookup","after_close","generic_end","natural","not_dispatched","Response status: not_dispatched","","","","false","false","false","","","",""
"3f3145200007f413c5e839df805524f2ad55602a6c8204fc240d87ad9b9bf31a","family-1a43aa90e10067aecec1","scope_lookup","after_close","padded_end","natural","not_dispatched","Response status: not_dispatched","","","","false","false","false","","","",""
"3f3786d4ef0217a5fd9939c554c8bfc3f16677faebe06a161486d75c1919d044","family-b80ff48f070c0107ca5a","scope_lookup","after_close","generic_end","nonce","not_dispatched","Response status: not_dispatched","","","","false","false","false","","","",""
"3f43b472e5d6c107c56207340526c4a9e4d94c02837702bd9e376d56f50e0128","family-68a86497b058a64904a6","scope_lookup","after_close","braces","nonce","not_dispatched","Response status: not_dispatched","","","","false","false","false","","","",""
"3f6bb4e47a29673897e44b1d24c3948112feac684bc206d558a6c67e70262957","family-c4dde46d058037719010","scope_lookup","after_close","named_end","nonce","not_dispatched","Response status: not_dispatched","","","","false","false","false","","","",""
"3fad447682ad11fcc8c1915df1de02a6dd26926e9b80081de15fd243289516a6","family-1b275cdb1d9d6601a71b","scope_lookup","after_close","generic_end","nonce","not_dispatched","Response status: not_dispatched","","","","false","false","false","","","",""
"3fc7078b01af77ccfa316e165b33569f178983e8520886a64d76c414d5d38b19","family-dce5691b0fc8fdcecf1a","scope_lookup","after_close","generic_end","natural","not_dispatched","Response status: not_dispatched","","","","false","false","false","","","",""
"3fede1a14e3b38c5b31524d11af71213036da25267fd18dc8966b06737d25b56","family-e6c95f67787066ff838f","scope_lookup","after_close","typed_end","nonce","not_dispatched","Response status: not_dispatched","","","","false","false","false","","","",""
"3ffff0faaf7dd45e8795c062c770690eb78190a44b584fb3d0baf45ffd367c02","family-0c8dccd2f8efc0951fca","scope_lookup","after_close","generic_end","natural","wrong_answer","Expected 3243; received 9038","","","","true","true","true","","","",""
"401455cefd596cf65360f0b7b0c7e5b8ab7c2eb6709642481d4079d58bf64958","family-b3fbb8c02b86ad28311d","scope_lookup","after_close","typed_end","natural","not_dispatched","Response status: not_dispatched","","","","false","false","false","","","",""
"409014ec367291705c6e3c59a81d22345e35dfefa92d8a7917d0c182d312c1b8","family-ce9db8827c2d4c2b2d7f","scope_lookup","after_close","padded_end","natural","not_dispatched","Response status: not_dispatched","","","","false","false","false","","","",""
"40906ea8cc81b27d2caa6967b8d6547ff619480d944bdf4634eefbb401441b94","family-0023ad6970e24716db3b","scope_lookup","after_close","named_end","natural","wrong_answer","Expected 6569; received 5776","","","","true","true","true","","","",""
"40c071ef4b95b35915f158018d701d247553f1138c7cd7b809d977447ef0190d","family-952de2a9f9b54ad8c738","scope_lookup","after_close","braces","nonce","wrong_answer","Expected 5523; received 9816","","","","true","true","true","","","",""
"40c9503662dcf0d803f7343eaae042e92ac506d24a23ef4c94b8e023c506c84f","family-3aeadfaeea80262198b8","scope_lookup","after_close","padded_end","natural","not_dispatched","Response status: not_dispatched","","","","false","false","false","","","",""
"40f1c647f93a016b6e5fe0252e96b56538045aee82e1dd9182386bfcb75afd4b","family-145ebbdc3f7d1375ede1","scope_lookup","after_close","named_end","nonce","api_rejected","Response status: api_rejected","","","","false","true","true","","","",""
"411fd020c110d5644ff7ccd098bfc0765affe7dbbb52c9c3c653f389d0e09d80","family-7c332a40107fc9e0506b","scope_lookup","after_close","generic_end","nonce","not_dispatched","Response status: not_dispatched","","","","false","false","false","","","",""
"41728ea96c82b93c5ca7aebc8e82a4f63668f101e43bbe4b82f2765804b65a68","family-e344908be3ae7cdede46","scope_lookup","after_close","generic_end","nonce","not_dispatched","Response status: not_dispatched","","","","false","false","false","","","",""
"419cbc9b628a2c389c856310f32bdd74371225b7c74449b4b4e58be80d25ba2d","family-7916dd00c9fd2d346478","scope_lookup","after_close","padded_end","nonce","not_dispatched","Response status: not_dispatched","","","","false","false","false","","","",""
"41a02dbd18a11ca999b7332b6aafcadd519ad0c43002754bd9b1b52d118cf300","family-0553395a4573d2904b4c","scope_lookup","after_close","braces","natural","not_dispatched","Response status: not_dispatched","","","","false","false","false","","","",""
"41bbcc7bdedc84b3c26c43e2e9e62e1133c1018da24c86d26a382a818f87e3a6","family-25e3edd85f370a06c75e","scope_lookup","after_close","braces","nonce","wrong_answer","Expected 5555; received 8644","","","","true","true","true","","","",""
"41d5572031a1fdb9a0773ed8244821754a7cc471e28a27b8f70e1e16a010c55c","family-fce83fa5b6f1ed2ecae9","scope_lookup","after_close","generic_end","natural","wrong_answer","Expected 2102; received 4328","","","","true","true","true","","","",""
"4200a76b3ebb91629911d9718dc870d459e9c529e4ac85ea5d83793418001ca3","family-7e504f918d99f6224802","scope_lookup","after_close","braces","natural","wrong_answer","Expected 9264; received 8942","","","","true","true","true","","","",""
"42275d893a8fb3cf46c5e8779e6ef7500c4f84c231b5182e5f302c57300ae935","family-70cd10ee4ac475b1c2cf","scope_lookup","after_close","padded_end","natural","not_dispatched","Response status: not_dispatched","","","","false","false","false","","","",""
"422855df4c5f5776bee6773ea1c3cf938ee80b8e0c9aff843e948c4208041f28","family-0a5d21387c431fa11a72","scope_lookup","after_close","typed_end","natural","not_dispatched","Response status: not_dispatched","","","","false","false","false","","","",""
"4230ba1df228d693c45b2b66cb1e69193284615af3ac7cdd68bf154191573686","family-f3dd9c204daa74691d3b","scope_lookup","after_close","padded_end","natural","not_dispatched","Response status: not_dispatched","","","","false","false","false","","","",""
"423db927629a42114953cae924dc70b08c7af75107b635bf776191659aebcd35","family-2d405169f2af4e0021bd","scope_lookup","after_close","typed_end","nonce","not_dispatched","Response status: not_dispatched","","","","false","false","false","","","",""
"42425a4b1a99bf2ccf4372f734a8bd59ce7c5d168d42b3ed579e5742990fb56b","family-ec9cacca59c06cba4528","scope_lookup","after_close","braces","nonce","not_dispatched","Response status: not_dispatched","","","","false","false","false","","","",""
"4273e2c3c5ac5a4c5a6e2bb1b9d4dc1b8466a9d046ee94cedb0997e80d9fff04","family-2e30a9559bdf8a168203","scope_lookup","after_close","named_end","nonce","not_dispatched","Response status: not_dispatched","","","","false","false","false","","","",""
"42836273df329624a84a546c4928f8f8b04a3cfa7fe2c580b4bac9eff944586b","family-30c7b881331ee20888a8","scope_lookup","after_close","typed_end","nonce","wrong_answer","Expected 9192; received 2788","","","","true","true","true","","","",""
"428c5d8cc173b4f8c01a3182a4c669e2b06f6aef61adfd5dc0cf421446ecd5e3","family-e29b5f4538e67d7e4ec0","scope_lookup","after_close","padded_end","nonce","not_dispatched","Response status: not_dispatched","","","","false","false","false","","","",""
"42a096ac0d682d0d75c2c65241d6116d1a1cae0e22ad1800a484ee01fb788362","family-01cdf46109fd1bc56e5f","scope_lookup","after_close","padded_end","nonce","not_dispatched","Response status: not_dispatched","","","","false","false","false","","","",""
"42a8e261991e3143475de0b3f0fb8fc982ecad80e2e629a76bd5f4fc80a83ce7","family-ae1b4ec6df96fb4b7a32","scope_lookup","after_close","named_end","natural","not_dispatched","Response status: not_dispatched","","","","false","false","false","","","",""
"42d583821b56435e310a8e641bbe5c03b19d01dd25f73b7d47e9fb8e088380c4","family-f9e89108d82d4ba4602c","scope_lookup","after_close","padded_end","natural","not_dispatched","Response status: not_dispatched","","","","false","false","false","","","",""
"42e147102c268889d4609ef62958def6eaf5e8d40ebe505cd453ea0e9aaa3d43","family-ccea5ca66ad622bb7848","scope_lookup","after_close","typed_end","natural","not_dispatched","Response status: not_dispatched","","","","false","false","false","","","",""
"42ef4731d2ce2452b8eff4a62b2629b3debf84d3c61628b81a8199eeb9fb0b09","family-ecf47f012083117c0103","scope_lookup","after_close","padded_end","nonce","not_dispatched","Response status: not_dispatched","","","","false","false","false","","","",""
"42f7ec884e67716ee8a1b172c18cb7c25f2a2c79c9eb3eea325e1eb399067cab","family-5f2d457cfb5501bd52e9","scope_lookup","after_close","braces","natural","wrong_answer","Expected 4356; received 5182","","","","true","true","true","","","",""
"4321e4660f640f0025cef7e13e6520e9972c7d6dc86931f7aaecee5fbac9dfd1","family-38fb12e8ac73b3acdc07","scope_lookup","after_close","typed_end","natural","not_dispatched","Response status: not_dispatched","","","","false","false","false","","","",""
"4324aa20229e5fc3314545c4c006f870f0be476c3a12cd0609d796956e61d941","family-38fb12e8ac73b3acdc07","scope_lookup","after_close","braces","natural","not_dispatched","Response status: not_dispatched","","","","false","false","false","","","",""
"432dd341c9297b8586d991dc18ae84393586d778b9f5a3db34a7f5bdb81af33b","family-dc6c1d22763b1c4111e4","scope_lookup","after_close","padded_end","natural","not_dispatched","Response status: not_dispatched","","","","false","false","false","","","",""
"4330827170422999971ab6147ac4dab38438740b5ca574ff801b75a7a3676803","family-965e957e4d8298784a4e","scope_lookup","after_close","generic_end","natural","not_dispatched","Response status: not_dispatched","","","","false","false","false","","","",""
"435e878a62d12f16ef720fba6ae82161cf5270846b4ffcdf7a83c2fe7b848a01","family-791d8e7050a732628f6a","scope_lookup","after_close","braces","natural","not_dispatched","Response status: not_dispatched","","","","false","false","false","","","",""
"4380b4d5a336b12965236669a88598ad233e575f0cf6d182ce9eda822173b6d8","family-93d892d460906fd39f72","scope_lookup","after_close","generic_end","nonce","not_dispatched","Response status: not_dispatched","","","","false","false","false","","","",""
"43aa2a2b729fde9e1f614179088e06be65048a69a4d47406adab7ab7a1824891","family-130bfd53f821d0de9f25","scope_lookup","after_close","typed_end","nonce","not_dispatched","Response status: not_dispatched","","","","false","false","false","","","",""
"43b85bda4616fc718094a3f954e94300c46479258ce4ca21f90034a85b1bc4e0","family-4534d46d7d8075579c4f","scope_lookup","after_close","generic_end","natural","not_dispatched","Response status: not_dispatched","","","","false","false","false","","","",""
"43c7857c4c4e87af1c842d2bb64615d63a71a9378214e9cc32d163dc91b1aa0f","family-9e74934a045b9bf738e8","scope_lookup","after_close","typed_end","nonce","not_dispatched","Response status: not_dispatched","","","","false","false","false","","","",""
"43e06111d0d086fabc3e06d50cc59c580122b356037a1c318d5064c5ebec3440","family-f13778db5d945766e013","scope_lookup","after_close","braces","nonce","not_dispatched","Response status: not_dispatched","","","","false","false","false","","","",""
"43fe4a6ad736794ad6139a13f2e1d8765d5a6fd2200720e3d123b90471bbfb7c","family-59844afb2ef9a6952066","scope_lookup","after_close","named_end","natural","not_dispatched","Response status: not_dispatched","","","","false","false","false","","","",""
"43ff958510bc9d6fb5f207ba27689366100e31af80146738bea48cc2d8e85f5c","family-4d4c317eefd692ca0ede","scope_lookup","after_close","typed_end","nonce","not_dispatched","Response status: not_dispatched","","","","false","false","false","","","",""
"440366d50d6d0e01cf822b9d2e7b8792932346635f0a140d7e276d9247c85686","family-ac8d99f31a8067b4003c","scope_lookup","after_close","padded_end","nonce","not_dispatched","Response status: not_dispatched","","","","false","false","false","","","",""
"4456fecb9c34e566efc1498b76bc1b8d5838b29871ab20a147d55f61c6a23e4f","family-46ce55c6614c9d7aa40d","scope_lookup","after_close","padded_end","nonce","wrong_answer","Expected 9089; received 6071","","","","true","true","true","","","",""
"44b013c012c1b1165fda22603579510ae7a031faf57572929dbfb5fa7307a4fb","family-c04f5b74646ddaeba01f","scope_lookup","after_close","named_end","natural","wrong_answer","Expected 1371; received 7746","","","","true","true","true","","","",""
"44c6e93e4e2ca41378a343cadd5d247da4c89d82879534badcbd035320f0b146","family-519cc0f8028f69d657bb","scope_lookup","after_close","generic_end","natural","not_dispatched","Response status: not_dispatched","","","","false","false","false","","","",""
"44c6f00f0dad8951631c884842f594a19ef0b573dd4ade298b77cb45c0303038","family-96d1655b4655b68cc908","scope_lookup","after_close","padded_end","natural","not_dispatched","Response status: not_dispatched","","","","false","false","false","","","",""
"44d05d0dc9e089e87b236ebcc11dd8a8163e1d0d4b43f4c7906442cd85ef1305","family-35072a31b6134c8f283b","scope_lookup","after_close","braces","natural","not_dispatched","Response status: not_dispatched","","","","false","false","false","","","",""
"44e53708629171e27d5e4c94ecb6d6930f958f9017759bb6999658d6789f364f","family-e16df58183f0df0d937b","scope_lookup","after_close","generic_end","natural","not_dispatched","Response status: not_dispatched","","","","false","false","false","","","",""
"44faf24bdab7feb260a9cafca48ee403e68762e1fa2e0282609c944b32dd28f8","family-bd4099cd056789e21e20","scope_lookup","after_close","padded_end","nonce","not_dispatched","Response status: not_dispatched","","","","false","false","false","","","",""
"44fcaa9bf70ecb2295d2afcbdf39b0d19965d9cee42654c679abce62fda21c0b","family-c40d8d6e3375c4e86995","scope_lookup","after_close","padded_end","nonce","not_dispatched","Response status: not_dispatched","","","","false","false","false","","","",""
"4502c6852c77a67bd50d2293538cc17b0bbab1f95f247abd76be33e0ac879bfe","family-a37f6a6d9bef51d35278","scope_lookup","after_close","typed_end","nonce","not_dispatched","Response status: not_dispatched","","","","false","false","false","","","",""
"4538ad803c6f4ff2b3a94db6665aa7f9206d2b796fa72488dc2eea4918b7c643","family-b9dffdcb3b9bd2373ad2","scope_lookup","after_close","braces","nonce","not_dispatched","Response status: not_dispatched","","","","false","false","false","","","",""
"4591bd01c1358354aed61d08f2ac0ef8f60f05f61cd88112920cb02b8c744312","family-37091b20ad081d82704e","scope_lookup","after_close","generic_end","natural","not_dispatched","Response status: not_dispatched","","","","false","false","false","","","",""
"45bff9dc498ac45de4943cfd3941b9e9e02de24b6d39e2bcb95d147cdf1a887a","family-8de1019cd6cb55d42696","scope_lookup","after_close","typed_end","natural","not_dispatched","Response status: not_dispatched","","","","false","false","false","","","",""
"45c4ec21f45cdf08ec954f916f786725c5486aa4092a934ed2e74b5930230caa","family-a3aa364ec705e78b92fb","scope_lookup","after_close","braces","nonce","wrong_answer","Expected 9088; received 4240","","","","true","true","true","","","",""
"45cc17ac65bdd742c8e2851be3d5905766cc0faac1d0a2a903864eb30b7d8e68","family-ed3aeac54a08bc1c993b","scope_lookup","after_close","named_end","nonce","not_dispatched","Response status: not_dispatched","","","","false","false","false","","","",""
"45d29e7b37fa3dc61bda9c9b28071dd4bde322bfe4e2fe2713953413beff2a10","family-a4b5c94983eec4913f23","scope_lookup","after_close","padded_end","natural","not_dispatched","Response status: not_dispatched","","","","false","false","false","","","",""
"45df8eb4c17801a9c3b067cc9465433b9d66231fe27e62ff25bb0bfd3d1b1621","family-a2ece4fbdba8feaddd6b","scope_lookup","after_close","padded_end","natural","api_rejected","Response status: api_rejected","","","","false","true","true","","","",""
"45fe277c33236538b50048f5167e11b55893c824ae9ccf3978433e33a321925b","family-2a7134667340fdbaebf0","scope_lookup","after_close","braces","natural","not_dispatched","Response status: not_dispatched","","","","false","false","false","","","",""
"4609b4d0cfccc7a452df8e4fbe715bdcf86b4333a17646cafea2078d7d86e503","family-cc6c2ed2c3954f97d9ec","scope_lookup","after_close","typed_end","nonce","not_dispatched","Response status: not_dispatched","","","","false","false","false","","","",""
"46216e57144f9c36050f6549457de00760d67f5db74322f79e2569381bf68f85","family-fb85b657ca85ca0c01d2","scope_lookup","after_close","padded_end","nonce","not_dispatched","Response status: not_dispatched","","","","false","false","false","","","",""
"4627cb983a5052a56f7de912632ba718562596097ff2eb40615731eec04fa44f","family-11cf59caaf680b0c7817","scope_lookup","after_close","generic_end","nonce","not_dispatched","Response status: not_dispatched","","","","false","false","false","","","",""
"4653548041637de2d01728bc57a414cbaa38c0e859f969badeb9a868c440d8ec","family-ab82262840047decc0cc","scope_lookup","after_close","typed_end","nonce","not_dispatched","Response status: not_dispatched","","","","false","false","false","","","",""
"467344c5915afb5e1ab51122667d29fbe3b4d4a6739feefcfa062a5910578e57","family-b4f3d9350b473ded7a45","scope_lookup","after_close","typed_end","natural","wrong_answer","Expected 9931; received 6239","","","","true","true","true","","","",""
"4680dd1356176bddde2dc7be96d688f3a1b46dd23549a55706c8dad92631d8c1","family-7201b5e67b42074251d7","scope_lookup","after_close","braces","nonce","not_dispatched","Response status: not_dispatched","","","","false","false","false","","","",""
"46a1669408cff82a4007ca1c18c88850c2b43117a2dddd57e51d05131dde6952","family-77a73299bac04e5e2f03","scope_lookup","after_close","padded_end","natural","not_dispatched","Response status: not_dispatched","","","","false","false","false","","","",""
"46cc95c40df3d4a9f3dd2bafe4b31ef798870458cc99fe9365b5c64188213196","family-ed3aeac54a08bc1c993b","scope_lookup","after_close","generic_end","natural","not_dispatched","Response status: not_dispatched","","","","false","false","false","","","",""
"46e85df41c155f635073924ee9d6e2ee310729c334c5e358d014b0ac624f5b84","family-35072a31b6134c8f283b","scope_lookup","after_close","named_end","nonce","not_dispatched","Response status: not_dispatched","","","","false","false","false","","","",""
"47010629b232a7d642aea9b2b66014c3d54de061a3b156a25a71c405f6ae8c08","family-b9dffdcb3b9bd2373ad2","scope_lookup","after_close","named_end","nonce","not_dispatched","Response status: not_dispatched","","","","false","false","false","","","",""
"4701da87412bd5caf72932fe20a6e33d8f24ee3056424003a0578d9258e37747","family-f857e73b644ab2c812fd","scope_lookup","after_close","padded_end","nonce","api_rejected","Response status: api_rejected","","","","false","true","true","","","",""
"4734a3e2a004822498945171f7c635a6ccf668fd75e02f7ed0fa8b5827a1e582","family-9beca0a5b011c108b8fe","scope_lookup","after_close","braces","nonce","not_dispatched","Response status: not_dispatched","","","","false","false","false","","","",""
"47518fd80002ea6438bac6a4d5c7b46eaa6e9a98528a939711d5401cdb4ca717","family-e739721766419f8ad9dd","scope_lookup","after_close","braces","natural","not_dispatched","Response status: not_dispatched","","","","false","false","false","","","",""
"4782c906f1cc529668a756b939deb270b58fbd7e5ee9b892e14c30e42e959915","family-89700d68a60bdc6f667b","scope_lookup","after_close","named_end","natural","not_dispatched","Response status: not_dispatched","","","","false","false","false","","","",""
"47a1f5a040f44fa05b130940d169e1541078910fc02429be0af1019894bd1f7b","family-3fdeb99b24e318aa28fb","scope_lookup","after_close","padded_end","natural","not_dispatched","Response status: not_dispatched","","","","false","false","false","","","",""
"47af109930f9bd14d4d6bcfd5f43e93a48a49a1a3ed5d5fcc79d22033a504595","family-d1d59a338a5cd025894e","scope_lookup","after_close","typed_end","natural","not_dispatched","Response status: not_dispatched","","","","false","false","false","","","",""
"47b8ffbf61e14a27840b1b08d51ddaad14a576192caa87e7f538ceaeff4f5705","family-920fbd14523f796a7fa8","scope_lookup","after_close","generic_end","natural","wrong_answer","Expected 3792; received 2862","","","","true","true","true","","","",""
"47c19d006fa4b92852e6d9dcbf13e7efff07ebbd7c0705c4a70fb2c3c284976e","family-fe7ce9ac8c05ee3f6103","scope_lookup","after_close","typed_end","natural","not_dispatched","Response status: not_dispatched","","","","false","false","false","","","",""
"47fabd062c228f22c66acbbe9e846efbb212b777dedc60c08c3bf52329822273","family-38fb12e8ac73b3acdc07","scope_lookup","after_close","typed_end","nonce","wrong_answer","Expected 1859; received 9553","","","","true","true","true","","","",""
"480320356d3f61e5c23d5a2d3f2d291f56d2b6f618477b25d25193b0c464c330","family-dd63645388b6be942096","scope_lookup","after_close","braces","nonce","not_dispatched","Response status: not_dispatched","","","","false","false","false","","","",""
"481849d01598178b8dae145d6ea6460dd885d27f7b70e371e1c36f66163c8882","family-ff6653263c8411054e4f","scope_lookup","after_close","typed_end","natural","wrong_answer","Expected 3943; received 5017","","","","true","true","true","","","",""
"48280cbcd195ec367d10e0c214e179a5bf0e49db477948ce3b72db97e2e8047e","family-3b456337da1a545436e8","scope_lookup","after_close","braces","nonce","not_dispatched","Response status: not_dispatched","","","","false","false","false","","","",""
"483082b9eb4a5b67ace39ccad200979abb4f390956cd096cd5d18e3c0e52adac","family-3eabdb043eb316c35b34","scope_lookup","after_close","named_end","natural","wrong_answer","Expected 3064; received 6763","","","","true","true","true","","","",""
"4838dc299a51d9508810d2af5d30273f4ca2c8bcc943f50a72306fcdc034dc11","family-2d743a2dd39850fe48a6","scope_lookup","after_close","named_end","nonce","not_dispatched","Response status: not_dispatched","","","","false","false","false","","","",""
"483e2ed4fb5880162913fac7961f4bfec36548937e2a5e58d77dead9e79bdb79","family-ed3aeac54a08bc1c993b","scope_lookup","after_close","padded_end","nonce","not_dispatched","Response status: not_dispatched","","","","false","false","false","","","",""
"48617ea120094d1ba764d559bb73a921c99271086f7253cb831e94c6f6a980f3","family-30dc588b7cd9f5499243","scope_lookup","after_close","typed_end","nonce","not_dispatched","Response status: not_dispatched","","","","false","false","false","","","",""
"4869eeafab3fde39eb58decf9bab48ccb0ba99ad70d4f5803fc8fffaa7dc105a","family-425186a1327ddf3eb5ca","scope_lookup","after_close","braces","natural","not_dispatched","Response status: not_dispatched","","","","false","false","false","","","",""
"4872fe313137dffd2840a2d66ff62c8dec9c104a5b91da6d4eda51cd88995a7e","family-1b275cdb1d9d6601a71b","scope_lookup","after_close","braces","natural","not_dispatched","Response status: not_dispatched","","","","false","false","false","","","",""
"4879bf6c45047e19393d390b9f77a88c8a332190b37fff12dc87e570cc4d3eba","family-c3d013e43b09c78a77fe","scope_lookup","after_close","typed_end","nonce","not_dispatched","Response status: not_dispatched","","","","false","false","false","","","",""
"48af55b7a426b1e49e2913ae2c4c2124c3c0df62caefa5ddd9817f0f6f522750","family-117639ec340885b3ffc1","scope_lookup","after_close","braces","nonce","not_dispatched","Response status: not_dispatched","","","","false","false","false","","","",""
"48b3300f3bfc8f72308bd5352e89529ddda9a6b906681de63e0225b8d98ee740","family-f9e89108d82d4ba4602c","scope_lookup","after_close","padded_end","nonce","not_dispatched","Response status: not_dispatched","","","","false","false","false","","","",""
"4901e621805ac4bcb26c106a7ecdaa77e69f0e53b4e28d75b31fb37fcf9b2356","family-60e6b994a57cd0667b2a","scope_lookup","after_close","named_end","nonce","not_dispatched","Response status: not_dispatched","","","","false","false","false","","","",""
"492786981c2dddd0f47f4d5ad37173f14bed47634210c48b8aceca0874303720","family-9e74934a045b9bf738e8","scope_lookup","after_close","generic_end","nonce","not_dispatched","Response status: not_dispatched","","","","false","false","false","","","",""
"4935f7b1b2cdf78a054f1d1d34dbff9d2d8a06241f80d69dd8988d0a54f34915","family-73a7c567db3e9ee9bd58","scope_lookup","after_close","named_end","nonce","not_dispatched","Response status: not_dispatched","","","","false","false","false","","","",""
"493f4250e9b7524d7df4b1afd8e50f840abd241c6891e6451fb99da16802bbab","family-a687b9583e025493e18e","scope_lookup","after_close","generic_end","natural","not_dispatched","Response status: not_dispatched","","","","false","false","false","","","",""
"494ef9a21af68e6830bc3b22cb226465f69c28886e53ea5043ba446008b01451","family-069a6373157818e063fe","scope_lookup","after_close","named_end","nonce","not_dispatched","Response status: not_dispatched","","","","false","false","false","","","",""
"49581d1771073672527f2ede0065f6ae38bcfbf8eceb60c9922b69ec8d26a137","family-b676e0c7c1f33664a47b","scope_lookup","after_close","braces","natural","not_dispatched","Response status: not_dispatched","","","","false","false","false","","","",""
"496b5660c481e01668e724676422fcfd753706c93b81852e717d47ecfc5504d9","family-8705b6cd1076ed4db29d","scope_lookup","after_close","generic_end","nonce","not_dispatched","Response status: not_dispatched","","","","false","false","false","","","",""
"49ddd5fb108f12d61a6bc83c02831de5267b6430e953103ad30a1201355e4f07","family-5b27bba163c307118a9b","scope_lookup","after_close","generic_end","natural","wrong_answer","Expected 1653; received 6704","","","","true","true","true","","","",""
"49f3490ef3f5b26555ed88b5017e38c8a54ca8b922d3ba5c91e4ac5d6bdafb99","family-1c5cd02f221964d951cf","scope_lookup","after_close","generic_end","nonce","not_dispatched","Response status: not_dispatched","","","","false","false","false","","","",""
"49f3a18f396d12d96210e9b826b48c40f1bde903646526d459d1ac635d2da1e2","family-a22d4782996ff05714d6","scope_lookup","after_close","padded_end","natural","not_dispatched","Response status: not_dispatched","","","","false","false","false","","","",""
"49fb16e2dc56202d90c1fcd9f13ceb1bdb631fd48c0fae4f62fe90d72dd3021f","family-edfae4a2ef501e054d9e","scope_lookup","after_close","padded_end","natural","not_dispatched","Response status: not_dispatched","","","","false","false","false","","","",""
"4a1abdf7117cafe1fdd1f29a281c94f9e8e93fd3ae5e705f57904d9e66cba512","family-4dc1c52649d2db1dcaf8","scope_lookup","after_close","typed_end","nonce","wrong_answer","Expected 1565; received 5575","","","","true","true","true","","","",""
"4a1e6d029c7ca187ffd5e5fff7e3082b5fa9d962b3b393a544c9c2f584f354d3","family-1270ade5663f5ae56168","scope_lookup","after_close","named_end","natural","not_dispatched","Response status: not_dispatched","","","","false","false","false","","","",""
"4a21bbc3003cfac0ae651602e62f731366225e956454459dfe0e84fe82440fcf","family-5d8149123d768f9fdb94","scope_lookup","after_close","named_end","nonce","not_dispatched","Response status: not_dispatched","","","","false","false","false","","","",""
"4a26913fa9853269ee40fd24674ceab38b667eadc8bb1ea901aa71aeb30c071f","family-069a6373157818e063fe","scope_lookup","after_close","generic_end","nonce","not_dispatched","Response status: not_dispatched","","","","false","false","false","","","",""
"4a377a51d7da90ca8859263bd7ab97693a03b41d74ac6cf9d0346e97e86f5052","family-2a7134667340fdbaebf0","scope_lookup","after_close","padded_end","natural","not_dispatched","Response status: not_dispatched","","","","false","false","false","","","",""
"4a69944867cecfaaf963a0a386cac35b232164c9bd12a55a917717e63e28177f","family-9651f0409341bdf5680a","scope_lookup","after_close","padded_end","nonce","wrong_answer","Expected 2471; received 5364","","","","true","true","true","","","",""
"4ac90cd4e282dd7cdaae718512e56e782e2624d99fad50efd3532d12829f4318","family-03aa7a8a99449bfa4db5","scope_lookup","after_close","typed_end","nonce","not_dispatched","Response status: not_dispatched","","","","false","false","false","","","",""
"4af567d95ceb9965dffd17a205303dacf6b31b6926ae43577bec52539361194b","family-0a5d21387c431fa11a72","scope_lookup","after_close","generic_end","natural","not_dispatched","Response status: not_dispatched","","","","false","false","false","","","",""
"4b0a023c2d6390811ef84db2e2ea34eee2a6cc19a910a4563fb3bf0aac7d7d11","family-35fc0de59b53ac51a0f5","scope_lookup","after_close","typed_end","natural","not_dispatched","Response status: not_dispatched","","","","false","false","false","","","",""
"4b236773c53c26d3a5189a009f12c970f9b965a232d50e203aa3e2cb62590e99","family-4d4c317eefd692ca0ede","scope_lookup","after_close","padded_end","nonce","not_dispatched","Response status: not_dispatched","","","","false","false","false","","","",""
"4b31a10cb815c6f2fc3fe2f40021adc452ee48f62d5a1a378b217759e7d41e45","family-e9227cc87b94745443d1","scope_lookup","after_close","named_end","nonce","not_dispatched","Response status: not_dispatched","","","","false","false","false","","","",""
"4b74c92d0494e81bf61a4fb5807f88936604919ecf9e2728933879babd0d08f8","family-8ba864c7229e72b635fa","scope_lookup","after_close","braces","natural","not_dispatched","Response status: not_dispatched","","","","false","false","false","","","",""
"4b8622f2592a4a6d2b95caec4a19303c0d6ed74ba5baacf9ac6288c1e965ac07","family-b5f5cbc81ad77e199fa2","scope_lookup","after_close","braces","natural","not_dispatched","Response status: not_dispatched","","","","false","false","false","","","",""
"4b8942f29800c83c068251bbc568e76cc10c89c6a0cae3d6a762d6d101605559","family-b3b20e3062fd3c008541","scope_lookup","after_close","named_end","natural","not_dispatched","Response status: not_dispatched","","","","false","false","false","","","",""
"4ba2d1ae37aaafa1a3c8043c4cb389f9aa60d8d1bfeaded7a3e6b08ad074a6d5","family-fe94f52290d7fe43bad8","scope_lookup","after_close","padded_end","natural","api_rejected","Response status: api_rejected","","","","false","true","true","","","",""
"4bafe3f693f8256fb89dbefc7cc3abe969f5c232d9ca5e69129a38554a6e1ef0","family-f857e73b644ab2c812fd","scope_lookup","after_close","padded_end","natural","not_dispatched","Response status: not_dispatched","","","","false","false","false","","","",""
"4be7255c94ca312f7f88d564af29e33006e92a0adf0523cecece438a75cad604","family-53dc9a159913bfc3b333","scope_lookup","after_close","braces","natural","not_dispatched","Response status: not_dispatched","","","","false","false","false","","","",""
"4bf74a367f1fe5f0440a84fc4b5188013517c562f61842afc8a21a620b886694","family-d548c5f900182242bf0c","scope_lookup","after_close","padded_end","natural","not_dispatched","Response status: not_dispatched","","","","false","false","false","","","",""
"4c3cc06d28db0d730d55623b35618271ff6bf010eb63f0aca030a092def79ed7","family-a3756c322259c6e89966","scope_lookup","after_close","braces","natural","not_dispatched","Response status: not_dispatched","","","","false","false","false","","","",""
"4c87112dbf0cd627f4ba637dd7af7b584f54ae4b8d8eb24ec3d29e400e33b105","family-1fc89de4b2b652d176d6","scope_lookup","after_close","typed_end","nonce","not_dispatched","Response status: not_dispatched","","","","false","false","false","","","",""
"4cadd4d13370fe6a3412250ce126c2beea0e44dcd7d9e84b0f75a8fde7bc0f31","family-791d8e7050a732628f6a","scope_lookup","after_close","generic_end","natural","not_dispatched","Response status: not_dispatched","","","","false","false","false","","","",""
"4cc31028e1a6c6b70f019f748672a2e87b4f6b566749e97c75a75551d6d1f22f","family-51e3627587c0ace4b236","scope_lookup","after_close","named_end","nonce","not_dispatched","Response status: not_dispatched","","","","false","false","false","","","",""
"4cc4f3b72febe10ee9fbb9acf5bd63c6e358c007c4e426ace69c8f973d77e64c","family-dfbce2959dabc0ed1bd1","scope_lookup","after_close","braces","natural","not_dispatched","Response status: not_dispatched","","","","false","false","false","","","",""
"4ccbadcc55406363ae359e2fb45afe1e647a71e6885b421bbc93f1de46db2714","family-d790b8721b3020bd3181","scope_lookup","after_close","generic_end","natural","not_dispatched","Response status: not_dispatched","","","","false","false","false","","","",""
"4cd2dfcaee033ae9589d7b90092b553c8615f993b6cf562cfbad6aae36509c8c","family-b676e0c7c1f33664a47b","scope_lookup","after_close","named_end","natural","not_dispatched","Response status: not_dispatched","","","","false","false","false","","","",""
"4cd30483b5a8198805c7aee429b1c31aeda79f6005165af8efb89ad06d844a7a","family-acbb52af2f9a3ad666fc","scope_lookup","after_close","braces","nonce","wrong_answer","Expected 8476; received 1925","","","","true","true","true","","","",""
"4cd7a4a800a549a6ecd3cd2f2a6646016b7dbee935d177a0234d9323b050454e","family-9a33a41793445f3ab44a","scope_lookup","after_close","typed_end","natural","not_dispatched","Response status: not_dispatched","","","","false","false","false","","","",""
"4cd8e620616d2e0895d87c1a1792a9fb6a8582807d2485ea23cdd75f9cf36d1b","family-0eb3f9df620743533159","scope_lookup","after_close","typed_end","natural","not_dispatched","Response status: not_dispatched","","","","false","false","false","","","",""
"4ce2cd1b51a9916aa4b141820e489e8c112e91748871f839871fa4d0d7cb8c78","family-b676e0c7c1f33664a47b","scope_lookup","after_close","typed_end","natural","not_dispatched","Response status: not_dispatched","","","","false","false","false","","","",""
"4cf90af4605e48a8064bec7b2940b40cf464c7d8b72634c7a0c3894688dadeb7","family-b04e693befb371d76c76","scope_lookup","after_close","padded_end","nonce","not_dispatched","Response status: not_dispatched","","","","false","false","false","","","",""
"4d096947e9ec0009e414fce6ed84d6879c449635ad94f3a741216afb13cb9d1c","family-970fcc791975ca15fd0f","scope_lookup","after_close","padded_end","nonce","wrong_answer","Expected 5392; received 9299","","","","true","true","true","","","",""
"4d237604b3129e2f81a44d6b4a8588e8c7cf598ab5ed0fb60b99f0cc69d242b2","family-365f2be098ba49c5211e","scope_lookup","after_close","generic_end","natural","not_dispatched","Response status: not_dispatched","","","","false","false","false","","","",""
"4d463285a6d493a7bad55d54ebfa28d082c767fb4daf6a349142ee9a1320e1bd","family-21b2b004974640e420be","scope_lookup","after_close","typed_end","natural","not_dispatched","Response status: not_dispatched","","","","false","false","false","","","",""
"4d512cc37c01a4081fc25b1c6086b64f6aef4686ba46f8dc3b14ba43c9916c84","family-214f2ec96d9aaae4bd17","scope_lookup","after_close","padded_end","nonce","not_dispatched","Response status: not_dispatched","","","","false","false","false","","","",""
"4d60983c049ce3f8bbc437dea5a55a51da1d24bf7db50d1fff45e906ae814d11","family-2d405169f2af4e0021bd","scope_lookup","after_close","generic_end","nonce","not_dispatched","Response status: not_dispatched","","","","false","false","false","","","",""
"4d60f0cc88bbe4202c194a33ddeb409804a83c3e2548548022d5a724c87cc63a","family-eb504ae7ef65139530b7","scope_lookup","after_close","braces","natural","not_dispatched","Response status: not_dispatched","","","","false","false","false","","","",""
"4d7d25c4f0ef9cf18640da87a979b87c5faa11b2f32061137533095a04e9b2c0","family-7281051a5d301758589b","scope_lookup","after_close","braces","nonce","not_dispatched","Response status: not_dispatched","","","","false","false","false","","","",""
"4d80c5951cb15111e93fad5579a8e9a99587a4e119e114195acedd39474e700c","family-89700d68a60bdc6f667b","scope_lookup","after_close","padded_end","natural","not_dispatched","Response status: not_dispatched","","","","false","false","false","","","",""
"4d8b7100b9e6a67f06583c569deb72f2338b44bf3280caac4c86591d848fe163","family-4d4c317eefd692ca0ede","scope_lookup","after_close","braces","natural","not_dispatched","Response status: not_dispatched","","","","false","false","false","","","",""
"4d960f52765233af3484ccc0f738998eee46f824ef99332e3cbef0ea9c7f444b","family-bd4099cd056789e21e20","scope_lookup","after_close","generic_end","nonce","not_dispatched","Response status: not_dispatched","","","","false","false","false","","","",""
"4de948b32d7fc6d464a0485a984a674ca990f3c0837812c3ba49e42527ee932c","family-ef76d0465ec71b6d7c3f","scope_lookup","after_close","braces","natural","not_dispatched","Response status: not_dispatched","","","","false","false","false","","","",""
"4e16ef9c7926ee0be873b18cee8682769fb4688ab9accb805c79f9b7a234b8bd","family-1a43aa90e10067aecec1","scope_lookup","after_close","padded_end","nonce","not_dispatched","Response status: not_dispatched","","","","false","false","false","","","",""
"4e53c24d1e27ca6bcb06b3cbfeb8040dad7a0ff754975ea8b6a398806f4a5d58","family-ecf47f012083117c0103","scope_lookup","after_close","named_end","natural","not_dispatched","Response status: not_dispatched","","","","false","false","false","","","",""
"4e5a04d113f9218e54d73dbee8b87e25086d7fc5aed1f3b7bb14eddcc8597ca4","family-b2b3ce1cf84d98d0409a","scope_lookup","after_close","named_end","nonce","not_dispatched","Response status: not_dispatched","","","","false","false","false","","","",""
"4e6920613142ae7e563eaa44140f6ff72ced2f70aba20f0635c339a669281dd9","family-80c89211d1f0ead58843","scope_lookup","after_close","named_end","nonce","not_dispatched","Response status: not_dispatched","","","","false","false","false","","","",""
"4e7f3ddf912f793a0a34f6036509aad7501bdcc6a5a8b7839ca293d313a71a87","family-8514c6f6416fbc73eaca","scope_lookup","after_close","braces","nonce","wrong_answer","Expected 5967; received 5669","","","","true","true","true","","","",""
"4e7f86ca9c42ae23a679edf0f566cef8d15747ef23b1a47b065ee7c23b30c42f","family-a2ece4fbdba8feaddd6b","scope_lookup","after_close","named_end","nonce","not_dispatched","Response status: not_dispatched","","","","false","false","false","","","",""
"4e95fdd096f0cfd253e8a6e4062f1faf27f3994da1c9020f4e00a273f503ed93","family-8cee1c486947aa25cb4a","scope_lookup","after_close","padded_end","natural","not_dispatched","Response status: not_dispatched","","","","false","false","false","","","",""
"4e9f9baa2c4610ac8b1c316c44491087975aa5716f02fcd8d71199586360edbc","family-a22d4782996ff05714d6","scope_lookup","after_close","named_end","natural","not_dispatched","Response status: not_dispatched","","","","false","false","false","","","",""
"4ea4fccd79c1d6bcbcd7e5e2b575f6d74a8bf25cc4181ad520301d8819ea2c58","family-85a4112782ddb4c549ee","scope_lookup","after_close","generic_end","natural","not_dispatched","Response status: not_dispatched","","","","false","false","false","","","",""
"4ec36e99119141aced666240acba77b01f930054a64e989ddab93a96934ad2f0","family-c4815f06eb99e1526852","scope_lookup","after_close","padded_end","nonce","not_dispatched","Response status: not_dispatched","","","","false","false","false","","","",""
"4ec56785eb655e51d27da821e0ace1ae19e24be32c03081f5b96ed5fd26f2da5","family-e9d7370e7f08ecaca89c","scope_lookup","after_close","typed_end","natural","not_dispatched","Response status: not_dispatched","","","","false","false","false","","","",""
"4ed1a92a9f23ed8d62be118c4b4c215c9b60a5ebe7153faee9ec2d87b7d548eb","family-2637168633a8a5fd7957","scope_lookup","after_close","padded_end","natural","not_dispatched","Response status: not_dispatched","","","","false","false","false","","","",""
"4ee394ae3a3787468571be7b0d0299e3b56b428af8871d430e07df1ed177f52e","family-3572a1853623b4cc2772","scope_lookup","after_close","padded_end","nonce","not_dispatched","Response status: not_dispatched","","","","false","false","false","","","",""
"4efaf3b61596e1938234926b3921bb34875300b4f2086724820a234d3f14924c","family-39cc5f35c08943b49cd0","scope_lookup","after_close","padded_end","nonce","not_dispatched","Response status: not_dispatched","","","","false","false","false","","","",""
"4f44dc71ee9b11ab03be33e6431110b92a8a60cb7e0f393f20e0249681b137e3","family-9e74934a045b9bf738e8","scope_lookup","after_close","braces","nonce","not_dispatched","Response status: not_dispatched","","","","false","false","false","","","",""
"4f505ac1594ac63bd49a99505752e06219c284914c374b6c0dbe1cd586eaeb68","family-4c55dabdfb255c14990e","scope_lookup","after_close","named_end","nonce","not_dispatched","Response status: not_dispatched","","","","false","false","false","","","",""
"4f59f660ac9da6f138575cc92945c7fd3a07633f2f54427dfb200f74773f91c4","family-130bfd53f821d0de9f25","scope_lookup","after_close","generic_end","nonce","not_dispatched","Response status: not_dispatched","","","","false","false","false","","","",""
"4fadabe7096db7a870e5bdf475fe1b9185bc3c998add32d9013b8a455a80012a","family-0ee3c9dccae742e0bc4c","scope_lookup","after_close","generic_end","nonce","not_dispatched","Response status: not_dispatched","","","","false","false","false","","","",""
"4fc3e683ac14a910550044909b8ca9470fca78597fd04bf6b6f9148e4d15e5b8","family-502a612c7b5f388e0842","scope_lookup","after_close","padded_end","natural","not_dispatched","Response status: not_dispatched","","","","false","false","false","","","",""
"4fc5ee47f73e8085cc3cbff477ccedd65ab22a93959fbaca238d20cb1551bf8b","family-ef76d0465ec71b6d7c3f","scope_lookup","after_close","padded_end","nonce","not_dispatched","Response status: not_dispatched","","","","false","false","false","","","",""
"4fd9ec42bf014dda20602a20e997eaa9f23a296022fb214632382c368eef87c1","family-f9a76d59ee7a6cf3f7b1","scope_lookup","after_close","braces","natural","not_dispatched","Response status: not_dispatched","","","","false","false","false","","","",""
"500d00191e79e71e0ddb65432b953cdc15928f819ed669d1268b77ae9332246e","family-6b934504950f4c81f5db","scope_lookup","after_close","padded_end","nonce","not_dispatched","Response status: not_dispatched","","","","false","false","false","","","",""
"501152288db04459e812b27b181d9f115fbf7dc15edcb0405344af20958078a9","family-ff0608c18843ac780fd4","scope_lookup","after_close","braces","nonce","wrong_answer","Expected 7941; received 8225","","","","true","true","true","","","",""
"50291e8563f49dbaf357e2de9b97b678bb6f3b2d82950ad793c90fa617e94eac","family-dbf800c44ba620013de4","scope_lookup","after_close","typed_end","natural","not_dispatched","Response status: not_dispatched","","","","false","false","false","","","",""
"503010bb2494255009ff469d8d521057a0cc8dd4e983f28ed2807529f8fda339","family-8fe24f3228b7eb77ed3b","scope_lookup","after_close","braces","nonce","not_dispatched","Response status: not_dispatched","","","","false","false","false","","","",""
"503e9ba0a3433dcb369396aec606a93f12c60e12767f93edaf86a03d0ed2a6ee","family-b47dfd60e0b99470e408","scope_lookup","after_close","braces","natural","not_dispatched","Response status: not_dispatched","","","","false","false","false","","","",""
"50501d9957053a61f1a4fb314493431843d5fbaf9ec33d8a6c991284484ee67e","family-5f659e890d327754e519","scope_lookup","after_close","padded_end","natural","not_dispatched","Response status: not_dispatched","","","","false","false","false","","","",""
"5058b4ad93a6e88f3de3752d69c9c3ba872bb8cd86958d1ab687708e6d2aaf26","family-60e6b994a57cd0667b2a","scope_lookup","after_close","braces","natural","not_dispatched","Response status: not_dispatched","","","","false","false","false","","","",""
"509b290cb65203d7a2a19c1d1863656a6a8388c984f9e9fbb13aaa14044f1504","family-59844afb2ef9a6952066","scope_lookup","after_close","padded_end","natural","not_dispatched","Response status: not_dispatched","","","","false","false","false","","","",""
"50cfbdd560bb3662bb7a01f3b17f8fabe37820220fbbc950661e9f1c2c0930a5","family-1ad1a54830bc8740173d","scope_lookup","after_close","generic_end","nonce","wrong_answer","Expected 4881; received 4254","","","","true","true","true","","","",""
"50d648788bc5d22fd22c5b5768e3971fd8b7f6cd38840cc85baeedf2b54e28fd","family-b04e693befb371d76c76","scope_lookup","after_close","named_end","nonce","not_dispatched","Response status: not_dispatched","","","","false","false","false","","","",""
"50ebe85b6d5ca846ccc162d6173aac29d4cd29289aacae27bc045a8eb17c2e24","family-0553395a4573d2904b4c","scope_lookup","after_close","typed_end","natural","not_dispatched","Response status: not_dispatched","","","","false","false","false","","","",""
"50ef0e3d287bcb52ee2929c1c45b44785188e6af9fbacaf2e7c426e5dc558466","family-1200bd38534b72a0da70","scope_lookup","after_close","braces","nonce","not_dispatched","Response status: not_dispatched","","","","false","false","false","","","",""
"5139c7774eb526e57a134e7c1bf23d2c04604c77a4f5dabe1720e8cd659dfcea","family-fe0fa705a9f02858bb6f","scope_lookup","after_close","padded_end","nonce","not_dispatched","Response status: not_dispatched","","","","false","false","false","","","",""
"514c4874f684fc5971e339107dc8bd498157c80b7f081d7ee4e61693e9f30109","family-5505ccb9d7b4d5cf9fa6","scope_lookup","after_close","typed_end","nonce","not_dispatched","Response status: not_dispatched","","","","false","false","false","","","",""
"515bb2c64735a8404641d005d45dd4c4e4b5b6cc60c3caa8fa19a88f37f86d77","family-0a5d21387c431fa11a72","scope_lookup","after_close","braces","natural","not_dispatched","Response status: not_dispatched","","","","false","false","false","","","",""
"516ac25bce552eb0de3c78fe859be845590a72d512feaf2bbce56af27fa7be05","family-fe7ce9ac8c05ee3f6103","scope_lookup","after_close","braces","natural","not_dispatched","Response status: not_dispatched","","","","false","false","false","","","",""
"51c34f4ee0afa9babb408d60d45c0157753bfa0d9de263ead6b9f929511f265f","family-d7f7040bf9a5524af36a","scope_lookup","after_close","typed_end","natural","not_dispatched","Response status: not_dispatched","","","","false","false","true","","","",""
"51f12bd4c14acc52bc9713978ab40cfd085d79779f178cd86a12a47f4a34cdbc","family-5f2d457cfb5501bd52e9","scope_lookup","after_close","padded_end","nonce","not_dispatched","Response status: not_dispatched","","","","false","false","false","","","",""
"51f9e4f9819a31863428584dc0648e53c22140410a44107d32393fffd7065647","family-93d892d460906fd39f72","scope_lookup","after_close","padded_end","natural","not_dispatched","Response status: not_dispatched","","","","false","false","false","","","",""
"5219f13c8bbc79bc184b91679ca3a21d87385ea16701e98620614b4b4ecdf2ae","family-aa32c06aefe0097b5d71","scope_lookup","after_close","braces","nonce","not_dispatched","Response status: not_dispatched","","","","false","false","false","","","",""
"5224c798a9f7953214bb0d98b0735a84a5fd99dbeb432eae4ed0536529a96fb4","family-18871ae37697b4a460fe","scope_lookup","after_close","typed_end","nonce","not_dispatched","Response status: not_dispatched","","","","false","false","false","","","",""
"524e86d6827ce922d966591b63f48925a7451953b15173ac5154352cb206c0ee","family-8e4dcf3ae32c0f100166","scope_lookup","after_close","braces","natural","not_dispatched","Response status: not_dispatched","","","","false","false","false","","","",""
"524eb3ed8010b62a91d1509398564a5148352a64d267485da42e3fba8314064e","family-a00dc407479275087510","scope_lookup","after_close","padded_end","natural","not_dispatched","Response status: not_dispatched","","","","false","false","false","","","",""
"5251c2a4b14b081a372b3fa7a4799cfed5aadbe7082c26b94ada8b364579fab2","family-592b147512bff6def49b","scope_lookup","after_close","padded_end","nonce","not_dispatched","Response status: not_dispatched","","","","false","false","false","","","",""
"525b4024883c54d52f8d64ab3956b2088dd9f1431770fc70fb187f11b5d40eb5","family-5aed1cb46c579b4a8853","scope_lookup","after_close","padded_end","natural","not_dispatched","Response status: not_dispatched","","","","false","false","false","","","",""
"5281de43f91563556050bbaba302681b17ee5588a64dfe6f1694c484e217ce4a","family-cc6c2ed2c3954f97d9ec","scope_lookup","after_close","generic_end","nonce","not_dispatched","Response status: not_dispatched","","","","false","false","false","","","",""
"52a01b2321a7f981f58ea379f241b0f2afaf4c3a00334072f5439b99aa4dec56","family-117639ec340885b3ffc1","scope_lookup","after_close","named_end","natural","not_dispatched","Response status: not_dispatched","","","","false","false","false","","","",""
"52a596bd8e00710583ddd0c99364cc9bde958ba2de37d75951803eef82a933be","family-8f317ad0879df221e04d","scope_lookup","after_close","braces","natural","not_dispatched","Response status: not_dispatched","","","","false","false","false","","","",""
"52e09ca121fdafc1fc7ba5023cfea134233f75da74fae3a8b3b86f5e0609dbdc","family-88d674c755828117bb4b","scope_lookup","after_close","generic_end","nonce","not_dispatched","Response status: not_dispatched","","","","false","false","false","","","",""
"52fac2dee70c04cae2f2b9637ecfa514ae37ab93976f19573be23003b6761b94","family-3d511f5256d7b37daa4a","scope_lookup","after_close","braces","nonce","not_dispatched","Response status: not_dispatched","","","","false","false","false","","","",""
"5322857db3798a37e4f84fc9942cb9e9c88f0454aaf6d480c398b615998d0997","family-f9acda05511dc179e7bc","scope_lookup","after_close","typed_end","nonce","not_dispatched","Response status: not_dispatched","","","","false","false","false","","","",""
"5329be9104af4e7af9e5e7b70ec09abc5c9b076bdec897d27a28fb95d679a63c","family-9061b3702b95d74a7ca2","scope_lookup","after_close","typed_end","nonce","not_dispatched","Response status: not_dispatched","","","","false","false","false","","","",""
"532ccb481d5e5fee7f444cc8822e792e5ac4738e0d07f89061c5da66eb7515d0","family-47a815662d4bac370f57","scope_lookup","after_close","named_end","natural","not_dispatched","Response status: not_dispatched","","","","false","false","false","","","",""
"533ca3f2391ac592ee697c21c84250030baa030081b84045909265b1ffa19b69","family-f3dd9c204daa74691d3b","scope_lookup","after_close","named_end","natural","not_dispatched","Response status: not_dispatched","","","","false","false","false","","","",""
"53629c10e968eba582bd1bd310a0ec2fffd70ba064562616eee2b1b293a72417","family-e59eb2e49124f331d2fe","scope_lookup","after_close","generic_end","nonce","wrong_answer","Expected 3278; received 7299","","","","true","true","true","","","",""
"5388723a264c49e12ce6c9ec5a4decb63a12358c998ee0d02ff7d28932e38f3a","family-6b934504950f4c81f5db","scope_lookup","after_close","named_end","nonce","not_dispatched","Response status: not_dispatched","","","","false","false","false","","","",""
"538d10c52a27ffe0d880419d212d0446ee42172ddce71df2df43c11be408c343","family-791d8e7050a732628f6a","scope_lookup","after_close","padded_end","natural","not_dispatched","Response status: not_dispatched","","","","false","false","false","","","",""
"539271c1c85df8670b7bb7b552b64aeb7a4085cce8177e5ca9a9ec7e7db39df4","family-3c26e15b4433cbee7baa","scope_lookup","after_close","named_end","natural","not_dispatched","Response status: not_dispatched","","","","false","false","false","","","",""
"539572bb667c4a2c86603e0069d0ad2d1f372b32c9c0a7e9f9b77e28ee76271b","family-0ee3c9dccae742e0bc4c","scope_lookup","after_close","braces","nonce","not_dispatched","Response status: not_dispatched","","","","false","false","false","","","",""
"53cb6a6fe5372eb80e48f948ffe102b43bf43ec43bdfa1ed3c6dc26d6d8753b9","family-7916dd00c9fd2d346478","scope_lookup","after_close","typed_end","nonce","not_dispatched","Response status: not_dispatched","","","","false","false","false","","","",""
"5414334e85abce2b79da70b9c0042efd7b58c9767ecc92dfb9fc727bab3103bc","family-b3b20e3062fd3c008541","scope_lookup","after_close","padded_end","nonce","api_rejected","Response status: api_rejected","","","","false","true","true","","","",""
"545a1655f693ccbee40c17feafbfe99f56ccb80c8dceb2539b5ce738b059eb62","family-a687b9583e025493e18e","scope_lookup","after_close","typed_end","natural","not_dispatched","Response status: not_dispatched","","","","false","false","false","","","",""
"545bb1acb8442d0e8044261fbed9ac29b6a6d75aa86a7e7cf9d2dbe9ba349166","family-740b874dbb38259eab44","scope_lookup","after_close","braces","nonce","wrong_answer","Expected 9726; received 7772","","","","true","true","true","","","",""
"549662541277afd78fcc5fcae8775f7c4e7e05ed39d1d47a8bd5c9d208b4af66","family-9651f0409341bdf5680a","scope_lookup","after_close","padded_end","natural","not_dispatched","Response status: not_dispatched","","","","false","false","false","","","",""
"5496ab08febe8b248aa1e37890cda416c44921b4552aef98f1fd3e8ba450625b","family-f1a8bfef505962af7ac8","scope_lookup","after_close","padded_end","nonce","not_dispatched","Response status: not_dispatched","","","","false","false","false","","","",""
"54e0b020ea1aa64d36cb5c2c0b50f649a8ce2f73c82dec747e456b9262ad89cf","family-0ee3c9dccae742e0bc4c","scope_lookup","after_close","padded_end","natural","not_dispatched","Response status: not_dispatched","","","","false","false","false","","","",""
"54ef72d45de4b74a02e4aaf8cfd3ef7fa5c1ff856d8deb2abb5ffe1a9e5d7a64","family-5bc4827b73eaee9e064b","scope_lookup","after_close","typed_end","nonce","wrong_answer","Expected 3310; received 8385","","","","true","true","true","","","",""
"54f172f276c24b07bbf2b48d339d64b51beeebf5b328a58a2541e35f0711d207","family-16f04bf034693b0a2918","scope_lookup","after_close","named_end","natural","not_dispatched","Response status: not_dispatched","","","","false","false","false","","","",""
"54f38a1e1d960e198ff85a7dfbb8497a8d7dfb12e2644bf88553684bef611dc0","family-c04a143fff0ef2058d04","scope_lookup","after_close","padded_end","natural","not_dispatched","Response status: not_dispatched","","","","false","false","false","","","",""
"5523de89a8791ce149013c4ab2b0bfb35f06805a74c9876c18fda7bb2c3c0549","family-18871ae37697b4a460fe","scope_lookup","after_close","padded_end","nonce","not_dispatched","Response status: not_dispatched","","","","false","false","false","","","",""
"553a6c2a1a917d013cd66b50dab15330df1000f726c334550dc8b07af464745d","family-cc273e9877adf84990a7","scope_lookup","after_close","typed_end","nonce","not_dispatched","Response status: not_dispatched","","","","false","false","false","","","",""
"554cb7d069f3380b13d155547ed157f5c21dd7f74fbc8c8d2c6d4aa524439efa","family-41d3c9284eb15090d4b0","scope_lookup","after_close","typed_end","natural","not_dispatched","Response status: not_dispatched","","","","false","false","false","","","",""
"55704929ffb62b59e5b6130fb527694e522ad6a5b32c25e2f2476c3587521694","family-2ba1fc2994984a55b06d","scope_lookup","after_close","braces","natural","not_dispatched","Response status: not_dispatched","","","","false","false","false","","","",""
"558f8e80231126a5e04a83e456c7c70e735d09e0dd146b77959ba9c0c1076407","family-e4e4bee44810a636c443","scope_lookup","after_close","generic_end","nonce","not_dispatched","Response status: not_dispatched","","","","false","false","false","","","",""
"559199e87edb8e1ac44feacdffb567bcccb3bebb59051d661565bbc9626e7cc8","family-48abd2d50bb258341298","scope_lookup","after_close","typed_end","nonce","not_dispatched","Response status: not_dispatched","","","","false","false","false","","","",""
"5598b41583f83759eaa4a2d3311de21578b5a70c46e8d43678e6b27d6ea7d209","family-37e71f85dfa4b5415e42","scope_lookup","after_close","padded_end","natural","not_dispatched","Response status: not_dispatched","","","","false","false","false","","","",""
"559afe157fa4103b43849301905128579ffce7b0908075c65b0898a509de1e46","family-b2b3ce1cf84d98d0409a","scope_lookup","after_close","typed_end","nonce","not_dispatched","Response status: not_dispatched","","","","false","false","false","","","",""
"559f092b81e3b1393c1859c8288184c05a3cad53377bd4e8ef36adc534bc9e31","family-39cc5f35c08943b49cd0","scope_lookup","after_close","named_end","natural","not_dispatched","Response status: not_dispatched","","","","false","false","false","","","",""
"55d153aa47436807e4dc1dd7f42fb055a3486d50041336ef25991c11ee94e4a0","family-c6fd7e21c3cb3a5952a5","scope_lookup","after_close","braces","nonce","not_dispatched","Response status: not_dispatched","","","","false","false","false","","","",""
"55f15dc9b543dcfd89be07ed37ffeaef43ef7c84abb3afcf7305433406d2f4c9","family-acb646907b223b325a54","scope_lookup","after_close","braces","natural","wrong_answer","Expected 9945; received 5002","","","","true","true","true","","","",""
"55f637c2f32dbca54071ad3d469944515f42d285293338eb3c6281b29ce4746b","family-d76894d5e7f919b735f3","scope_lookup","after_close","named_end","natural","not_dispatched","Response status: not_dispatched","","","","false","false","false","","","",""
"5605536fe01f9c99c47dfe5f89f6888cd3718634dd051b9569f4b6ab19f6af5b","family-c2696942e1a1e990f379","scope_lookup","after_close","braces","nonce","not_dispatched","Response status: not_dispatched","","","","false","false","false","","","",""
"561f41c188896da4ae428b11ecced4111e8c47ed74bf555aabcd0a3b1b53d1b6","family-592b147512bff6def49b","scope_lookup","after_close","typed_end","nonce","not_dispatched","Response status: not_dispatched","","","","false","false","false","","","",""
"56292fe8c811c2b167226e54d3adf41efd9069d4bbae02850dbd767698e3bb73","family-ae4e037228e90a31f7a3","scope_lookup","after_close","typed_end","nonce","not_dispatched","Response status: not_dispatched","","","","false","false","false","","","",""
"567f86a8dcd49143ac548ee9d6c5c7c1ea7cb700c75fa12caf1ddf3f80534e83","family-7b3bed9c95d2f326c43d","scope_lookup","after_close","typed_end","nonce","not_dispatched","Response status: not_dispatched","","","","false","false","false","","","",""
"5688a88e0cf6beea2fecd77548c4c572f3b5d66a642923819cf65abdb2888062","family-580cadd5fc56726c6b8b","scope_lookup","after_close","padded_end","nonce","not_dispatched","Response status: not_dispatched","","","","false","false","false","","","",""
"56989c82adef7624a113c034af8a574be120ed28284ea1b93e4edc1c89808b49","family-44019720ca29bd23a85d","scope_lookup","after_close","padded_end","natural","not_dispatched","Response status: not_dispatched","","","","false","false","false","","","",""
"569a5afa76c4f41f2a029d41f689a373d896da05ee32e25dda6eab46dea618b2","family-ae4e037228e90a31f7a3","scope_lookup","after_close","named_end","nonce","not_dispatched","Response status: not_dispatched","","","","false","false","false","","","",""
"56d655bc2c974b4844a7408cf0b376e8902efde8f563d3726982becbaa977044","family-a22670a9df47816a1d78","scope_lookup","after_close","padded_end","nonce","not_dispatched","Response status: not_dispatched","","","","false","false","false","","","",""
"56e1ab2461d725b94b9653aa7dc4ad1ce3f8d7f92d710b17f7a044a970046d48","family-2be56cecb4e1df88c33b","scope_lookup","after_close","typed_end","nonce","not_dispatched","Response status: not_dispatched","","","","false","false","false","","","",""
"56eb069abe45513f70356337b2e3ae3b443a0fbf93fb0fca6deda6467c213233","family-9bcf7d569ea4e7fe738d","scope_lookup","after_close","typed_end","natural","not_dispatched","Response status: not_dispatched","","","","false","false","false","","","",""
"571255a3f6edadca943b6b5c64c28b42d967b17bb090cd6e031fbc142e1462cb","family-ff162c61e24aad4247f3","scope_lookup","after_close","typed_end","nonce","not_dispatched","Response status: not_dispatched","","","","false","false","false","","","",""
"572cec69c3fbe3b6f3963e81de8bd9e27903e6f71ef99247eb7347ddd394612e","family-5aed1cb46c579b4a8853","scope_lookup","after_close","named_end","natural","not_dispatched","Response status: not_dispatched","","","","false","false","false","","","",""
"573059aa07b9b1c76de6551fcd11e95577c78d764c0915678e93f04a0f495354","family-932a2bc4a370a5d1d723","scope_lookup","after_close","braces","nonce","not_dispatched","Response status: not_dispatched","","","","false","false","false","","","",""
"573c15e76300c6941193c37a84fa017befd99b446dc48f9bbaadc88dbce5c141","family-bb74c2c8f2e292c33a1f","scope_lookup","after_close","named_end","nonce","not_dispatched","Response status: not_dispatched","","","","false","false","false","","","",""
"5752487a67dea83247896263453c7529d332a4f8bf130e631d1c064578721c7f","family-85f33245ba7589a7ec72","scope_lookup","after_close","typed_end","natural","not_dispatched","Response status: not_dispatched","","","","false","false","false","","","",""
"575a3680be78cf0c97c957a1c7ca6640ce43a4c5946cd23e13c714b5e90267ed","family-29b1a41423991f061c26","scope_lookup","after_close","typed_end","natural","not_dispatched","Response status: not_dispatched","","","","false","false","false","","","",""
"576552ed8077e95869c630f2adf8e750fdfa581eaaf679eefccaa2a2aa603e9b","family-92bc366550a70f59abde","scope_lookup","after_close","braces","natural","wrong_answer","Expected 5788; received 5826","","","","true","true","true","","","",""
"57927304c357203e25b6ecfccfbcf5770216634a9c6b716ed71cfb46cd837473","family-4d4c317eefd692ca0ede","scope_lookup","after_close","braces","nonce","not_dispatched","Response status: not_dispatched","","","","false","false","false","","","",""
"579c63da82f5c628c4e218106f1942d6fa77a93da77b15739cc262916b6c8888","family-ecf47f012083117c0103","scope_lookup","after_close","typed_end","natural","not_dispatched","Response status: not_dispatched","","","","false","false","false","","","",""
"57b60fc082596a666f611d4b292d94fcf1a9b97c9ca0cc4d9b23b84c72d7e00f","family-2637168633a8a5fd7957","scope_lookup","after_close","named_end","natural","not_dispatched","Response status: not_dispatched","","","","false","false","false","","","",""
"5813e66304ac969568342a70505ae1c9908ef3327b7db4dc0556d490659e3655","family-87e1a66408f296411fa5","scope_lookup","after_close","named_end","natural","not_dispatched","Response status: not_dispatched","","","","false","false","false","","","",""
"5824a756bd1473dc7c58afdcc5bdc9aff6f97c48e9c06aea280b56729406057a","family-5c997bd355cb5e8abf68","scope_lookup","after_close","braces","nonce","wrong_answer","Expected 7820; received 6007","","","","true","true","true","","","",""
"584f7e032fe292940683642254c26ab54367e2672962bea130bc911e6afa37f8","family-a4b5c94983eec4913f23","scope_lookup","after_close","padded_end","nonce","not_dispatched","Response status: not_dispatched","","","","false","false","false","","","",""
"58547f1eb00f0cb34f3c03433198da1ee73d785dd076747458d54da9eec35ddd","family-a163b39b443aa35544cf","scope_lookup","after_close","padded_end","nonce","not_dispatched","Response status: not_dispatched","","","","false","false","false","","","",""
"586e84d30283ec417885ebd8681dacdf5981f246c061871530b610ec60ada954","family-4dc1c52649d2db1dcaf8","scope_lookup","after_close","padded_end","nonce","wrong_answer","Expected 1565; received 5815","","","","true","true","true","","","",""
"588ff79b872c8fd31d8c3f9976ab6ea863139847ed3ebedbe30e6df84b40e83d","family-8f317ad0879df221e04d","scope_lookup","after_close","padded_end","natural","not_dispatched","Response status: not_dispatched","","","","false","false","false","","","",""
"58ce4046a93c4cfbcc8e5b962b97112e84d4aaa4c4e1fe56073b632c4399f303","family-f5daf0fe2889473ae782","scope_lookup","after_close","generic_end","nonce","not_dispatched","Response status: not_dispatched","","","","false","false","false","","","",""
"58ee78abf75e1da0ed4c1fd7ab7fbbbc4faceb1715d4b47595186451c3c21d25","family-970fcc791975ca15fd0f","scope_lookup","after_close","named_end","natural","not_dispatched","Response status: not_dispatched","","","","false","false","false","","","",""
"5986cabc5b7638c244681d9f53d33aebfa6f7e9da4ac76bd1c104db4dbdb3601","family-92bc366550a70f59abde","scope_lookup","after_close","generic_end","natural","wrong_answer","Expected 5788; received 5826","","","","true","true","true","","","",""
"598fae41c440fd11d899218636abd5803294b9904dbbdcce75d7eda6deb7fa61","family-25e3edd85f370a06c75e","scope_lookup","after_close","generic_end","natural","wrong_answer","Expected 5555; received 3357","","","","true","true","true","","","",""
"59ac119207267b204d7fac58289dd73c0856996973a0a4795127ee6745db6dc2","family-5505ccb9d7b4d5cf9fa6","scope_lookup","after_close","generic_end","natural","not_dispatched","Response status: not_dispatched","","","","false","false","false","","","",""
"59b2a7300930fd389a122c3c36c3fc2adb1145e9a5366336120b86c2f018d405","family-eb504ae7ef65139530b7","scope_lookup","after_close","padded_end","natural","not_dispatched","Response status: not_dispatched","","","","false","false","false","","","",""
"59dd6b17d659bbb8748e461edb42abb79fc4a211fcc05b6ca5c85c714dfaf413","family-09e2113afb71afc93f4f","scope_lookup","after_close","named_end","natural","not_dispatched","Response status: not_dispatched","","","","false","false","false","","","",""
"59e1dbd67f9f669137a87f11582bbdbb529d7bfce0ff08825612d5908f94e93f","family-13b66982c7378039b53f","scope_lookup","after_close","named_end","natural","not_dispatched","Response status: not_dispatched","","","","false","false","false","","","",""
"59f6ac1c8ebdb59c7f44577b5cf18a70aa8316aef9736d27f30d3a488b429989","family-ecf47f012083117c0103","scope_lookup","after_close","named_end","nonce","not_dispatched","Response status: not_dispatched","","","","false","false","false","","","",""
"59f6e208a1cfd2ffc270d3684b70972e55e88bb864d665653854b452bc290363","family-c4dde46d058037719010","scope_lookup","after_close","typed_end","nonce","not_dispatched","Response status: not_dispatched","","","","false","false","false","","","",""
"5a053a056857dfb36b92f29e73787a8ea48cdc7173b377978e9b279b4e2a7c8f","family-a163b39b443aa35544cf","scope_lookup","after_close","generic_end","natural","not_dispatched","Response status: not_dispatched","","","","false","false","false","","","",""
"5a6d6f04835cbe9e70ea594206da187dadeff50b76a94dc242c7b18e183fb04a","family-be7d9f50059865014983","scope_lookup","after_close","named_end","natural","not_dispatched","Response status: not_dispatched","","","","false","false","false","","","",""
"5a8cc692d3809a8fdba510d61219d23bb8062a95cf2b5a57c8c9ba4eaedfe574","family-e6e51e5de948f110de91","scope_lookup","after_close","generic_end","natural","not_dispatched","Response status: not_dispatched","","","","false","false","false","","","",""
"5a9a3d4e52412549e117d7526a14717c8b33ca14f59cc8ca6245bbc4730e2609","family-56378884ef7b40bfc27d","scope_lookup","after_close","braces","natural","not_dispatched","Response status: not_dispatched","","","","false","false","false","","","",""
"5ab95a1cc0a6b0e1e7202ffbb6ae20fcda515aaddb340a55f2d8b34f312afd4e","family-3d511f5256d7b37daa4a","scope_lookup","after_close","generic_end","natural","not_dispatched","Response status: not_dispatched","","","","false","false","false","","","",""
"5b0adf6505c5ef3de7dfe74b8e453c2d7c52807df3bbe3f12548af8134423831","family-37091b20ad081d82704e","scope_lookup","after_close","named_end","natural","not_dispatched","Response status: not_dispatched","","","","false","false","false","","","",""
"5b206031089d0a620752ded552e1d9b350672dfec175675fb0987daa87d96384","family-3c26e15b4433cbee7baa","scope_lookup","after_close","padded_end","natural","not_dispatched","Response status: not_dispatched","","","","false","false","false","","","",""
"5b405df6989436bf70ad94c17d96ca63fdf8bc4bf7369f647c927ae27b3b1947","family-25fd08c119924425f112","scope_lookup","after_close","braces","natural","wrong_answer","Expected 2724; received 7546","","","","true","true","true","","","",""
"5b56bc1a6649580e8aaa654bd1fa8c1b44859515a483853f609be26322be6620","family-5d8149123d768f9fdb94","scope_lookup","after_close","padded_end","natural","not_dispatched","Response status: not_dispatched","","","","false","false","false","","","",""
"5b74b96a7966719c49d46005036a50ede030be33953f8b45c46b01f1806ec178","family-580cadd5fc56726c6b8b","scope_lookup","after_close","generic_end","nonce","not_dispatched","Response status: not_dispatched","","","","false","false","false","","","",""
"5bca05af3fa0487fddd2848f28a1b456dcde64ef31c3a8b8faf6dc580e878f3b","family-3999856e1484a99e30ab","scope_lookup","after_close","typed_end","natural","not_dispatched","Response status: not_dispatched","","","","false","false","false","","","",""
"5bcf6b178502c757ae970fce1f553a0d0d7e8622aa9af389d0d97a23556a6485","family-9e74934a045b9bf738e8","scope_lookup","after_close","generic_end","natural","not_dispatched","Response status: not_dispatched","","","","false","false","false","","","",""
"5c1b76ee002cc55c8bc5d243bd87b790faa1245c4eb57b442ecce24195a7b372","family-54c1e48a5e373dac734c","scope_lookup","after_close","named_end","nonce","not_dispatched","Response status: not_dispatched","","","","false","false","false","","","",""
"5c547a1afcdb10ba03c3bb0e64020c753ff0b55591bf421d337f670570006f39","family-eee77401bb17096401e6","scope_lookup","after_close","typed_end","nonce","not_dispatched","Response status: not_dispatched","","","","false","false","false","","","",""
"5c5d3725de0dc902a5f5f10eb3a8c1ccb4abe40f3feb826e163b39f8ef0be24b","family-7c6644e9597e713f6c74","scope_lookup","after_close","typed_end","natural","not_dispatched","Response status: not_dispatched","","","","false","false","false","","","",""
"5c7828067c9923aab1ff9ed9d45dd62e65ab00af3a0b6f391f061eb2626703a3","family-6dbe411b0d97b861e2d8","scope_lookup","after_close","generic_end","nonce","wrong_answer","Expected 8063; received 8523","","","","true","true","true","","","",""
"5ce5a184c31ca57df3090266abbe2eb7d372eb4b5d9a9faff4f0a13fefcff57a","family-a67f94e51bc258654d99","scope_lookup","after_close","braces","natural","not_dispatched","Response status: not_dispatched","","","","false","false","false","","","",""
"5d063685a49748769597cf536378cc0a9d1de356a289f42329ffd3b616ddcb74","family-a00dc407479275087510","scope_lookup","after_close","named_end","natural","not_dispatched","Response status: not_dispatched","","","","false","false","false","","","",""
"5d0adebd7a7cf051882555189814f45732f16a05e6b5e0cf439dabfba078e286","family-0390d75d26d3cf166849","scope_lookup","after_close","padded_end","natural","wrong_answer","Expected 4148; received 3148","","","","true","true","true","","","",""
"5d81e8be2d5e3dc71231c3a5cfeb7cbdcc32fa7ec7d62931ef3bbc2f592a9bfe","family-7f74e48ed7f247650ffb","scope_lookup","after_close","padded_end","nonce","not_dispatched","Response status: not_dispatched","","","","false","false","false","","","",""
"5dc2f0ec56b5656de5be4e90eb3dc974f9eaec5852ceaa042f81af351bc23ce8","family-fce83fa5b6f1ed2ecae9","scope_lookup","after_close","braces","nonce","not_dispatched","Response status: not_dispatched","","","","false","false","false","","","",""
"5e0cc77aded4929e1543b6f8518a75c5a44c43e93b584736a5029d5fff623bf6","family-08c52b86fbe08975e453","scope_lookup","after_close","typed_end","nonce","not_dispatched","Response status: not_dispatched","","","","false","false","false","","","",""
"5e20cba34763e764d701cb4b90570d125f6dcdfe8c55a426f4c063f4bfc7a50d","family-e086c39bac25407a6368","scope_lookup","after_close","generic_end","nonce","not_dispatched","Response status: not_dispatched","","","","false","false","false","","","",""
"5e3c597b276a55199a7f817bd63935993d5aa7cc76b960c04c7277ee87f22436","family-0023ad6970e24716db3b","scope_lookup","after_close","braces","nonce","wrong_answer","Expected 6569; received 5776","","","","true","true","true","","","",""
"5e42a2799d5b893d8b655a17cb6ebe7426d4475650c5cb354a5576d4e969b825","family-117dbfae30e5fb76090b","scope_lookup","after_close","named_end","nonce","not_dispatched","Response status: not_dispatched","","","","false","false","false","","","",""
"5e450da37ed547489de5415eda3f4955f38ff54550af7839da37d863f8cb1745","family-9b8621ec48603358539d","scope_lookup","after_close","padded_end","natural","not_dispatched","Response status: not_dispatched","","","","false","false","false","","","",""
"5e55ac9d82b29334fdc265fe809eaeb25561997482aa78e127dc8aba6b55cd1f","family-4e40ebdbf21668261ca0","scope_lookup","after_close","typed_end","natural","not_dispatched","Response status: not_dispatched","","","","false","false","false","","","",""
"5e6e38af8965bc21c3f7b0493d11725ab3b0061812406dc96d87d3c5d90dcf9e","family-30c7b881331ee20888a8","scope_lookup","after_close","named_end","natural","not_dispatched","Response status: not_dispatched","","","","false","false","false","","","",""
"5e7b9392e53b5495ee94adadc2a3dd338f911284656b0144c3935187a2775c66","family-069a6373157818e063fe","scope_lookup","after_close","padded_end","natural","wrong_answer","Expected 6884; received 8623","","","","true","true","true","","","",""
"5e8d129a03bbfa453deb81a2757d9c6c44293b1deb7fdc766c0f22fb97114320","family-c33750973d7bb2b01ed3","scope_lookup","after_close","named_end","nonce","not_dispatched","Response status: not_dispatched","","","","false","false","false","","","",""
"5eb6ec9f995202ffaaf3d797cf088b7dd164f6f1d299afd9edfd3a53fed77547","family-5554f04263390ff26589","scope_lookup","after_close","named_end","natural","not_dispatched","Response status: not_dispatched","","","","false","false","false","","","",""
"5ed141c80dbf0bc5a7776e3590f73357de7af452403ecbd305edae1cb7121187","family-5f659e890d327754e519","scope_lookup","after_close","typed_end","nonce","not_dispatched","Response status: not_dispatched","","","","false","false","false","","","",""
"5efaa7e72fc590bbcb03357cf255a26e7dc02631f5b9608e852a86d79f3358aa","family-5f855b35c87e7752fc0f","scope_lookup","after_close","named_end","nonce","not_dispatched","Response status: not_dispatched","","","","false","false","false","","","",""
"5efda762054c9248b3ad8c45a6663a0edffaab82a5652df648ec987db15ba021","family-99d58b7d7e77fb56cd14","scope_lookup","after_close","braces","natural","not_dispatched","Response status: not_dispatched","","","","false","false","false","","","",""
"5f068cfc126958384c0913b91a121cdd4c80b786239402521d1bad31c04945f3","family-75d140f1737cb4123b79","scope_lookup","after_close","named_end","nonce","not_dispatched","Response status: not_dispatched","","","","false","false","false","","","",""
"5f365f26f1dfa31162f75b192a05cacd7a6cf7088d70260e0607ff33366070dc","family-7da70a34495f8d91e728","scope_lookup","after_close","named_end","nonce","not_dispatched","Response status: not_dispatched","","","","false","false","false","","","",""
"5f4495d7d9b1ab517a939748cbec68a97335d85328752a5e76cc0857eb456f27","family-dde08e4020268c442b03","scope_lookup","after_close","padded_end","natural","not_dispatched","Response status: not_dispatched","","","","false","false","false","","","",""
"5f578a1bf6bfa8c4efe108e44f4e194f9817298a7985cefb1734c1878fa48441","family-e60de6e573b393ef1d7f","scope_lookup","after_close","generic_end","nonce","not_dispatched","Response status: not_dispatched","","","","false","false","false","","","",""
"5f8365aac65d431e11900b30b0078040f41565bd7e1dfc3abc4dfe48089662d5","family-b06c38dda0f6ef2944fd","scope_lookup","after_close","named_end","nonce","not_dispatched","Response status: not_dispatched","","","","false","false","false","","","",""
"5fad50c6b063484197569c65e22710cf1e4b8be2d09b1045593cec7f9f95d5b8","family-204407a2b2d51b42853b","scope_lookup","after_close","generic_end","natural","not_dispatched","Response status: not_dispatched","","","","false","false","false","","","",""
"5fb7575d1fba2c523e8528ca85f564022f5efd57ffe4570282d923b69314ed06","family-0c8dccd2f8efc0951fca","scope_lookup","after_close","generic_end","nonce","not_dispatched","Response status: not_dispatched","","","","false","false","false","","","",""
"60128f0d2049e4fca39eb2aea652e3287913b35ddcb280809a18c67f645da9ca","family-ff6653263c8411054e4f","scope_lookup","after_close","padded_end","nonce","not_dispatched","Response status: not_dispatched","","","","false","false","false","","","",""
"60662ded0a47af2f5bc94cf7add3aa98603814428f1a5e78f0784f18e58975e9","family-d7f7040bf9a5524af36a","scope_lookup","after_close","named_end","natural","not_dispatched","Response status: not_dispatched","","","","false","false","true","","","",""
"608b908d9fc3a29ae8c37f83100029ba0711107a6e2da4ba177970c1c23033a2","family-b2b3ce1cf84d98d0409a","scope_lookup","after_close","braces","nonce","not_dispatched","Response status: not_dispatched","","","","false","false","false","","","",""
"60a761757891d9edcebffc843892415f464d6ec5c80c9f485eba9c400f86b11e","family-30c7b881331ee20888a8","scope_lookup","after_close","generic_end","natural","not_dispatched","Response status: not_dispatched","","","","false","false","false","","","",""
"60ff4fa5b2fb9f86f0275999ac1b0de869f8ad8a67cf9bfb37ef8b081caf1470","family-85066ac232eae9818a46","scope_lookup","after_close","named_end","nonce","wrong_answer","Expected 4640; received 8786","","","","true","true","true","","","",""
"611091dcfd3242b25f30f5a5c7d820c403065c1247ff7796d348ce32f61800c0","family-16612feb98c14c90fc9f","scope_lookup","after_close","padded_end","nonce","not_dispatched","Response status: not_dispatched","","","","false","false","false","","","",""
"61251fac8654358ab03b7139c5ea643eb4a676d611a17b840d521cef99f6fd3e","family-1b275cdb1d9d6601a71b","scope_lookup","after_close","named_end","nonce","not_dispatched","Response status: not_dispatched","","","","false","false","false","","","",""
"61288e7f78cbb6a3b9dabcf1c23e2b7ef3593079c6ed6e82fd576ad61d5d0f79","family-93d892d460906fd39f72","scope_lookup","after_close","typed_end","nonce","not_dispatched","Response status: not_dispatched","","","","false","false","false","","","",""
"615cc675bce02923c9b5c681b3257c08817b9f380f16350d7748eb5bbde045a0","family-829103e7b348846aba6b","scope_lookup","after_close","braces","nonce","wrong_answer","Expected 3213; received 1318","","","","true","true","true","","","",""
"616092f85d1fe10b2a44d279b88f8937733f3dd99b1966de59e8d11a7314c066","family-f857e73b644ab2c812fd","scope_lookup","after_close","braces","nonce","api_rejected","Response status: api_rejected","","","","false","true","true","","","",""
"616fd26cd8f2ff94d5948112e5f92350c6748ddfbcd14062d8402588c758c5ef","family-48abd2d50bb258341298","scope_lookup","after_close","padded_end","nonce","not_dispatched","Response status: not_dispatched","","","","false","false","false","","","",""
"61a025e60ad5617f3b1415befdb9671a3b89a8739a1ae13d759041a9b0c5ae40","family-9676a7d943289ba56928","scope_lookup","after_close","generic_end","nonce","not_dispatched","Response status: not_dispatched","","","","false","false","false","","","",""
"61b216dba636f59ba220e83f9d9ee7931fd3d5e1b69db4538d56bd2f27fa30c8","family-2be56cecb4e1df88c33b","scope_lookup","after_close","padded_end","nonce","not_dispatched","Response status: not_dispatched","","","","false","false","false","","","",""
"61d9436fed99fd873e32e02e7aec5c74f0323e83b60c1beb839330743ae2c93d","family-1a43aa90e10067aecec1","scope_lookup","after_close","braces","nonce","not_dispatched","Response status: not_dispatched","","","","false","false","false","","","",""
"61dfaf71b70717516edaca980f49c22f81c7d57120e7d1b2350104188c1285e6","family-b9a22dc1cabbc23bf307","scope_lookup","after_close","braces","nonce","not_dispatched","Response status: not_dispatched","","","","false","false","false","","","",""
"622507b700c42dda2e8fa908b5417801072e4dfca9cb896969d77dbc0c7e638e","family-8705b6cd1076ed4db29d","scope_lookup","after_close","padded_end","nonce","not_dispatched","Response status: not_dispatched","","","","false","false","false","","","",""
"6249ed8b048598609ec33f6b577bdaf6667ddb7b4a2ae40f39622c922bf836b8","family-295bca20a17148c007d1","scope_lookup","after_close","typed_end","nonce","not_dispatched","Response status: not_dispatched","","","","false","false","false","","","",""
"62655146d056446b02e6cd93a94596d1b2820dd999aa0978f696004e350b20b7","family-44019720ca29bd23a85d","scope_lookup","after_close","generic_end","nonce","not_dispatched","Response status: not_dispatched","","","","false","false","false","","","",""
"62862a070dbfb321dc6b675f50f4974e7af7e0ce29e37984041132353b07e69a","family-a4a591075b53dba33cf8","scope_lookup","after_close","named_end","nonce","not_dispatched","Response status: not_dispatched","","","","false","false","false","","","",""
"628e856a47cc54731b731e2e2cce4474e647b5cc46b2878ee9e9a0ea92f9cf22","family-00736e1f79dcf3e4cea3","scope_lookup","after_close","generic_end","natural","wrong_answer","Expected 6795; received 7747","","","","true","true","true","","","",""
"629724c512e68d829ec6374a1e15f5b7ddd944da47b929bf9cbd1cdfb87c5c5b","family-7e504f918d99f6224802","scope_lookup","after_close","typed_end","nonce","wrong_answer","Expected 9264; received 1371","","","","true","true","true","","","",""
"62aff4a549f4604b510482b034331b9f88a760de00f0ad77fecb9facc5f28179","family-5c997bd355cb5e8abf68","scope_lookup","after_close","named_end","natural","not_dispatched","Response status: not_dispatched","","","","false","false","false","","","",""
"62c0d9fc4ce5bdf6e725de634e3ac413f6e780f6fef53b138e23954188a21177","family-aa32c06aefe0097b5d71","scope_lookup","after_close","typed_end","natural","not_dispatched","Response status: not_dispatched","","","","false","false","false","","","",""
"62ffc7a584c21f2998746692a5e365429d1f2013e45509ef26a7e312c253abc8","family-a37f6a6d9bef51d35278","scope_lookup","after_close","named_end","nonce","not_dispatched","Response status: not_dispatched","","","","false","false","false","","","",""
"6309156a5a957359fde06d61f23147c7eddf95d68134cb54cfa89eeb16de2cb9","family-be7d9f50059865014983","scope_lookup","after_close","padded_end","natural","not_dispatched","Response status: not_dispatched","","","","false","false","false","","","",""
"63209fde5664bd8a1c8badd56709fbc06efb055f14fd3c05c774d5fe932b5817","family-26424f3e46400e918ad5","scope_lookup","after_close","named_end","nonce","not_dispatched","Response status: not_dispatched","","","","false","false","false","","","",""
"6336333937dc3a7f3aa2bf55e369df4904eea3b281a2d95d435ffa5d12f3605e","family-1c28abaa021ebba4e627","scope_lookup","after_close","generic_end","natural","not_dispatched","Response status: not_dispatched","","","","false","false","false","","","",""
"6336a24174954fd2f3e12ec0f185379fadc30988810162307b6fe772cfdc4fa2","family-8fe24f3228b7eb77ed3b","scope_lookup","after_close","typed_end","nonce","not_dispatched","Response status: not_dispatched","","","","false","false","false","","","",""
"635198d71720de752b522f3c8a95185f4c39ab2ea90633391ef5189c30753de2","family-ab82262840047decc0cc","scope_lookup","after_close","braces","nonce","not_dispatched","Response status: not_dispatched","","","","false","false","false","","","",""
"6356f33481bd2235ba26424f3dec0e659fe666ce7152e0a9a17d39d7d63222ad","family-d6fbc2c230d22a868b4e","scope_lookup","after_close","generic_end","natural","not_dispatched","Response status: not_dispatched","","","","false","false","false","","","",""
"636543c3708d82383f6b4074001bb353aba74d848e04c3b9b42ac34c7f7a818d","family-7600bece242271768ead","scope_lookup","after_close","generic_end","nonce","not_dispatched","Response status: not_dispatched","","","","false","false","false","","","",""
"63b16ebba95acef6b8390b49c7a5bc98f1110cb284ea3236f88ed076ca9b69bf","family-488cbb7fd8c9c97aeaf3","scope_lookup","after_close","braces","natural","api_rejected","Response status: api_rejected","","","","false","true","true","","","",""
"63c94b1addaa763894ba40939f2a94816383c37d1be5191bf71043cea5b2d83d","family-5554f04263390ff26589","scope_lookup","after_close","typed_end","natural","not_dispatched","Response status: not_dispatched","","","","false","false","false","","","",""
"63dcc30a8cc969de37568f40f0240c825c9a4b93361323860c31cbf919455828","family-3d5224972b51acdcc52a","scope_lookup","after_close","named_end","natural","api_rejected","Response status: api_rejected","","","","false","true","true","","","",""
"641e7988bf9d48ef302c91a6199b3209fc7c8186eede07c4b11cda02210bf6b1","family-395a36ccb45429d15df5","scope_lookup","after_close","named_end","natural","wrong_answer","Expected 7169; received 8878","","","","true","true","true","","","",""
"6421c753f21fbe11ab26046a92653dbddbe08137980f1f01bba13e813872cffb","family-f857e73b644ab2c812fd","scope_lookup","after_close","named_end","nonce","api_rejected","Response status: api_rejected","","","","false","true","true","","","",""
"64469e9619cac30cdcdc1706b9aa17a1b2cb23975cca0b6fb5565658a0b1c190","family-afba5579c1fbf62fab82","scope_lookup","after_close","padded_end","natural","not_dispatched","Response status: not_dispatched","","","","false","false","false","","","",""
"644e5d8a7e95b0488f07d90dbf4e80eef2bbf9b90c36d8aecb9f48ddaa2fdb7a","family-9beca0a5b011c108b8fe","scope_lookup","after_close","typed_end","nonce","not_dispatched","Response status: not_dispatched","","","","false","false","false","","","",""
"6463390c700e4251d2dcad1a2ac6d3df0f69d4db1959ce29f1724e39b2ee754c","family-f9196425b0fb748978de","scope_lookup","after_close","typed_end","natural","not_dispatched","Response status: not_dispatched","","","","false","false","false","","","",""
"6471d02de7f855833a4187682043049f3e0c82e42c7bc4dfed8e1b1136ada721","family-b9a22dc1cabbc23bf307","scope_lookup","after_close","padded_end","nonce","not_dispatched","Response status: not_dispatched","","","","false","false","false","","","",""
"647ed6635f95fa1feb3af05791ebffe4cdadbe914480bedb9bbf8482982d2e80","family-2cf9c0e1acc961b2e786","scope_lookup","after_close","padded_end","natural","api_rejected","Response status: api_rejected","","","","false","true","true","","","",""
"649e8df18167e6e24c1058b44540af2360825303a4f8fecb669395165ca09c04","family-c4dde46d058037719010","scope_lookup","after_close","braces","nonce","not_dispatched","Response status: not_dispatched","","","","false","false","false","","","",""
"649fd97ddaea1df8faf0e5aede53c0e5b8bd3658e91d1a1836c9735dc26ddd5f","family-810d18124d25c8e6e5df","scope_lookup","after_close","braces","natural","not_dispatched","Response status: not_dispatched","","","","false","false","false","","","",""
"649ffa83bb0078f33091ca644cff186c96993690ec67d71912aced43248fd49e","family-ed3aeac54a08bc1c993b","scope_lookup","after_close","named_end","natural","not_dispatched","Response status: not_dispatched","","","","false","false","false","","","",""
"64b0b8cf7c2c60ff379e175d9453cf357b5c2bab811813a6af111ae4e880e980","family-5f855b35c87e7752fc0f","scope_lookup","after_close","named_end","natural","wrong_answer","Expected 2621; received 6374","","","","true","true","true","","","",""
"64ed3cd2da3843df75be2c94eac175d9ab6044c7b75184aed3748306598abe91","family-1e1e9805ed1c537d286d","scope_lookup","after_close","generic_end","nonce","not_dispatched","Response status: not_dispatched","","","","false","false","false","","","",""
"64ff43de9d50cff0de932c008e8abb98494ca8664314a0a29b8b6e2b9fe2401b","family-ab82262840047decc0cc","scope_lookup","after_close","named_end","nonce","not_dispatched","Response status: not_dispatched","","","","false","false","false","","","",""
"650a91beb70fa33242305544deb3e26dfdbc3cc8d41fe13cd8d59da16f6dc087","family-6b66a4e96816de483a6d","scope_lookup","after_close","named_end","natural","not_dispatched","Response status: not_dispatched","","","","false","false","false","","","",""
"650ede8347c52e77016bbed8d21ff30a3e1a2062fb6f3e28c7e25c3598cf5e42","family-952de2a9f9b54ad8c738","scope_lookup","after_close","named_end","nonce","wrong_answer","Expected 5523; received 6985","","","","true","true","true","","","",""
"65102887e391399287c285e341011e8e20a5fb5c458425c0e51286adfee337ba","family-2ba1fc2994984a55b06d","scope_lookup","after_close","padded_end","natural","not_dispatched","Response status: not_dispatched","","","","false","false","false","","","",""
"65160792754bb263636878a1fd2cbc818e33e46f4218ef775336e893ed35dd1e","family-1fc89de4b2b652d176d6","scope_lookup","after_close","named_end","natural","not_dispatched","Response status: not_dispatched","","","","false","false","false","","","",""
"652c388a55c7b4a0c33695af917c34d9e70f2bb9091a9e01279d78a682cf4108","family-08c52b86fbe08975e453","scope_lookup","after_close","padded_end","nonce","not_dispatched","Response status: not_dispatched","","","","false","false","false","","","",""
"6551c3529701ac153393b962f93e767476777b9e111b25fa1eec424e30c5798b","family-a37f6a6d9bef51d35278","scope_lookup","after_close","generic_end","nonce","not_dispatched","Response status: not_dispatched","","","","false","false","false","","","",""
"6557b9c406f20878616da26317a93e6907bb61ece2df7d77103a701bd0e7f89d","family-e9227cc87b94745443d1","scope_lookup","after_close","typed_end","nonce","not_dispatched","Response status: not_dispatched","","","","false","false","false","","","",""
"6576986744090afaf634351bfb1750d8348acd02b9b0c7f73876ef6302ae4bfa","family-f5daf0fe2889473ae782","scope_lookup","after_close","typed_end","nonce","not_dispatched","Response status: not_dispatched","","","","false","false","false","","","",""
"65882037b2f41e9a01f74ba5a1f5c6ba4cef74d03985bb244bdaffc51c517c09","family-117639ec340885b3ffc1","scope_lookup","after_close","generic_end","nonce","not_dispatched","Response status: not_dispatched","","","","false","false","false","","","",""
"65add73eb729cb86a2c502f8c158ff690f45cb0a69bf38a7454c47edd898b5d4","family-dbf800c44ba620013de4","scope_lookup","after_close","braces","nonce","not_dispatched","Response status: not_dispatched","","","","false","false","false","","","",""
"65b639d65dd077d9588a93234580b4173b4878a3b4e7b7e0b06c70aefe17678a","family-3c26e15b4433cbee7baa","scope_lookup","after_close","braces","natural","not_dispatched","Response status: not_dispatched","","","","false","false","false","","","",""
"65d78bbbb617e283f8dab442fd0f6b90c5139cb48ea21fea181ebfc101f78a1c","family-a314d3de007bcf14f176","scope_lookup","after_close","typed_end","natural","not_dispatched","Response status: not_dispatched","","","","false","false","false","","","",""
"65daee9ea360972903368de49b8ad91183001c48666d40031b065c069da18c71","family-852eb252bf8a03fa0f54","scope_lookup","after_close","padded_end","natural","not_dispatched","Response status: not_dispatched","","","","false","false","false","","","",""
"660089e7654b35e5409dc909481bd8123d97eff50a8a6f233b5df7a85dbc7ab4","family-3786ff057f064432f7cc","scope_lookup","after_close","padded_end","nonce","not_dispatched","Response status: not_dispatched","","","","false","false","false","","","",""
"66024802cde05d67d8b862ad084261a22b372167bc21a4315f6a842e75bc625c","family-c347c1fea736898223fe","scope_lookup","after_close","typed_end","natural","wrong_answer","Expected 8496; received 1833","","","","true","true","true","","","",""
"6604ca65a634a855a5841f00a88473b5847d1156b9e999b8aae379820a913c13","family-21eec90c5fb8eca8b0b3","scope_lookup","after_close","braces","nonce","not_dispatched","Response status: not_dispatched","","","","false","false","false","","","",""
"660628b349915c5239a8ffb2645be5d6420fec89a4e0702c73fe159a3ad0d03d","family-30c7b881331ee20888a8","scope_lookup","after_close","padded_end","natural","not_dispatched","Response status: not_dispatched","","","","false","false","false","","","",""
"6608a67b2157abfc52d834ed96135bac4329ba2c1776a0ab1b13fede2a636f4d","family-d35ab87452430bf63fef","scope_lookup","after_close","typed_end","nonce","wrong_answer","Expected 8192; received 4621","","","","true","true","true","","","",""
"66174bbe187e38c212427a110f8bfe4fee123c2295ccdc8fe4f4d9d6fa9318d9","family-e16df58183f0df0d937b","scope_lookup","after_close","named_end","natural","not_dispatched","Response status: not_dispatched","","","","false","false","false","","","",""
"661ca522e8341635da1d26372fef26e0b4b772ac2929557c7594ee6d85491bf8","family-8805107cd8eb92a3c679","scope_lookup","after_close","typed_end","natural","not_dispatched","Response status: not_dispatched","","","","false","false","false","","","",""
"6648154a48a8d9dcb225acd08594fe7aad6acf4b501422843145ad91e6132c74","family-16f04bf034693b0a2918","scope_lookup","after_close","padded_end","natural","not_dispatched","Response status: not_dispatched","","","","false","false","false","","","",""
"66ea5b42bb0e096d1efb6b755ef11da59653a304cced64153285e8a551faeda7","family-829d414067d60b06cdd7","scope_lookup","after_close","braces","nonce","not_dispatched","Response status: not_dispatched","","","","false","false","false","","","",""
"66effdfae49a2ba54c43f555e17f62fb1205afa962949a3b4b0ed414c53bece8","family-1a0a6382fed9ae407f0e","scope_lookup","after_close","typed_end","natural","not_dispatched","Response status: not_dispatched","","","","false","false","false","","","",""
"6705cce358165c652df8560e43e9e85e36e41915f686fb5708db032c5197a9af","family-b9dffdcb3b9bd2373ad2","scope_lookup","after_close","typed_end","nonce","not_dispatched","Response status: not_dispatched","","","","false","false","false","","","",""
"670ecba1b68a466328374fdfe6ad3fe869bd355946d245221e306415162682ee","family-88d674c755828117bb4b","scope_lookup","after_close","generic_end","natural","not_dispatched","Response status: not_dispatched","","","","false","false","false","","","",""
"67266d741d99fda3885e186bc45a0be93ea6996c3fee2a813a835fa0d754c835","family-1c28abaa021ebba4e627","scope_lookup","after_close","padded_end","nonce","not_dispatched","Response status: not_dispatched","","","","false","false","false","","","",""
"675f3c9c8ac6fef1784cd875198cd5db611f9313e833dc3c919a420b290b5ab9","family-29bae0c51b15fc4b3f39","scope_lookup","after_close","generic_end","natural","not_dispatched","Response status: not_dispatched","","","","false","false","false","","","",""
"67836bef244f336ca3e46d8c457f077932ee8b6aa8646a54771d1f1857b50ce2","family-2a7134667340fdbaebf0","scope_lookup","after_close","typed_end","nonce","wrong_answer","Expected 7253; received 6981","","","","true","true","true","","","",""
"67acbfe62c294b3cc9402db5fc42e91f8e56323c19fe429bb04d8e25d24cb2d8","family-5f8adf71a8b33aeea343","scope_lookup","after_close","padded_end","natural","not_dispatched","Response status: not_dispatched","","","","false","false","false","","","",""
"67d1e328b2d2e13414044d56c6be045797ed38ca3410740396552140c4a5cfe1","family-12030a7214ba83d0a44e","scope_lookup","after_close","named_end","natural","not_dispatched","Response status: not_dispatched","","","","false","false","false","","","",""
"67dd61887322112b07669fb892b8f548a5c0707588e6f3b4a1aed902460c05c1","family-eee77401bb17096401e6","scope_lookup","after_close","padded_end","nonce","not_dispatched","Response status: not_dispatched","","","","false","false","false","","","",""
"67ebf8c2d8773369f9b806c3f4c1f8c20a3307270779cbe4e09781e0e55e45ec","family-1b275cdb1d9d6601a71b","scope_lookup","after_close","named_end","natural","not_dispatched","Response status: not_dispatched","","","","false","false","false","","","",""
"67f2f75e46bd203d350a38a705f075ee990494ae46299921435ba4b009b609a2","family-eb504ae7ef65139530b7","scope_lookup","after_close","named_end","natural","not_dispatched","Response status: not_dispatched","","","","false","false","false","","","",""
"6828d0f5e54596a08bf3e4cd9f35acb9a696ac4540036bcc6ce61d15bc927e65","family-932a2bc4a370a5d1d723","scope_lookup","after_close","generic_end","nonce","not_dispatched","Response status: not_dispatched","","","","false","false","false","","","",""
"6850b4197e68603dbd0d64bc8b67b2df22a28485d36a4665872be6d73dee20e9","family-14769b98bd337e812653","scope_lookup","after_close","braces","nonce","wrong_answer","Expected 1080; received 7752","","","","true","true","true","","","",""
"685b26de9689d18270d5535205a96a49b3e2348016b7c0b481f582904051c6d9","family-3999856e1484a99e30ab","scope_lookup","after_close","braces","natural","not_dispatched","Response status: not_dispatched","","","","false","false","false","","","",""
"68710920e7036abb5172a7ecabcd60283f5d75d324f36e508087117cd4930b09","family-11cf59caaf680b0c7817","scope_lookup","after_close","padded_end","nonce","not_dispatched","Response status: not_dispatched","","","","false","false","false","","","",""
"68c9f2c80bd6bdae08cee086b10cad69ee1491590c7d1bcba57056bc3d0153a3","family-211a3caa2cbd61ae5771","scope_lookup","after_close","named_end","nonce","wrong_answer","Expected 6559; received 3774","","","","true","true","true","","","",""
"68d91be24c0ea38c9f73a6ee147b21b8b82072731642cdc39a932f361d8ad7e3","family-7201b5e67b42074251d7","scope_lookup","after_close","generic_end","nonce","not_dispatched","Response status: not_dispatched","","","","false","false","false","","","",""
"68db36f7479d65dd371487b9fc506540376d54ca1dc2b8782a6f7aaea53eadfb","family-5aed1cb46c579b4a8853","scope_lookup","after_close","padded_end","nonce","wrong_answer","Expected 8701; received 2703","","","","true","true","true","","","",""
"68e9c7f482ca88d889db5851512be0986214c0752fbe9d347641b2a21e46c2ed","family-1ae68ec0c27ac2f256a5","scope_lookup","after_close","padded_end","nonce","wrong_answer","Expected 1847; received 3826","","","","true","true","true","","","",""
"68fc037d2f7c1c47a41f6f72dc110d6cd71bc6f4c150c21cd80c1dbdb3c585a5","family-e2b3d3a1c1963aca578b","scope_lookup","after_close","padded_end","natural","not_dispatched","Response status: not_dispatched","","","","false","false","false","","","",""
"6947f959a05a437361c26d9d1b9dd9ea06233493e3152311ff8960fe5c03d7a7","family-24f14ad02f9d79d4e6f7","scope_lookup","after_close","named_end","natural","not_dispatched","Response status: not_dispatched","","","","false","false","false","","","",""
"695fd87151f41fa43e432b7ea2f1d442e538674a8b554ad083abe00b441a26dd","family-35072a31b6134c8f283b","scope_lookup","after_close","padded_end","nonce","not_dispatched","Response status: not_dispatched","","","","false","false","false","","","",""
"698722433cc0a8040482d864cc0749e0c40930fcf50e326a1558386bc06b280c","family-955653fffd20313bf19f","scope_lookup","after_close","typed_end","nonce","not_dispatched","Response status: not_dispatched","","","","false","false","false","","","",""
"698e2b54808e1fa88ec77f995fbe6157e340c8b6e2521cc622759e0e5d7f00da","family-0bb91de880bf72a9b291","scope_lookup","after_close","braces","natural","wrong_answer","Expected 6950; received 4488","","","","true","true","true","","","",""
"6991cd700a4eb0acf368b8393892c7a0f85886a03663786f06100ab596f3e43c","family-3fdeb99b24e318aa28fb","scope_lookup","after_close","braces","natural","not_dispatched","Response status: not_dispatched","","","","false","false","false","","","",""
"699ab37935ce28847d10d190f51e2d59fb3f793ad34a2b652deb6e9ce9962897","family-4b6c2e38351ea351c486","scope_lookup","after_close","generic_end","natural","not_dispatched","Response status: not_dispatched","","","","false","false","false","","","",""
"69a3ce92205e94a912f140d629253c96ee335cde8214f44a66d98344680ef6cf","family-39cc5f35c08943b49cd0","scope_lookup","after_close","braces","nonce","not_dispatched","Response status: not_dispatched","","","","false","false","false","","","",""
"69a885c185c23d810ad93b5d81e0bd3271b3459e0e59064d6ee705d980116586","family-130bfd53f821d0de9f25","scope_lookup","after_close","braces","natural","not_dispatched","Response status: not_dispatched","","","","false","false","false","","","",""
"69b8374777287f8594cc9b172f20cf1a05a18b55b87180889a63819a8898792d","family-73a7c567db3e9ee9bd58","scope_lookup","after_close","typed_end","natural","not_dispatched","Response status: not_dispatched","","","","false","false","false","","","",""
"6a01fc4eba57f4d8c427f225e824dab19138bc44e4b60ca3b78db38e03a973d1","family-1270ade5663f5ae56168","scope_lookup","after_close","braces","natural","not_dispatched","Response status: not_dispatched","","","","false","false","false","","","",""
"6a32adf15439cc8a9d457b514f29dfd7f830a8d2160e37522add5e4b7ae56551","family-aa53edb64586a280de93","scope_lookup","after_close","padded_end","natural","not_dispatched","Response status: not_dispatched","","","","false","false","false","","","",""
"6a6e22e04834a5c21e9ba856861d8e1a72bbace884d11fd2e05b5eb8feef0430","family-c7b024cb458a5cd8d45e","scope_lookup","after_close","generic_end","nonce","not_dispatched","Response status: not_dispatched","","","","false","false","false","","","",""
"6a79e8b017e7acf8670c8e16aa68c2a13cd7669aeb6209916236933d04dedf0b","family-c04a143fff0ef2058d04","scope_lookup","after_close","braces","natural","not_dispatched","Response status: not_dispatched","","","","false","false","false","","","",""
"6a81d456b7f7e62b9fd84008f28f765162871f90a200d8e168f14803d2ea174b","family-a34b264a683e5d065ba0","scope_lookup","after_close","named_end","natural","wrong_answer","Expected 2106; received 8430","","","","true","true","true","","","",""
"6a92bc11fd0289d7a655f17f3047611eac36e45322dad1d0874cad56aae87b71","family-81b5c1c97e7277175b1f","scope_lookup","after_close","named_end","natural","not_dispatched","Response status: not_dispatched","","","","false","false","false","","","",""
"6acd782d9d140675002262e057e0b9e59c78ea423ae5b28cd4b93d0e1b02bc72","family-6bd2730ce8334ea9ef86","scope_lookup","after_close","generic_end","natural","not_dispatched","Response status: not_dispatched","","","","false","false","false","","","",""
"6ad330f1670549c71243ec9119e7d982dade95e1aecef5bd0166895bc3b7df06","family-750b447a22b873db6093","scope_lookup","after_close","braces","nonce","wrong_answer","Expected 3169; received 8183","","","","true","true","true","","","",""
"6ad3e84130dc1e3fa41766cf2aec0a09331cd83f7fda92d941400dc851b27422","family-d548c5f900182242bf0c","scope_lookup","after_close","generic_end","natural","not_dispatched","Response status: not_dispatched","","","","false","false","false","","","",""
"6b064f0c6132ca72ba4fadd9b1fd773d830164f501067a9dc71066dbd0922066","family-afba5579c1fbf62fab82","scope_lookup","after_close","generic_end","natural","not_dispatched","Response status: not_dispatched","","","","false","false","false","","","",""
"6b0f1ce0798bfb0cd17bd76065789606422e59778e796498eb4796c7e34f6efb","family-b9a22dc1cabbc23bf307","scope_lookup","after_close","typed_end","nonce","not_dispatched","Response status: not_dispatched","","","","false","false","false","","","",""
"6b29194b1b5a9358ac65483dbdeee8971a11582476227168845df5188d75caf5","family-1fc89de4b2b652d176d6","scope_lookup","after_close","padded_end","natural","not_dispatched","Response status: not_dispatched","","","","false","false","false","","","",""
"6b364b31992f886deb301a1028ac9cdf685baeb6f151f0ea2fd7fc22f66011b2","family-9eefc660f35e8050ac2d","scope_lookup","after_close","typed_end","natural","not_dispatched","Response status: not_dispatched","","","","false","false","false","","","",""
"6b3c4a5984ed9772562b1887e776147aafa5bed880d0bbfb1ea3ecdc64e1eb0c","family-9eefc660f35e8050ac2d","scope_lookup","after_close","padded_end","natural","not_dispatched","Response status: not_dispatched","","","","false","false","false","","","",""
"6b572e61709c16840841e27be17ec920de591a71f6fa2992e5f886c557271382","family-130bfd53f821d0de9f25","scope_lookup","after_close","generic_end","natural","not_dispatched","Response status: not_dispatched","","","","false","false","false","","","",""
"6b9c2abe01b4d2f6c8909347d83c64b8aa1889a1d988348fcb09b75c6fdee0dc","family-e6e51e5de948f110de91","scope_lookup","after_close","padded_end","nonce","not_dispatched","Response status: not_dispatched","","","","false","false","false","","","",""
"6ba8fe94dda66522546544f0cfd52f1396455ed29d8f1fe864f1f00b659133a5","family-4c44751ce578f7ecc770","scope_lookup","after_close","padded_end","natural","not_dispatched","Response status: not_dispatched","","","","false","false","false","","","",""
"6bd32a4446f52bd06c1c778d85875488d9f338a4d2fdf67bfc852570fe4b75d7","family-8ba864c7229e72b635fa","scope_lookup","after_close","padded_end","natural","not_dispatched","Response status: not_dispatched","","","","false","false","false","","","",""
"6c1adf6ed98343a52076560442e6612e8aa7481fe3d6f1639b78702884409ad9","family-ed3aeac54a08bc1c993b","scope_lookup","after_close","typed_end","nonce","not_dispatched","Response status: not_dispatched","","","","false","false","false","","","",""
"6c1d4a0089a78bf15d5672ca94c75a837ad755490c84a49633e4ba3a5cd0a05b","family-93d892d460906fd39f72","scope_lookup","after_close","braces","natural","not_dispatched","Response status: not_dispatched","","","","false","false","false","","","",""
"6c1e1cfa9344a94ed4c11182cd6edd16f598e316fb29f566e251abb331291c6c","family-12406704a3b5d2f6a2ec","scope_lookup","after_close","named_end","nonce","not_dispatched","Response status: not_dispatched","","","","false","false","false","","","",""
"6c210953621cf5c2ed3624e9ea5a09be885ae52b90ec3cbe4e1d9f7084453e9b","family-4d4c317eefd692ca0ede","scope_lookup","after_close","generic_end","nonce","not_dispatched","Response status: not_dispatched","","","","false","false","false","","","",""
"6c25bc7bb49a0ffa26153314efcaf101c7ffc2756c3724b8741789d82b3e136b","family-117dbfae30e5fb76090b","scope_lookup","after_close","generic_end","nonce","not_dispatched","Response status: not_dispatched","","","","false","false","false","","","",""
"6c39c446a56ec36fdfa6140d7dac03fe0ff6e6493f994ca7ff9371dcb5474339","family-12406704a3b5d2f6a2ec","scope_lookup","after_close","padded_end","nonce","not_dispatched","Response status: not_dispatched","","","","false","false","false","","","",""
"6c72f5be0841997540152c589ca4bb07ad7440989e65a5ad23b636f9ffd7c44e","family-44019720ca29bd23a85d","scope_lookup","after_close","named_end","nonce","not_dispatched","Response status: not_dispatched","","","","false","false","false","","","",""
"6c96efb42b13e4619c7b2d593857ef8993e1cf54897afb7fa3930e894b10a51b","family-d76894d5e7f919b735f3","scope_lookup","after_close","typed_end","nonce","not_dispatched","Response status: not_dispatched","","","","false","false","false","","","",""
"6c97680502f851f8312136209cc1b8506c9fe4f90f8b011ff39326dd716e82d6","family-b8c9c3484eb15e1d36ec","scope_lookup","after_close","padded_end","natural","wrong_answer","Expected 3947; received 3565","","","","true","true","true","","","",""
"6ca3bf1cf1858d530b43a568b64da319f442307edb0f8ca9dd7cad1483488b59","family-829103e7b348846aba6b","scope_lookup","after_close","generic_end","natural","not_dispatched","Response status: not_dispatched","","","","false","false","false","","","",""
"6cb291cf74756f754fdf5c1764f44471778ea73e1fefc057c1f6baba0d3ea005","family-35e80d3bdf46a8332d22","scope_lookup","after_close","named_end","nonce","not_dispatched","Response status: not_dispatched","","","","false","false","false","","","",""
"6cb8dddfe7929ad97c79a2c1c57e8add4dc76b7d188762eb7806fe68986856af","family-4e24c4b756f53a42f700","scope_lookup","after_close","generic_end","nonce","not_dispatched","Response status: not_dispatched","","","","false","false","false","","","",""
"6cbcaa936d7e6c4c45fab7b9f1d770e237cdb928b72b3b5cd138de134a57899d","family-e3b1d33e3c9e4a56dc91","scope_lookup","after_close","generic_end","natural","not_dispatched","Response status: not_dispatched","","","","false","false","false","","","",""
"6ccab8f6d6a8777af6a62def71e452ce3824dfa22325718e5a5cde5b65d739eb","family-ed3aeac54a08bc1c993b","scope_lookup","after_close","generic_end","nonce","not_dispatched","Response status: not_dispatched","","","","false","false","false","","","",""
"6cd3a3f1e5b491d3888f59643dcbdb85385d067a145001280103285ba34e8123","family-9cb91149a5d178ddc1b8","scope_lookup","after_close","padded_end","natural","not_dispatched","Response status: not_dispatched","","","","false","false","false","","","",""
"6cd6248b61f851adb1e5cd5c2b5c57773b5e271d01ba2ae3c256564c72e60833","family-9199473c19eda7b608cb","scope_lookup","after_close","typed_end","natural","not_dispatched","Response status: not_dispatched","","","","false","false","false","","","",""
"6cd8201b7d47eb69db3a74907ac6636835df7535c4883df3e4dc754c006b444f","family-932a2bc4a370a5d1d723","scope_lookup","after_close","named_end","nonce","not_dispatched","Response status: not_dispatched","","","","false","false","false","","","",""
"6d0511a5f6cd436aea8ecbd63390917d8dc22f35d7000c38b54beceaffd8f18e","family-d35ab87452430bf63fef","scope_lookup","after_close","braces","nonce","wrong_answer","Expected 8192; received 4936","","","","true","true","true","","","",""
"6d1ab112214a1cc1cdda8c15c2d3d4e7df42bcf3bf561e9d7be01fea5263c8f9","family-fd1f24c481059f7fae66","scope_lookup","after_close","generic_end","natural","wrong_answer","Expected 7691; received 5542","","","","true","true","true","","","",""
"6d74cc8afd8f1477bc0167b72db57e3b4b775c534aeaa432b4de3cb956d01404","family-5cc46da926f300fc886f","scope_lookup","after_close","named_end","natural","not_dispatched","Response status: not_dispatched","","","","false","false","false","","","",""
"6d908c8018394dfa557abb963d1776207134dfa0283d29563f495696c0127c24","family-a7268f5d78df48d04f92","scope_lookup","after_close","named_end","nonce","not_dispatched","Response status: not_dispatched","","","","false","false","false","","","",""
"6dbd88f68ff7b89a76f829425370dc33d92d8f8ee8560e74b8f86e1079dc4725","family-e29b5f4538e67d7e4ec0","scope_lookup","after_close","braces","natural","not_dispatched","Response status: not_dispatched","","","","false","false","false","","","",""
"6ddc990f5e3ac9cbfc0d4d933d5d546ba4bbf5fb3d456bba9caeab2540f9175c","family-8c9a526b3467460711d6","scope_lookup","after_close","generic_end","natural","wrong_answer","Expected 2577; received 1289","","","","true","true","true","","","",""
"6de97aae3da19606d21aeaf65d0d9b2d4e210e69112e3569ad82fda51338d730","family-4e24c4b756f53a42f700","scope_lookup","after_close","named_end","nonce","not_dispatched","Response status: not_dispatched","","","","false","false","false","","","",""
"6ded77512f5d1e957c51fb1f7d35389652d52ab55cec90cc25e38602e1aba7e1","family-89700d68a60bdc6f667b","scope_lookup","after_close","generic_end","natural","not_dispatched","Response status: not_dispatched","","","","false","false","false","","","",""
"6dff3a64c1c2c15c931911691c3f2e3e461459b5f2f8f1fd484979e9ed6b75c1","family-09b4a88bbbe85d9c3921","scope_lookup","after_close","braces","nonce","wrong_answer","Expected 8309; received 4689","","","","true","true","true","","","",""
"6e0926b9849ae99f455308b5a45c7a570a0b55811901ef075c3162d9c90f5571","family-4f4d496d00088890da68","scope_lookup","after_close","generic_end","natural","not_dispatched","Response status: not_dispatched","","","","false","false","false","","","",""
"6e0ef976fe8a2a9f8ab776b48c2390f3207d2dc37c3488e8b771797833ac807f","family-e7e829d4356ce7aa43c2","scope_lookup","after_close","padded_end","nonce","wrong_answer","Expected 9514; received 6482","","","","true","true","true","","","",""
"6e39c63318ced5e72b648de4dd6a75538e57a92235f8881e74839a7394f217ef","family-0023ad6970e24716db3b","scope_lookup","after_close","generic_end","nonce","wrong_answer","Expected 6569; received 5776","","","","true","true","true","","","",""
"6e3a3c00a0828a565aa3d0664a67c5503bda3799f97c272b1557508cbe0deab5","family-2f1c1a229278501ea898","scope_lookup","after_close","named_end","nonce","not_dispatched","Response status: not_dispatched","","","","false","false","false","","","",""
"6e3d009b088e897bffb359aa444198faf53173b7cc835ff9cbb9129e251614ad","family-01e9efb57c6f01a9ab32","scope_lookup","after_close","generic_end","nonce","not_dispatched","Response status: not_dispatched","","","","false","false","false","","","",""
"6e4c692d3fc22b1a971f5ff9dfffd8045c593c3ebe5569623a43fe463ab1f2ce","family-c7b024cb458a5cd8d45e","scope_lookup","after_close","padded_end","nonce","not_dispatched","Response status: not_dispatched","","","","false","false","false","","","",""
"6e5651c5bd07ce933e9e6e8f431cfb007bb5948729fba66252a0771054e17f05","family-3c26e15b4433cbee7baa","scope_lookup","after_close","typed_end","natural","not_dispatched","Response status: not_dispatched","","","","false","false","false","","","",""
"6e66e0de43fc24402eaa996abbb87171f8ea12593bdc712941bcff5d2f1075a7","family-0acf2d0f70648c07f8ce","scope_lookup","after_close","padded_end","nonce","not_dispatched","Response status: not_dispatched","","","","false","false","false","","","",""
"6e8a9a04c6c3174bb37c686165c2dcabe5d955576b63e7f5c5d1546c3d14891d","family-2d4ca203b12edfb77065","scope_lookup","after_close","braces","nonce","not_dispatched","Response status: not_dispatched","","","","false","false","false","","","",""
"6e9fdb29a6df32331da97359e495b11d57949d5251999f16d3ef57b7901be3b2","family-f1a8bfef505962af7ac8","scope_lookup","after_close","typed_end","nonce","not_dispatched","Response status: not_dispatched","","","","false","false","false","","","",""
"6ea031424dcee8821b219e0af8605325801c4215e13c5da5a3afb581c9ed542f","family-87e1a66408f296411fa5","scope_lookup","after_close","generic_end","nonce","wrong_answer","Expected 7353; received 5915","","","","true","true","true","","","",""
"6ea83231d52d53a1f6cef220659e1e0ee4772012c05e3a1edfacc66239706de5","family-0390d75d26d3cf166849","scope_lookup","after_close","padded_end","nonce","not_dispatched","Response status: not_dispatched","","","","false","false","false","","","",""
"6ebd1338477de60766c99e8f225aa05d8fd8fab647271a315a3f3ce276033d5d","family-4b6c2e38351ea351c486","scope_lookup","after_close","braces","natural","not_dispatched","Response status: not_dispatched","","","","false","false","false","","","",""
"6ecfc6eab28247c0ab23ad1d2d5c94fcab865f97c49dfa018a90567a6b12acc3","family-e59eb2e49124f331d2fe","scope_lookup","after_close","braces","natural","wrong_answer","Expected 3278; received 7299","","","","true","true","true","","","",""
"6ed547aad9b60687253d89cbcaeafb5387db780b8df30eff4d715355bca51d70","family-bd53ff891a04e9d7707a","scope_lookup","after_close","padded_end","natural","not_dispatched","Response status: not_dispatched","","","","false","false","false","","","",""
"6f0620fbc1cb99477fc4d030acc3aac9e8ced4c873476ca6cc273b6104955b7d","family-1c28abaa021ebba4e627","scope_lookup","after_close","named_end","natural","not_dispatched","Response status: not_dispatched","","","","false","false","false","","","",""
"6f1d84a8dd16cf9bd8919dc2f24d8a5fc1d03b7af57de29bac1547b381acd5d6","family-f857e73b644ab2c812fd","scope_lookup","after_close","typed_end","natural","not_dispatched","Response status: not_dispatched","","","","false","false","false","","","",""
"6f21113e8da8a8aa9e16051b9aba62c2cac91a9dcc26d5be7b12245e9f9ef471","family-e2b3d3a1c1963aca578b","scope_lookup","after_close","typed_end","natural","not_dispatched","Response status: not_dispatched","","","","false","false","false","","","",""
"6f22b8d9588c2546f59a2ad9d96e49e993dfc3090fe0f0e2a5aeb13cc8550fdd","family-f9a76d59ee7a6cf3f7b1","scope_lookup","after_close","typed_end","nonce","wrong_answer","Expected 7263; received 8374","","","","true","true","true","","","",""
"6f361d9894fa1f60e0f8a9e2b9d4f0a1194567978ddd33e91c01b07fed556763","family-56378884ef7b40bfc27d","scope_lookup","after_close","padded_end","natural","not_dispatched","Response status: not_dispatched","","","","false","false","false","","","",""
"6f5b62770489dde036a4b73fa391bccbd7a3eea87536db636a3359fff68d5681","family-11cf59caaf680b0c7817","scope_lookup","after_close","typed_end","natural","not_dispatched","Response status: not_dispatched","","","","false","false","false","","","",""
"6f6f1030e9f0712d95314aa70849fb0433deee04fd83a0ab2f2ecb847f6e5dfd","family-50493ec470d72292f2f1","scope_lookup","after_close","padded_end","natural","not_dispatched","Response status: not_dispatched","","","","false","false","false","","","",""
"6f7e55e14cd7c739b5f022901319f1d5fa219f67de305fc223c48d9b1321005b","family-3eabdb043eb316c35b34","scope_lookup","after_close","braces","nonce","not_dispatched","Response status: not_dispatched","","","","false","false","false","","","",""
"6fa72735133709e1a811e82fc6677a291b558891c94e528d1b2aa65410e2bda7","family-1fc89de4b2b652d176d6","scope_lookup","after_close","padded_end","nonce","not_dispatched","Response status: not_dispatched","","","","false","false","false","","","",""
"6fb7b4e7d7184ca61c6507fec351b82eb050a47f2320fd0d1b3bf7335a288834","family-d548c5f900182242bf0c","scope_lookup","after_close","typed_end","nonce","not_dispatched","Response status: not_dispatched","","","","false","false","false","","","",""
"6fd3d70ce4bb65f3466ea01d28d68b9838444ee3bf2463096f35364599ff0f81","family-fe0fa705a9f02858bb6f","scope_lookup","after_close","named_end","nonce","not_dispatched","Response status: not_dispatched","","","","false","false","false","","","",""
"6fe37d1bba41e088d797bf5d05e2244b13d631cd0f065e3ea1a6f95334f5243e","family-b4f3d9350b473ded7a45","scope_lookup","after_close","typed_end","nonce","wrong_answer","Expected 9931; received 6239","","","","true","true","true","","","",""
"700e3ecc0839fb22e7bf2d3628c2d5a846120ebb047b23b348b87b702995e2fd","family-1bc856251900eb8d96cc","scope_lookup","after_close","named_end","natural","not_dispatched","Response status: not_dispatched","","","","false","false","false","","","",""
"702d29ffa781a02bdc17b0eb4a1a7590a22b93bac9a9bd62746bda368ce9cba5","family-d9dce3002672d6c101f7","scope_lookup","after_close","padded_end","natural","not_dispatched","Response status: not_dispatched","","","","false","false","false","","","",""
"703c105c4425231b5fd3589d9a5d28ea1dfb1a86790a15d1fa2d0e4a20cb1096","family-8d5bfa027298888e3095","scope_lookup","after_close","generic_end","natural","not_dispatched","Response status: not_dispatched","","","","false","false","false","","","",""
"7082ea3602d0db0932016c67cbbaf7e5a47cfce377236e6e2879a702cc5cf198","family-01e9efb57c6f01a9ab32","scope_lookup","after_close","typed_end","natural","not_dispatched","Response status: not_dispatched","","","","false","false","false","","","",""
"709ae8b7cbcbcef795115e9cf2179095c885bc2b8cd5a1b47ceb0a39d06ca172","family-8b035bce4ca204e57955","scope_lookup","after_close","typed_end","nonce","not_dispatched","Response status: not_dispatched","","","","false","false","false","","","",""
"70dacf2a0a130cbdcdbbef28fe9a357c990f6c5972d60ceeb05ba630f09f9844","family-cc6c2ed2c3954f97d9ec","scope_lookup","after_close","generic_end","natural","not_dispatched","Response status: not_dispatched","","","","false","false","false","","","",""
"70fb91a427a5767aef7c604d013fdef85060302548c0e38cb5104c7f68c9df04","family-4dc1c52649d2db1dcaf8","scope_lookup","after_close","named_end","natural","not_dispatched","Response status: not_dispatched","","","","false","false","false","","","",""
"7101735745f3fe602eb133f8465a80d4c55c35347e85750d09fad2ac35bfdbd1","family-2bd2fa1f5e64c58c7269","scope_lookup","after_close","named_end","nonce","not_dispatched","Response status: not_dispatched","","","","false","false","false","","","",""
"7121543901c4246cf8f7ae0449f00d23cd041c1f8e34f2738d568e1cfac3ce88","family-d790b8721b3020bd3181","scope_lookup","after_close","braces","natural","not_dispatched","Response status: not_dispatched","","","","false","false","false","","","",""
"712bace1edb99ae08eb595eb166903604859d6498d701a8f12f227a1433f1760","family-6bd2730ce8334ea9ef86","scope_lookup","after_close","named_end","natural","not_dispatched","Response status: not_dispatched","","","","false","false","false","","","",""
"71522599c2db152e89c080bf468bc88f30e5ec0c67c5087236c9ec00f62e7396","family-e35cf05c60de2a1bfffb","scope_lookup","after_close","padded_end","nonce","not_dispatched","Response status: not_dispatched","","","","false","false","false","","","",""
"715b28180ae52f3b45a5a3eeedaa806a6d70062b28fce5be5c6ee200d8a27bab","family-5554f04263390ff26589","scope_lookup","after_close","padded_end","natural","not_dispatched","Response status: not_dispatched","","","","false","false","false","","","",""
"715d9875b11f1a02097157459e61f749d97bccc79ce08366054a723d1f4cd45f","family-145ebbdc3f7d1375ede1","scope_lookup","after_close","generic_end","natural","wrong_answer","Expected 1957; received 4804","","","","true","true","true","","","",""
"71a9da5a7c6a2d9d4391620e44b04b7e652f6b9ae2cd40a068cb3c46f55ba46a","family-c04a143fff0ef2058d04","scope_lookup","after_close","typed_end","nonce","not_dispatched","Response status: not_dispatched","","","","false","false","false","","","",""
"71a9e075ff5c859f0ebf03d32e034e4a1a31d485d22a13c6350ce2f36fe3175b","family-5cc46da926f300fc886f","scope_lookup","after_close","typed_end","natural","not_dispatched","Response status: not_dispatched","","","","false","false","false","","","",""
"71abfd075911b67c038e55a0181f3ee1181cc669b4318258f072de529db0cd43","family-a687b9583e025493e18e","scope_lookup","after_close","named_end","nonce","not_dispatched","Response status: not_dispatched","","","","false","false","false","","","",""
"71adbcea61bc8de78cc53c79bc434fd4c48135448f0df106ee6d372923347df2","family-970fcc791975ca15fd0f","scope_lookup","after_close","braces","nonce","wrong_answer","Expected 5392; received 9299","","","","true","true","true","","","",""
"71cc373fd6c3d4dc2ab6331483f1e62e091bb96501ac119f70489a68905f2d42","family-5505ccb9d7b4d5cf9fa6","scope_lookup","after_close","padded_end","natural","not_dispatched","Response status: not_dispatched","","","","false","false","false","","","",""
"71ff164dd1a220296a5639f3a8ae2cd1e2cc94b80cb028ebc8b09c3e90845d64","family-5554f04263390ff26589","scope_lookup","after_close","generic_end","natural","not_dispatched","Response status: not_dispatched","","","","false","false","false","","","",""
"720ee07b16dea8bc9a5e358915d5834f4e95a14502c6ec6968d7bbebf20dc8b9","family-c6fd7e21c3cb3a5952a5","scope_lookup","after_close","generic_end","nonce","not_dispatched","Response status: not_dispatched","","","","false","false","false","","","",""
"721591ca0b623fea1e4ca9812aa189fd312b53a0cf9d3a298c0a4515ae3a5ac6","family-c30589a166aa1f1ae939","scope_lookup","after_close","typed_end","natural","not_dispatched","Response status: not_dispatched","","","","false","false","false","","","",""
"721820cab129dcca6cb32c0c47da0d47ca91f506e32d7431b6a783553f1b84aa","family-a7268f5d78df48d04f92","scope_lookup","after_close","padded_end","natural","not_dispatched","Response status: not_dispatched","","","","false","false","false","","","",""
"7219d3aca4191cdc46876c9a89b309a10e5e5b95cfd33d4fe0119a078f471e95","family-e16df58183f0df0d937b","scope_lookup","after_close","padded_end","nonce","not_dispatched","Response status: not_dispatched","","","","false","false","false","","","",""
"7257bc56a7ac3c811127236ca5be4705068d9028705e8cb59445158581759e58","family-acbb52af2f9a3ad666fc","scope_lookup","after_close","named_end","nonce","wrong_answer","Expected 8476; received 1925","","","","true","true","true","","","",""
"72642a041b90f13f4191379a45eb8c0561a3405f846b729aad928c2ef2e3de85","family-01cdf46109fd1bc56e5f","scope_lookup","after_close","named_end","nonce","not_dispatched","Response status: not_dispatched","","","","false","false","false","","","",""
"726a0de6fb7d6fd3526cca130a72923989bf739c9a0ef20200c28ede0e1da320","family-3fbe7ca6370042704b99","scope_lookup","after_close","named_end","natural","wrong_answer","Expected 2958; received 9875","","","","true","true","true","","","",""
"728da24d9762037c2351743327c7a820a23704db01a13989e2a8b9203c614144","family-502a612c7b5f388e0842","scope_lookup","after_close","named_end","nonce","not_dispatched","Response status: not_dispatched","","","","false","false","false","","","",""
"72ab89983c1c3d41d032350f6034d91aefcb158897806b67c25823ebd60c4a55","family-d5126bc6627b66b4a0d3","scope_lookup","after_close","named_end","natural","not_dispatched","Response status: not_dispatched","","","","false","false","false","","","",""
"72e851a571032e8b9ea043e682ca9c36446b1bbe40a60a3aae8e5429cb2d5d2e","family-4f09c00bd3e6cfadf50a","scope_lookup","after_close","generic_end","natural","not_dispatched","Response status: not_dispatched","","","","false","false","false","","","",""
"730a579132efd8f5c0363584324653754a69d85df2b2d11586d0231c6720314f","family-9a4e8a8b04175285a80b","scope_lookup","after_close","braces","nonce","not_dispatched","Response status: not_dispatched","","","","false","false","false","","","",""
"731091eaa439f2f5e42463e84242f314ea999fd6be227985cca8d7f390a23a58","family-f13778db5d945766e013","scope_lookup","after_close","named_end","nonce","not_dispatched","Response status: not_dispatched","","","","false","false","false","","","",""
"7316e83113fd28ed4bd98b4ece0558abe01a42a90591108ef205b9a4486aecbc","family-d54f0d62964d2adb1f25","scope_lookup","after_close","braces","nonce","not_dispatched","Response status: not_dispatched","","","","false","false","false","","","",""
"7326b37106d73f2816c83c8adb8d398097f4dbb618f8776f47ba99a84b8d48d9","family-1fc89de4b2b652d176d6","scope_lookup","after_close","generic_end","nonce","not_dispatched","Response status: not_dispatched","","","","false","false","false","","","",""
"732c70a9fc639115cb09bb5de2a62d8cf825465a7acfc4d11134d602538ceb10","family-bb74c2c8f2e292c33a1f","scope_lookup","after_close","named_end","natural","not_dispatched","Response status: not_dispatched","","","","false","false","false","","","",""
"733aac7c16760b92f95e2b2b6ce67988e436aa8849487c1f003ff617901fd00f","family-d5f537a60742210bf1e3","scope_lookup","after_close","padded_end","nonce","not_dispatched","Response status: not_dispatched","","","","false","false","false","","","",""
"734439f1783976630e36b5f7adda9f7156400c3074b3efdb4c449e4245f5e741","family-e3b1d33e3c9e4a56dc91","scope_lookup","after_close","braces","natural","not_dispatched","Response status: not_dispatched","","","","false","false","false","","","",""
"7348b0ba63d1495fbb6682a85ed3e003f1c2b96b8f2d0aa0ed89344c303808a3","family-d76894d5e7f919b735f3","scope_lookup","after_close","generic_end","nonce","not_dispatched","Response status: not_dispatched","","","","false","false","false","","","",""
"7354cd4f8290388cbb9df5d70835cc54a84f2f410c9eee91b17184ee1813c22e","family-965e957e4d8298784a4e","scope_lookup","after_close","named_end","natural","not_dispatched","Response status: not_dispatched","","","","false","false","false","","","",""
"7359db0cbee8927d9ae7dbb63210af9258199c147e22dff2e168d937d4af9bb3","family-99d58b7d7e77fb56cd14","scope_lookup","after_close","padded_end","natural","not_dispatched","Response status: not_dispatched","","","","false","false","false","","","",""
"735d024702ef213146b05794f1569395d122e8e6e34e95e82e2d27206da3dfae","family-ff0608c18843ac780fd4","scope_lookup","after_close","typed_end","natural","wrong_answer","Expected 7941; received 8225","","","","true","true","true","","","",""
"73958c3cb82495a35509f2c134ecef4c6aea38f5386ca57ef77d39de7cdf0dd6","family-51b2b2e1e5b6e49579e8","scope_lookup","after_close","named_end","natural","not_dispatched","Response status: not_dispatched","","","","false","false","false","","","",""
"73ab7eaea3343ba0fae33e6e6221400bbf1729ffa4c59f6e5f35790047b1cdd1","family-4b6c2e38351ea351c486","scope_lookup","after_close","named_end","nonce","not_dispatched","Response status: not_dispatched","","","","false","false","false","","","",""
"73af9a41f5d3e6bf12e37a32e4d53736dac23e4fe608763c8525e58da12ba870","family-37091b20ad081d82704e","scope_lookup","after_close","braces","natural","not_dispatched","Response status: not_dispatched","","","","false","false","false","","","",""
"73be5c2a90c11db280deccc3230c6bb2987bb42c8fc13847abe864fdb5978ec2","family-c04f5b74646ddaeba01f","scope_lookup","after_close","braces","natural","wrong_answer","Expected 1371; received 7746","","","","true","true","true","","","",""
"73c04454ff4354845d92b55a9804f472befb90f2e708291029efe5ead67195a7","family-d54f0d62964d2adb1f25","scope_lookup","after_close","generic_end","nonce","not_dispatched","Response status: not_dispatched","","","","false","false","false","","","",""
"73d28fbf817970bf74ce2560084c1c7ff59cac4e28b6cad5b07f70ab226c7eaa","family-aa53edb64586a280de93","scope_lookup","after_close","typed_end","natural","not_dispatched","Response status: not_dispatched","","","","false","false","false","","","",""
"73d4a571fc845f7bd53551bf05f325a7e46c6ede24303d55ad9d48911e044b7b","family-3e2147864f0fd49cabea","scope_lookup","after_close","padded_end","natural","not_dispatched","Response status: not_dispatched","","","","false","false","false","","","",""
"73f4ac9f5a0f4f7d7113076b018971454839240fd3051ea891f10c5ba63dae09","family-916b36b95f1c26e349fe","scope_lookup","after_close","named_end","natural","not_dispatched","Response status: not_dispatched","","","","false","false","false","","","",""
"73feaf34eac49df4b86e139d773b17bbc7b4baf33c710e92e3937594aa78f6f3","family-c6fd7e21c3cb3a5952a5","scope_lookup","after_close","named_end","nonce","not_dispatched","Response status: not_dispatched","","","","false","false","false","","","",""
"7420189bbcdbe2d01cba82a12bffb7707cb9706d6084b035f39c7c3660a55bdc","family-ccea5ca66ad622bb7848","scope_lookup","after_close","generic_end","natural","not_dispatched","Response status: not_dispatched","","","","false","false","false","","","",""
"74a7fad180b35948c2225b89932268106092164411db00f7596bdaff3379f93e","family-18871ae37697b4a460fe","scope_lookup","after_close","braces","nonce","not_dispatched","Response status: not_dispatched","","","","false","false","false","","","",""
"74c83d8db764f15ff804341f5e85559451b28baea63975e287230828e86d106f","family-a67f94e51bc258654d99","scope_lookup","after_close","named_end","natural","not_dispatched","Response status: not_dispatched","","","","false","false","false","","","",""
"74df3bf5756620b68984a3c19a0390ffe130b9676ca60b4dce79519541cc6e08","family-d76894d5e7f919b735f3","scope_lookup","after_close","named_end","nonce","not_dispatched","Response status: not_dispatched","","","","false","false","false","","","",""
"74f02bebdddf6e9ee994d18c5f00765582aba581296f68bbb4ebf02573719076","family-b3fbb8c02b86ad28311d","scope_lookup","after_close","padded_end","nonce","not_dispatched","Response status: not_dispatched","","","","false","false","false","","","",""
"750084675d6b9ea67df4574c79e8343463ca3e438dd4417727fa3701e471cb6a","family-10f87faacca5a08f29d3","scope_lookup","after_close","padded_end","nonce","not_dispatched","Response status: not_dispatched","","","","false","false","false","","","",""
"7512bc3f384e072c4b81be08569fed23332523b61de26e0fa880d87224348122","family-069a6373157818e063fe","scope_lookup","after_close","typed_end","nonce","not_dispatched","Response status: not_dispatched","","","","false","false","false","","","",""
"752ac3884be721918e48162de47fccb25ddc6d264ca71c5deaf1cb278a800fd7","family-9a33a41793445f3ab44a","scope_lookup","after_close","named_end","natural","not_dispatched","Response status: not_dispatched","","","","false","false","false","","","",""
"7534579c73ebe8c34c633700f49e477150ebd9b41cd9dca59712f43767ed5dca","family-fbff6f169402a84ea98a","scope_lookup","after_close","generic_end","nonce","not_dispatched","Response status: not_dispatched","","","","false","false","false","","","",""
"756b33e250e1244a66b698d4e111f838c422bdf358c7814aac44380e23635dbe","family-d790b8721b3020bd3181","scope_lookup","after_close","braces","nonce","wrong_answer","Expected 3137; received 9943","","","","true","true","true","","","",""
"756dc68294789c72272178fa42867b9ba89cbcc3d9d9d3142174c3456e5db41c","family-072d1e0bc080d2e112f2","scope_lookup","after_close","padded_end","natural","not_dispatched","Response status: not_dispatched","","","","false","false","false","","","",""
"7584543b4ecd4a6502454e4b61ba69d3f26ff0ae206d716a14b3463cf46e736c","family-85f33245ba7589a7ec72","scope_lookup","after_close","named_end","nonce","not_dispatched","Response status: not_dispatched","","","","false","false","false","","","",""
"75c670f5f75430ec5c15e9ccf577d3e26440226f0788e0cbcb90fa522dad9e9b","family-26424f3e46400e918ad5","scope_lookup","after_close","typed_end","nonce","not_dispatched","Response status: not_dispatched","","","","false","false","false","","","",""
"75d95d2fc067243ce64c1b42f347a1d0824c32e99cbbcb86d7b39232f69086da","family-b5f5cbc81ad77e199fa2","scope_lookup","after_close","generic_end","nonce","not_dispatched","Response status: not_dispatched","","","","false","false","false","","","",""
"75eaa658a40822d4bdd9b51f358b38a08c2f7ee94b8c9350d28e5ba7d50d22d2","family-f9acda05511dc179e7bc","scope_lookup","after_close","generic_end","nonce","not_dispatched","Response status: not_dispatched","","","","false","false","false","","","",""
"75f07b376b87e0c09f3c0a1d0f7e71c5bdb331787deafa4b4a1aed1d9cda8be7","family-21b2b004974640e420be","scope_lookup","after_close","generic_end","natural","not_dispatched","Response status: not_dispatched","","","","false","false","false","","","",""
"76009917976a105248c6e635040ba068f1a818a0f866c037eb7abaaf740f485e","family-9a33a41793445f3ab44a","scope_lookup","after_close","braces","natural","not_dispatched","Response status: not_dispatched","","","","false","false","false","","","",""
"76079efc4e5f99bcc3d9d61ac4702d407a4456e64ce164cdb067b7e501743d4a","family-08c52b86fbe08975e453","scope_lookup","after_close","named_end","natural","wrong_answer","Expected 7949; received 9981","","","","true","true","true","","","",""
"760c4ccb084603c752ecaf65c60d2eb2d0b7f9865bb57a89825a0613cb46a55e","family-a67f94e51bc258654d99","scope_lookup","after_close","padded_end","natural","not_dispatched","Response status: not_dispatched","","","","false","false","false","","","",""
"760e28a15cb3bb663541703fa0b2b251c5962cc9c3f2e8d81b38fc9eb46ce73f","family-0553395a4573d2904b4c","scope_lookup","after_close","typed_end","nonce","wrong_answer","Expected 3471; received 6474","","","","true","true","true","","","",""
"763a5bf4414a40e3438f38b394055d4c790be83397f2fd1c0a6f7404017ae2e6","family-ad42e2d8dffbd5ea2a89","scope_lookup","after_close","typed_end","nonce","not_dispatched","Response status: not_dispatched","","","","false","false","false","","","",""
"763eb41389b2308d43a1ff3752188aafec4eca8c9a343d70bf1a32b44141b04c","family-2ba1fc2994984a55b06d","scope_lookup","after_close","named_end","natural","not_dispatched","Response status: not_dispatched","","","","false","false","false","","","",""
"7654896bff9bc58ceb8756fd92905c00c56fb8608a9cabb80251baa880f7bb8c","family-2ecd8dcf917c14af12c2","scope_lookup","after_close","typed_end","natural","not_dispatched","Response status: not_dispatched","","","","false","false","false","","","",""
"765ca963da320dafbeb4937ec5fe15c85f07cde182d15ba82e16a10edc2805c0","family-0acf2d0f70648c07f8ce","scope_lookup","after_close","generic_end","nonce","not_dispatched","Response status: not_dispatched","","","","false","false","false","","","",""
"7666b5ef8ee91b87e6d5b21b5e67991fc0c75defe75377920372586673509c06","family-ee26d9b9847840e2c0b2","scope_lookup","after_close","named_end","natural","not_dispatched","Response status: not_dispatched","","","","false","false","false","","","",""
"76994fe8df467437abf9f83daca79da4b05de1ebf2c295945b0c57b7f1096022","family-943c646e5fd26ceba388","scope_lookup","after_close","padded_end","natural","wrong_answer","Expected 7026; received 1356","","","","true","true","true","","","",""
"76a44ec58ac2fb044a343954c9d0e1f586dbacdc367b8073b20531c0bd08e656","family-81b5c1c97e7277175b1f","scope_lookup","after_close","generic_end","natural","not_dispatched","Response status: not_dispatched","","","","false","false","false","","","",""
"76a601b8323f50556e7f22d33f77903ce37e1e0683b41fb81f594755380fcf79","family-ae4e037228e90a31f7a3","scope_lookup","after_close","padded_end","nonce","not_dispatched","Response status: not_dispatched","","","","false","false","false","","","",""
"76a6fe811ecda1793e58882db670dd888f8ea5c8a35a60f3004cc3be8a757949","family-97d643b383d36270df12","scope_lookup","after_close","typed_end","natural","not_dispatched","Response status: not_dispatched","","","","false","false","false","","","",""
"76ab46f9d56a440c4d548d6c9c346eb8c53721122a1b11e971a34fde79c139cd","family-a2ece4fbdba8feaddd6b","scope_lookup","after_close","typed_end","nonce","not_dispatched","Response status: not_dispatched","","","","false","false","false","","","",""
"76cca39228fc26578266e393b8567334e4f5f4ba80c08ef8144b4a10396b68d8","family-0eb3f9df620743533159","scope_lookup","after_close","generic_end","natural","not_dispatched","Response status: not_dispatched","","","","false","false","false","","","",""
"76d545e075344393c69bd77ee3dede94c7a50c4241fa70cc8aa79f7fc4fd9dfc","family-b3fbb8c02b86ad28311d","scope_lookup","after_close","braces","natural","not_dispatched","Response status: not_dispatched","","","","false","false","false","","","",""
"76d8bd248719cbcd458c8374a934038727577dad6fd8f1191ff7a6aa841cf5ff","family-40e8465255e9a32d9a35","scope_lookup","after_close","named_end","natural","not_dispatched","Response status: not_dispatched","","","","false","false","false","","","",""
"76de687e6e6f4c839c07bbf025baee5e969810d287dd0bc5652189f41f02ff67","family-592b147512bff6def49b","scope_lookup","after_close","named_end","nonce","not_dispatched","Response status: not_dispatched","","","","false","false","false","","","",""
"76ee3f1f1da63fc1fd2269aa68224f7166b84295774092df05440f58c7178251","family-cc273e9877adf84990a7","scope_lookup","after_close","braces","natural","not_dispatched","Response status: not_dispatched","","","","false","false","false","","","",""
"76fc17e53fd0c0962e99a4f008c26cfed3ef417503d3b16c091cca9805104204","family-99d58b7d7e77fb56cd14","scope_lookup","after_close","typed_end","nonce","not_dispatched","Response status: not_dispatched","","","","false","false","false","","","",""
"76fdf4fbd46a64536748a05cba337a6090ce7a82523d791adfb4691d43e7a550","family-8d5bfa027298888e3095","scope_lookup","after_close","named_end","natural","not_dispatched","Response status: not_dispatched","","","","false","false","false","","","",""
"76ff44cb89bd62508e59bffba5aae820bdf80608af3c8add0bc0fe58abbf5dfb","family-9676a7d943289ba56928","scope_lookup","after_close","named_end","nonce","not_dispatched","Response status: not_dispatched","","","","false","false","false","","","",""
"770de7068103e408827237e6128ee0bd701fbbef473b39e8d6177d1725201142","family-2637168633a8a5fd7957","scope_lookup","after_close","typed_end","nonce","not_dispatched","Response status: not_dispatched","","","","false","false","false","","","",""
"771850f91053b351ddb3c2aa8fc3882228d00618914250e0dc056f48fb7c6078","family-85066ac232eae9818a46","scope_lookup","after_close","named_end","natural","not_dispatched","Response status: not_dispatched","","","","false","false","false","","","",""
"772d442a469108f7564168a02d30e85b14a8eb8302f28320d3bcdbbf78b164ad","family-c2696942e1a1e990f379","scope_lookup","after_close","generic_end","nonce","not_dispatched","Response status: not_dispatched","","","","false","false","false","","","",""
"77518ea8b0aa9a402ac65adb8d2a3d58d83f49d7f45596e26b6fc24aebedeaee","family-cc273e9877adf84990a7","scope_lookup","after_close","padded_end","natural","not_dispatched","Response status: not_dispatched","","","","false","false","false","","","",""
"77753d9a8db507be700907a7a6e0c2cc75731008fd9f95da5245f08e56e03fef","family-3a4e624b70f18f4ce5ce","scope_lookup","after_close","named_end","natural","wrong_answer","Expected 8345; received 1283","","","","true","true","true","","","",""
"77c7ebb20391c98e49fa8606c806a44da900b8bd1ef03d96993e68e73883e18f","family-c40d8d6e3375c4e86995","scope_lookup","after_close","typed_end","natural","not_dispatched","Response status: not_dispatched","","","","false","false","false","","","",""
"77d044a33a9acb990adc69cd23ac434cbecdf1c0c5df19c826bf3a6bec923ad4","family-11b86705ec9ee34e87c5","scope_lookup","after_close","braces","nonce","not_dispatched","Response status: not_dispatched","","","","false","false","false","","","",""
"77d33cd2b93286599aebddcabb9c90a2ce3628d9d6a00592e7e6f69ade528f40","family-829103e7b348846aba6b","scope_lookup","after_close","braces","natural","not_dispatched","Response status: not_dispatched","","","","false","false","false","","","",""
"77d48f364883a148b2f471e6520bf500f83189c79cc32e0016fdedf6d86f081c","family-26424f3e46400e918ad5","scope_lookup","after_close","braces","natural","not_dispatched","Response status: not_dispatched","","","","false","false","false","","","",""
"77f10234bcb84c1f448f7d7395670ea0281ea95dbf4b335931ba38b775e6fd0f","family-37e71f85dfa4b5415e42","scope_lookup","after_close","braces","nonce","not_dispatched","Response status: not_dispatched","","","","false","false","false","","","",""
"780d7caf3b55e03cc1c2370d0612d8d17020d662e9b4869824ba63c813f62064","family-dac8e1db247fbe653c51","scope_lookup","after_close","named_end","natural","not_dispatched","Response status: not_dispatched","","","","false","false","false","","","",""
"781255676b152519b0b67661aa37e4df16c92eac98af62a40d3b8b7fbea73d58","family-93d892d460906fd39f72","scope_lookup","after_close","padded_end","nonce","not_dispatched","Response status: not_dispatched","","","","false","false","false","","","",""
"7832945dc45055801810d5955c84751650d2f1e04dadaffe12ee6a3ed5cdeb4e","family-18871ae37697b4a460fe","scope_lookup","after_close","generic_end","nonce","not_dispatched","Response status: not_dispatched","","","","false","false","false","","","",""
"783d84a0fbe40a3d183a8eef093a985aac55c49fbcb36e4f5bb665d76836bd47","family-9c1e8beef9210ff51d2f","scope_lookup","after_close","braces","natural","wrong_answer","Expected 4849; received 4157","","","","true","true","true","","","",""
"7861f237b4e17ff398078d053dabf1fdb402058279f85953d5042c73cd84faa6","family-c7a95e91aa8a5e964ef1","scope_lookup","after_close","braces","nonce","wrong_answer","Expected 8058; received 6355","","","","true","true","true","","","",""
"78b23a0d6d237cd39f94cc0dc06647c0779a2aa9b15003593a60ef1f9c78a1a0","family-9b8621ec48603358539d","scope_lookup","after_close","braces","natural","not_dispatched","Response status: not_dispatched","","","","false","false","false","","","",""
"78b932f5163b88ec143e0119fd2f1a05f87172e54cd2b6a38624ef3078665936","family-ae1b4ec6df96fb4b7a32","scope_lookup","after_close","generic_end","natural","not_dispatched","Response status: not_dispatched","","","","false","false","false","","","",""
"78d0ddfc562466dc016e011558f8f884cf6e0c1b7d6ad7f56c6a62c17bb6b972","family-e7e829d4356ce7aa43c2","scope_lookup","after_close","generic_end","natural","api_rejected","Response status: api_rejected","","","","false","true","true","","","",""
"78d8930169a43431af9320eed04dbd5e8205777a97d0a4b937228176fb89b447","family-18871ae37697b4a460fe","scope_lookup","after_close","named_end","nonce","not_dispatched","Response status: not_dispatched","","","","false","false","false","","","",""
"78dd0f019415fd0d56e967440b269dcd2827e9ff695882e958052cc3e319280f","family-66e8267de10ae2e904ab","scope_lookup","after_close","braces","nonce","wrong_answer","Expected 7950; received 3456","","","","true","true","true","","","",""
"78dfa197153619fde02c5dcc1f2b778d4e7e41d400db18b1d8db1075337ce5c4","family-5505ccb9d7b4d5cf9fa6","scope_lookup","after_close","named_end","natural","not_dispatched","Response status: not_dispatched","","","","false","false","false","","","",""
"79444e537759405392affeb62f6b0ed6105faaf2a3becbe82121a7a9ab94264f","family-f13778db5d945766e013","scope_lookup","after_close","typed_end","natural","not_dispatched","Response status: not_dispatched","","","","false","false","false","","","",""
"794dd8e508e7d823d6f71e54a83569d2e9ce591e452973daca306283facbf13e","family-130bfd53f821d0de9f25","scope_lookup","after_close","typed_end","natural","not_dispatched","Response status: not_dispatched","","","","false","false","false","","","",""
"7952c422637f23cb33c675e724b1b16b3c679a06739fd6fc24a44917537b45cf","family-dd63645388b6be942096","scope_lookup","after_close","generic_end","nonce","not_dispatched","Response status: not_dispatched","","","","false","false","false","","","",""
"79569ebb7aed63eebc9303f030e90f0b96633651e91c103053e96929f78d1d91","family-ff162c61e24aad4247f3","scope_lookup","after_close","padded_end","natural","not_dispatched","Response status: not_dispatched","","","","false","false","false","","","",""
"79696a815ea3a72688bb47549665702a02b7d0af45e637195a05715562e66302","family-cc6d2196d5575c5c3662","scope_lookup","after_close","typed_end","nonce","not_dispatched","Response status: not_dispatched","","","","false","false","false","","","",""
"796ebe6155d5cf6db83ee68961da3d1c5edbbe1fe749d6a387751c3b26526e60","family-39b34286e97d73941dae","scope_lookup","after_close","named_end","nonce","not_dispatched","Response status: not_dispatched","","","","false","false","false","","","",""
"798407bd202713b72053a47a6f04891edb0571aeb66907336f65dec6468338d8","family-7e7292c1f798ebb57a6f","scope_lookup","after_close","braces","nonce","wrong_answer","Expected 8626; received 7946","","","","true","true","true","","","",""
"79c85a3a970b40f0fb9d88aa9e8095fc32d640aecbe920b5a14f572464039dd9","family-c27c04681a7543f0c625","scope_lookup","after_close","braces","nonce","wrong_answer","Expected 4612; received 1097","","","","true","true","true","","","",""
"79f2c98503addf7ffcf34c0380003fa34702f1d214ec07a3f90ba02c9517f00c","family-11b86705ec9ee34e87c5","scope_lookup","after_close","padded_end","nonce","not_dispatched","Response status: not_dispatched","","","","false","false","false","","","",""
"79f33a5e97930c87f12cbd9a178328d46cce3749b2213ca1632444318eb1b36b","family-750b447a22b873db6093","scope_lookup","after_close","padded_end","natural","not_dispatched","Response status: not_dispatched","","","","false","false","false","","","",""
"79ff69d8b312c50ad36388d69882a68e7bcedd2e874d5fd512489634213213ba","family-68a86497b058a64904a6","scope_lookup","after_close","generic_end","nonce","not_dispatched","Response status: not_dispatched","","","","false","false","false","","","",""
"7a10d3b63b626816faf8c1cdfdc199c9761a20e115192f9d131a519fcd10ad7c","family-1200bd38534b72a0da70","scope_lookup","after_close","named_end","natural","not_dispatched","Response status: not_dispatched","","","","false","false","false","","","",""
"7a24edaa5503aa0335f1b27290ddc061c6d320292d8a100035157467bf41c386","family-11cf59caaf680b0c7817","scope_lookup","after_close","named_end","natural","not_dispatched","Response status: not_dispatched","","","","false","false","false","","","",""
"7a28e9f67451a2ad2d5ae5d6fb48b30ba8ef88bb27e6d0fb3982d104f10b4da2","family-03aa7a8a99449bfa4db5","scope_lookup","after_close","named_end","nonce","not_dispatched","Response status: not_dispatched","","","","false","false","false","","","",""
"7a42af8912812928aecb43cc83c7dd1b3d2bcb338016b48f256d27b4814b63a1","family-4d4c317eefd692ca0ede","scope_lookup","after_close","typed_end","natural","not_dispatched","Response status: not_dispatched","","","","false","false","false","","","",""
"7a62dedc3236ac41299b7e008347b555e102a37d393985040a1774b4e7f1a5a5","family-eb504ae7ef65139530b7","scope_lookup","after_close","typed_end","natural","not_dispatched","Response status: not_dispatched","","","","false","false","false","","","",""
"7a6a68bb22638c7503e9819c6e2bdc43c7c5106e47a94e251d87ab1f94203c1b","family-3733567e5455c0ae1719","scope_lookup","after_close","braces","nonce","wrong_answer","Expected 9994; received 2050","","","","true","true","true","","","",""
"7a8122b4fa4a9a7ce1c2e8c8a68fff91f2426bdf036bb0e03d1e8725922cfcd7","family-66ab467dacdd8e81b06b","scope_lookup","after_close","generic_end","nonce","not_dispatched","Response status: not_dispatched","","","","false","false","false","","","",""
"7abd90c34143228a79b5ac5d6ab0a8a5de674e78e4ebd205fda3f5b6b41bd75c","family-0a5d21387c431fa11a72","scope_lookup","after_close","typed_end","nonce","not_dispatched","Response status: not_dispatched","","","","false","false","false","","","",""
"7ad2cbf361cfbdfcf8393c312acf05d4072c7ef041930d2f5f07785701670856","family-4b6c2e38351ea351c486","scope_lookup","after_close","padded_end","natural","not_dispatched","Response status: not_dispatched","","","","false","false","false","","","",""
"7b143c05f8d7b7463c18dff83f1551bbe0f0e21a0e7773b658ab4e4aaa61510f","family-2d4ca203b12edfb77065","scope_lookup","after_close","typed_end","nonce","not_dispatched","Response status: not_dispatched","","","","false","false","false","","","",""
"7b24321442cca38d317dfd162642cad55b87aa253e34eb9cc171360edfdab7ee","family-d5126bc6627b66b4a0d3","scope_lookup","after_close","braces","natural","not_dispatched","Response status: not_dispatched","","","","false","false","false","","","",""
"7b30f5bd4295c6cb68ab34c52c5319adcc7c6045425340f59d9fda12c8a06b3f","family-68fcc1c9f5945998c0cb","scope_lookup","after_close","named_end","natural","api_rejected","Response status: api_rejected","","","","false","true","true","","","",""
"7b405f29b1931af759f2b031884caf55269d6a68e171574550c5cefa0b1d9bb9","family-6df28d40bfe0615debdc","scope_lookup","after_close","named_end","nonce","not_dispatched","Response status: not_dispatched","","","","false","false","false","","","",""
"7b5272df11391d10258e5db252ca788d4af3edbed75a824d6f26918b3bddbd05","family-4f22130af5b4eb982150","scope_lookup","after_close","named_end","natural","not_dispatched","Response status: not_dispatched","","","","false","false","false","","","",""
"7b7a1a9f6d470a43df0e76222ccda003f832b717fc95f06dee33bbaac6542618","family-b04e693befb371d76c76","scope_lookup","after_close","typed_end","natural","not_dispatched","Response status: not_dispatched","","","","false","false","false","","","",""
"7b83230252bf0d2b771d0451ec129b0dd469749fef72fda54e1522ec10cb7da0","family-4f22130af5b4eb982150","scope_lookup","after_close","braces","nonce","not_dispatched","Response status: not_dispatched","","","","false","false","false","","","",""
"7b842720171ded80c157f8c640ea191f021a76880ccee01d80cca9e32ea1fab8","family-e29b5f4538e67d7e4ec0","scope_lookup","after_close","named_end","natural","not_dispatched","Response status: not_dispatched","","","","false","false","false","","","",""
"7b9423466241b301f4baac07137d7842ba78fb9d9895950eb123b772497de788","family-502a612c7b5f388e0842","scope_lookup","after_close","named_end","natural","not_dispatched","Response status: not_dispatched","","","","false","false","false","","","",""
"7ba90e611164b8c1ce8a5e1ee431f95cd64c010c1cfb4d68d76df6cecf8b322c","family-852eb252bf8a03fa0f54","scope_lookup","after_close","braces","natural","not_dispatched","Response status: not_dispatched","","","","false","false","false","","","",""
"7bd19662609c465fa11d56cb6ca9bef57210b1086f816d23c7256f8dab10b8a5","family-d5387a27f98b64653076","scope_lookup","after_close","typed_end","natural","wrong_answer","Expected 4846; received 8446","","","","true","true","true","","","",""
"7bd4c5ba4286e01ebbc85eb15bfb9424b59f1cd4de60686a6a80024dbbdad4d6","family-5bc4827b73eaee9e064b","scope_lookup","after_close","named_end","natural","wrong_answer","Expected 3310; received 7759","","","","true","true","true","","","",""
"7be3eae60db1c02ea97f6d4eeae965b610744264d47659a1b0a1dc4483ce93f1","family-f9e89108d82d4ba4602c","scope_lookup","after_close","generic_end","natural","not_dispatched","Response status: not_dispatched","","","","false","false","false","","","",""
"7c00d860f22f8c92f6af0ed23c9585515d4c1574426e6fb020361c7c2748a7ff","family-b47dfd60e0b99470e408","scope_lookup","after_close","generic_end","nonce","wrong_answer","Expected 9063; received 7670","","","","true","true","true","","","",""
"7c012ad48cbfee81e2a57bb2e986874bdce02423866b107a2d681dfa4868e6c1","family-be7d9f50059865014983","scope_lookup","after_close","padded_end","nonce","not_dispatched","Response status: not_dispatched","","","","false","false","false","","","",""
"7c01591e6c98beb20d5d80e9207081046457a40fe2872ee3f44c700f516bb1bd","family-5b27bba163c307118a9b","scope_lookup","after_close","braces","nonce","wrong_answer","Expected 1653; received 8086","","","","true","true","true","","","",""
"7c09571bb11562185b6373290741769b747aecd3dbfd6303744b053a8cb657da","family-580cadd5fc56726c6b8b","scope_lookup","after_close","named_end","natural","wrong_answer","Expected 6065; received 1903","","","","true","true","true","","","",""
"7c170653f791603738587b26b59690a403836df0d67e4cc555ab62e77c6b2e85","family-aa32c06aefe0097b5d71","scope_lookup","after_close","named_end","nonce","not_dispatched","Response status: not_dispatched","","","","false","false","false","","","",""
"7c1bbf25fdf6db93152460e7f16394a1f1d45aa974972776d47059aabf825909","family-9d6e50e771e053fd4b63","scope_lookup","after_close","typed_end","natural","not_dispatched","Response status: not_dispatched","","","","false","false","false","","","",""
"7c290c13a08f978ed0e2ffa3ec69d532180c55e0d9971be90ae760ef96dbac4a","family-a3756c322259c6e89966","scope_lookup","after_close","typed_end","natural","not_dispatched","Response status: not_dispatched","","","","false","false","false","","","",""
"7c29d46bafe2fd696bbc850cf85f21dc1b46a29a348d91b87ff7f782babcebd1","family-d86315f276987eaa7332","scope_lookup","after_close","typed_end","natural","wrong_answer","Expected 5186; received 2219","","","","true","true","true","","","",""
"7c405999180acd6ceb5bd0517cf5f5c7ebf9f7ea49a1e26d3d554eb6365d9aab","family-bb74c2c8f2e292c33a1f","scope_lookup","after_close","braces","natural","not_dispatched","Response status: not_dispatched","","","","false","false","false","","","",""
"7c4c286aababdc4c05d7e93363f5cd6271a880e522ccdfee18149129e6fa984c","family-ae1b4ec6df96fb4b7a32","scope_lookup","after_close","braces","natural","not_dispatched","Response status: not_dispatched","","","","false","false","false","","","",""
"7c735af50239090d3ce89d09e6d3c7004fd545eb4342b9d2deba693e0d92946d","family-35072a31b6134c8f283b","scope_lookup","after_close","generic_end","natural","not_dispatched","Response status: not_dispatched","","","","false","false","false","","","",""
"7c740bee6d7f2d8d22bcf6d0381d0346b5ccfcdf88e426f0c92325d2e990ee01","family-fb85b657ca85ca0c01d2","scope_lookup","after_close","generic_end","natural","wrong_answer","Expected 6019; received 2700","","","","true","true","true","","","",""
"7c997e936a94b71b026808a3ea64d8728a9e1831f3903877c6cbb7c21328170f","family-c30589a166aa1f1ae939","scope_lookup","after_close","braces","nonce","wrong_answer","Expected 4046; received 3848","","","","true","true","true","","","",""
"7ca387635f865c6ba19b6ca620918f9751f259a29a5cf5c26edb5cad35f17a43","family-d0258380e6658a97ff75","scope_lookup","after_close","named_end","natural","wrong_answer","Expected 6674; received 5479","","","","true","true","true","","","",""
"7cebe3c127d20fb7911f592592737de568cc1da8a5547e01606211cb1988232a","family-d548c5f900182242bf0c","scope_lookup","after_close","padded_end","nonce","not_dispatched","Response status: not_dispatched","","","","false","false","false","","","",""
"7d0ea4e678c37b52d18a86b98269943c5433365756064e864d09526f5f335709","family-243eb03802ed1e0be805","scope_lookup","after_close","braces","natural","not_dispatched","Response status: not_dispatched","","","","false","false","false","","","",""
"7d102fed99179300c5604135ae115e699409367963f6d793ff20ad5d21e47cd1","family-03aa7a8a99449bfa4db5","scope_lookup","after_close","braces","nonce","not_dispatched","Response status: not_dispatched","","","","false","false","false","","","",""
"7d368fa720894334100d9b2c17e106aa72e9f111e897fb998af7e47aa4a2b081","family-4658eeed1046c7a0d6b5","scope_lookup","after_close","typed_end","natural","not_dispatched","Response status: not_dispatched","","","","false","false","false","","","",""
"7d49617e8a509ebeebe19ffccc66463bbaf8b70a7dec8668fbe5a922b5ecaca0","family-a2e4fc9b48f060baaad8","scope_lookup","after_close","named_end","nonce","not_dispatched","Response status: not_dispatched","","","","false","false","false","","","",""
"7d57087d84e9809265b6ae7ac6befeab721c17dece81c9b094dddbc035c0b769","family-ee26d9b9847840e2c0b2","scope_lookup","after_close","padded_end","natural","not_dispatched","Response status: not_dispatched","","","","false","false","false","","","",""
"7d7d09fa5e023363f3784a1f3d3481cd7b1543128521f059c3ef9c756c857487","family-13b66982c7378039b53f","scope_lookup","after_close","generic_end","natural","not_dispatched","Response status: not_dispatched","","","","false","false","false","","","",""
"7d81cfc634a1e5eac7bd4c349573170e4e7b996b81970c3cac1792b520885063","family-791d8e7050a732628f6a","scope_lookup","after_close","named_end","natural","not_dispatched","Response status: not_dispatched","","","","false","false","false","","","",""
"7d9d18e1617a3fb1b88a4cc5ed28214f2a0d3d0278b74ecf21bf573cfb216a09","family-6ea5c2c3bdd3c9b20d4b","scope_lookup","after_close","padded_end","natural","not_dispatched","Response status: not_dispatched","","","","false","false","false","","","",""
"7dbbc1ff1b5084b7a546c40b2de9db8a7c0be6aca7c21961407044b5d6c3f9e1","family-db2d2997d96595927d22","scope_lookup","after_close","padded_end","natural","not_dispatched","Response status: not_dispatched","","","","false","false","false","","","",""
"7dd4d45987714b90630db84072ba92acda90a73a3dc05a2f4c1a2aaa51264143","family-54c1e48a5e373dac734c","scope_lookup","after_close","padded_end","nonce","not_dispatched","Response status: not_dispatched","","","","false","false","false","","","",""
"7ded32f32fe52761f37fe309a707303852269f7b01f384f0ab59e86162e18217","family-88d674c755828117bb4b","scope_lookup","after_close","braces","natural","not_dispatched","Response status: not_dispatched","","","","false","false","false","","","",""
"7df42c563ad5bc32189eb5a0e6b3c831337ab44754c3613037c14232203a3652","family-b04e693befb371d76c76","scope_lookup","after_close","padded_end","natural","not_dispatched","Response status: not_dispatched","","","","false","false","false","","","",""
"7df77d3c619c63cd6cfd4760dfbb0e54e20e86d51ee4f0c942a65e9f45362ef9","family-a314d3de007bcf14f176","scope_lookup","after_close","padded_end","natural","not_dispatched","Response status: not_dispatched","","","","false","false","false","","","",""
"7e034d334f6c5ca0e7dc094497d29dd84a42fe275fe94946485873d7eb1932c0","family-5b63e686107fdc9456ad","scope_lookup","after_close","generic_end","nonce","not_dispatched","Response status: not_dispatched","","","","false","false","false","","","",""
"7e37006bce9828d95cc78a2c67fb4d0f42e8d13467cf030fff28b8d090047ebc","family-d86315f276987eaa7332","scope_lookup","after_close","typed_end","nonce","not_dispatched","Response status: not_dispatched","","","","false","false","false","","","",""
"7e45c610a531af36b8e41d7faab782ebcef673c0e640cfa032a4fdcb345583a7","family-c40d8d6e3375c4e86995","scope_lookup","after_close","named_end","nonce","not_dispatched","Response status: not_dispatched","","","","false","false","false","","","",""
"7e6584855fe17092973974f17ff0c1cb31aaa3a793ba64e942ecab6f6c456a5f","family-82f7c99871edfa451f94","scope_lookup","after_close","generic_end","natural","not_dispatched","Response status: not_dispatched","","","","false","false","false","","","",""
"7e6a2b29727c01b83b0d217c4bffe61c3746dd8eb1c4a41990b6f0ac9737098f","family-f3dd9c204daa74691d3b","scope_lookup","after_close","braces","natural","not_dispatched","Response status: not_dispatched","","","","false","false","false","","","",""
"7e745f18bc5897849922fe6b69500c708add308568fe72dd57e13277a0a561a0","family-c3f9452e889ae7c58a90","scope_lookup","after_close","typed_end","nonce","not_dispatched","Response status: not_dispatched","","","","false","false","false","","","",""
"7e74bec2e99c37c0260a1b797b7c85b88987ecf9b9b4023791b9f591580fc7a4","family-243eb03802ed1e0be805","scope_lookup","after_close","padded_end","natural","not_dispatched","Response status: not_dispatched","","","","false","false","false","","","",""
"7e9ddf40b76992aec4d0e0cba73244e6c385a59e3682dd1aa881e5994befac7b","family-a4a591075b53dba33cf8","scope_lookup","after_close","typed_end","nonce","not_dispatched","Response status: not_dispatched","","","","false","false","false","","","",""
"7ea5b117ab51f0ef1699bd8f7bae74a2ea53ff32947f64ff9f0a5d576de64db0","family-c7b024cb458a5cd8d45e","scope_lookup","after_close","named_end","nonce","not_dispatched","Response status: not_dispatched","","","","false","false","false","","","",""
"7ebcfd664d2c4489e71d6f88d8e6543b7193da919792ab9e144724142d9de2b0","family-12030a7214ba83d0a44e","scope_lookup","after_close","typed_end","nonce","not_dispatched","Response status: not_dispatched","","","","false","false","false","","","",""
"7ec3983aa8cdd7d6a78620b1948bb88e8b89c990ff689ae47b3ea87541438f65","family-68a86497b058a64904a6","scope_lookup","after_close","padded_end","nonce","not_dispatched","Response status: not_dispatched","","","","false","false","false","","","",""
"7ed38a5097422badabc2e495ae4d04ddf510d139b4d1bb5534f9b0432043fb9c","family-79e766a93eab7f966441","scope_lookup","after_close","braces","nonce","not_dispatched","Response status: not_dispatched","","","","false","false","false","","","",""
"7eebe33e05eaaaaa6810110a77adeec198cd65460218e4fe2104ac9dcc361305","family-c04f5b74646ddaeba01f","scope_lookup","after_close","braces","nonce","wrong_answer","Expected 1371; received 7746","","","","true","true","true","","","",""
"7f12e27f5fd7c27d6cfe943c8e92bc12402d0222cc7ee7f0d6ca6758d1377542","family-a2e4fc9b48f060baaad8","scope_lookup","after_close","typed_end","nonce","not_dispatched","Response status: not_dispatched","","","","false","false","false","","","",""
"7f3d55355bf9cec3ce10de771c639e1faf0de9cf949edfc3b5c8e5efd7c68b1e","family-21b2b004974640e420be","scope_lookup","after_close","braces","natural","not_dispatched","Response status: not_dispatched","","","","false","false","false","","","",""
"7f3db99ed28110055a271b6261719b52a458d4426fd79c0ce495959267c6b9c6","family-39cc5f35c08943b49cd0","scope_lookup","after_close","typed_end","nonce","not_dispatched","Response status: not_dispatched","","","","false","false","false","","","",""
"7f42d0c80745e04cab1f0ee60e595c1e7c263f2de4565377ded07a17b2bebeae","family-9beca0a5b011c108b8fe","scope_lookup","after_close","generic_end","nonce","not_dispatched","Response status: not_dispatched","","","","false","false","false","","","",""
"7f67e6c5d8623f4d02c66f5e8367258f3986fe5ba8839fef289e2bf4ccd7aa25","family-fe7ce9ac8c05ee3f6103","scope_lookup","after_close","padded_end","natural","not_dispatched","Response status: not_dispatched","","","","false","false","false","","","",""
"7f798b72cc1c4b49fcd95533522b1274a85eff4b4f84bbb973c3cc52612afd5b","family-68fcc1c9f5945998c0cb","scope_lookup","after_close","braces","natural","api_rejected","Response status: api_rejected","","","","false","true","true","","","",""
"7f924c951420502dd62c253a422d1ed8281ac3f1c383b1343e14b6f1f7e168f8","family-8ba864c7229e72b635fa","scope_lookup","after_close","braces","nonce","wrong_answer","Expected 6202; received 2347","","","","true","true","true","","","",""
"7f940ffde951b9cbc9e37a0262b5ce7b2bd47319ebcd7fbd8e27489330aa3469","family-54c1e48a5e373dac734c","scope_lookup","after_close","braces","natural","not_dispatched","Response status: not_dispatched","","","","false","false","false","","","",""
"7f9c2dbff72567c04a5b843d78da68c189e4efa834bdd2d33ec94e1bfce08c28","family-ff162c61e24aad4247f3","scope_lookup","after_close","named_end","natural","not_dispatched","Response status: not_dispatched","","","","false","false","false","","","",""
"7fb261e05070c5471e51706e80973ffbaeaef7d70e36615882fe0396f2827048","family-df29d07c01f82cafe8c6","scope_lookup","after_close","named_end","natural","wrong_answer","Expected 3080; received 8669","","","","true","true","true","","","",""
"7fcf9f4a3dcfc5f34e7ce72db093b48e39b98942df158dc39cc33a76143732af","family-d9dce3002672d6c101f7","scope_lookup","after_close","named_end","natural","not_dispatched","Response status: not_dispatched","","","","false","false","false","","","",""
"7fd2e9766a7779d00032a10c18b53cefd8bc37b9bfe746fb306f4b0db5f0c5be","family-b80ff48f070c0107ca5a","scope_lookup","after_close","typed_end","nonce","not_dispatched","Response status: not_dispatched","","","","false","false","false","","","",""
"7fd76d5483149ba5e589f06e8ae513738f3f0972a523257577a056373187ac53","family-26424f3e46400e918ad5","scope_lookup","after_close","padded_end","nonce","not_dispatched","Response status: not_dispatched","","","","false","false","false","","","",""
"802238b4d7be43a2ab48813f88ea24aa4bb477d00d4fbffdffbdf8e7d915ba08","family-50493ec470d72292f2f1","scope_lookup","after_close","braces","natural","not_dispatched","Response status: not_dispatched","","","","false","false","false","","","",""
"802cfd6418717d9329af0a9575a9c0b882538fdac58e5136831423da5df767fa","family-f9a76d59ee7a6cf3f7b1","scope_lookup","after_close","named_end","natural","not_dispatched","Response status: not_dispatched","","","","false","false","false","","","",""
"803f68c2f660cbcfb64823f4cd0eb979a3282331bfaacb6235761e7c2e72c8ff","family-117639ec340885b3ffc1","scope_lookup","after_close","named_end","nonce","not_dispatched","Response status: not_dispatched","","","","false","false","false","","","",""
"805f45d6ee8dd4f127665606164e54064d5d96847b68087e265b91789722aa2d","family-d20413898c9a91a666b1","scope_lookup","after_close","typed_end","natural","not_dispatched","Response status: not_dispatched","","","","false","false","false","","","",""
"80758a079d06f730866b570f89b19eba25f19bb6caf5c111d13198716aec010a","family-d86315f276987eaa7332","scope_lookup","after_close","generic_end","nonce","not_dispatched","Response status: not_dispatched","","","","false","false","false","","","",""
"808e560f77822706479277ae2e3bd0ee0ea9ad300909fb7a192828c83c970cae","family-e6c95f67787066ff838f","scope_lookup","after_close","generic_end","nonce","not_dispatched","Response status: not_dispatched","","","","false","false","false","","","",""
"809d6b2201507d396e7d669298ca1e10ea49500fe2a06034d107e1825802723b","family-ed05da2b0d9dd06af867","scope_lookup","after_close","generic_end","natural","wrong_answer","Expected 4263; received 7965","","","","true","true","true","","","",""
"80baec139930a0c9060b0f1deccd9e14045d30dc401b349d4d4f89b421e3ad0e","family-88d674c755828117bb4b","scope_lookup","after_close","typed_end","nonce","not_dispatched","Response status: not_dispatched","","","","false","false","false","","","",""
"80db1134f578b5ceb307a2f6166e0396a14f904eb192592e235ab977561cc6ad","family-425186a1327ddf3eb5ca","scope_lookup","after_close","typed_end","natural","not_dispatched","Response status: not_dispatched","","","","false","false","false","","","",""
"810f94f6e96b5c2b40b08d465765e57bd5f67eb7dbd6164f1dfcfaa7ad04874f","family-56378884ef7b40bfc27d","scope_lookup","after_close","named_end","nonce","not_dispatched","Response status: not_dispatched","","","","false","false","false","","","",""
"8113018d11415d4310ecfc033189dc5ee297c3682f8892efc17255f673146799","family-6bd2730ce8334ea9ef86","scope_lookup","after_close","padded_end","natural","not_dispatched","Response status: not_dispatched","","","","false","false","false","","","",""
"811dc44b18d0cc1a3341db5146716c039bff446db9d985d9c658a3b793edc162","family-d9dce3002672d6c101f7","scope_lookup","after_close","braces","natural","not_dispatched","Response status: not_dispatched","","","","false","false","false","","","",""
"814e63abee3022c5c1bdbf6d6525a490da54e41327698d5f3b490576c1c3b28f","family-b80ff48f070c0107ca5a","scope_lookup","after_close","padded_end","nonce","not_dispatched","Response status: not_dispatched","","","","false","false","false","","","",""
"814f9b0a27b3a57251311d1dce4b15fbd42a4851ef568ff8f6b6421bc617b461","family-4e24c4b756f53a42f700","scope_lookup","after_close","typed_end","nonce","not_dispatched","Response status: not_dispatched","","","","false","false","false","","","",""
"8168faa01fb1799546e46e427b2911f0953dc97e998df601ab15045add3a00b8","family-6e20618a04a8d6d4f550","scope_lookup","after_close","braces","natural","wrong_answer","Expected 2926; received 9073","","","","true","true","true","","","",""
"81a23e223f6e7e723a1fac56a1aca5d8bf935b11bac810fe414206807a05dd3c","family-1c5cd02f221964d951cf","scope_lookup","after_close","generic_end","natural","not_dispatched","Response status: not_dispatched","","","","false","false","false","","","",""
"81ad5871c3d1c1db6e8e69ab35e39e64ff748d7e97900f16eeb95c0dc881f1d0","family-2d405169f2af4e0021bd","scope_lookup","after_close","named_end","nonce","not_dispatched","Response status: not_dispatched","","","","false","false","false","","","",""
"81cef622c72160d1cc80951e7c31c297f30b1dfbcc6e5cc666c9cdd678d164af","family-1b275cdb1d9d6601a71b","scope_lookup","after_close","padded_end","nonce","not_dispatched","Response status: not_dispatched","","","","false","false","false","","","",""
"81e0d2b4614390d137eaae06c83f360d9a56291ccf7d38fe98d40b855204d597","family-4f0904011a45ae5592c4","scope_lookup","after_close","braces","nonce","not_dispatched","Response status: not_dispatched","","","","false","false","false","","","",""
"81e2d7147d5ff11af77e5aaeee358ac827258279bba87b18a2a78c56e6a8ddcb","family-8b035bce4ca204e57955","scope_lookup","after_close","braces","natural","not_dispatched","Response status: not_dispatched","","","","false","false","false","","","",""
"81ee4dca136ab6b8272a0defaddf0fc29ccbd2533a25fbed382f21b4aac11805","family-8de1019cd6cb55d42696","scope_lookup","after_close","named_end","natural","not_dispatched","Response status: not_dispatched","","","","false","false","false","","","",""
"81f23f4198c932af903f822a03fcc0e0c89854d83689057f24f5b73d80fcc0c6","family-a4b5c94983eec4913f23","scope_lookup","after_close","typed_end","natural","not_dispatched","Response status: not_dispatched","","","","false","false","false","","","",""
"821be5d357849c9680dc1e9df2aff87defa5aedda52fdabc958711adbd639384","family-f13778db5d945766e013","scope_lookup","after_close","generic_end","nonce","not_dispatched","Response status: not_dispatched","","","","false","false","false","","","",""
"82338c452bd161b5b8c84ac553e12eed5eb900087f6ddd3445a831f14e2d0556","family-a687b9583e025493e18e","scope_lookup","after_close","generic_end","nonce","not_dispatched","Response status: not_dispatched","","","","false","false","false","","","",""
"82417575cbc7e6b6490072deadd477ce558e4a4321f08c6dc156f2717cbe46a3","family-24f14ad02f9d79d4e6f7","scope_lookup","after_close","braces","natural","not_dispatched","Response status: not_dispatched","","","","false","false","false","","","",""
"824d84a5ec6c179de1d515e6f389ab8ccf92e514dedfbf45b878dc43a1b6bbaf","family-dfbce2959dabc0ed1bd1","scope_lookup","after_close","braces","nonce","wrong_answer","Expected 4598; received 2027","","","","true","true","true","","","",""
"825dea485de5ed5b7ce389ebb05f4968c9e98598d8056e4fcf10b8d191cd494d","family-f9196425b0fb748978de","scope_lookup","after_close","named_end","natural","not_dispatched","Response status: not_dispatched","","","","false","false","false","","","",""
"82838813949c3b6cad5641f64cf2422a3389840bf74edcdb111bf196882d4bd2","family-f5daf0fe2889473ae782","scope_lookup","after_close","braces","nonce","not_dispatched","Response status: not_dispatched","","","","false","false","false","","","",""
"82904ad08d7e346c14eb25d79967e68fa68b7fb169295eb427b66697ff3114e8","family-70cd10ee4ac475b1c2cf","scope_lookup","after_close","named_end","natural","not_dispatched","Response status: not_dispatched","","","","false","false","false","","","",""
"82c7485abffa7fb733a3257bcbd2636ba422e3487dd8c50d05204b119fc86a5b","family-0bb91de880bf72a9b291","scope_lookup","after_close","typed_end","nonce","not_dispatched","Response status: not_dispatched","","","","false","false","false","","","",""
"82cc6c24fe1efdfeb433c56233e9c0eebae7ceb484db5c4b7060101629b92c09","family-395a36ccb45429d15df5","scope_lookup","after_close","padded_end","natural","wrong_answer","Expected 7169; received 8878","","","","true","true","true","","","",""
"82d39b102358127e02d20f6ce19a2faee9a7c17e95fd8fbcd899aee9d5fa25bd","family-ce9db8827c2d4c2b2d7f","scope_lookup","after_close","typed_end","natural","not_dispatched","Response status: not_dispatched","","","","false","false","false","","","",""
"82d7f1d9cb8d6fb988c55fa157496368bae56787fba8e273fefba128fc4af99e","family-8d7855852b7553d710fb","scope_lookup","after_close","padded_end","nonce","not_dispatched","Response status: not_dispatched","","","","false","false","false","","","",""
"82e781466f37f2f94610930ef6a3b0a19152b9a87b4caf286974f493280d0d27","family-f9e89108d82d4ba4602c","scope_lookup","after_close","braces","natural","not_dispatched","Response status: not_dispatched","","","","false","false","false","","","",""
"82edcf13cebaf4c1241f988ac37c01e47e07b25ab34611836aba7b9c74f05186","family-60e6b994a57cd0667b2a","scope_lookup","after_close","generic_end","nonce","not_dispatched","Response status: not_dispatched","","","","false","false","false","","","",""
"82fe774f3c45d0edc280776e2f1ef018e38103e5498a03233f7fbc7ced264914","family-29b1a41423991f061c26","scope_lookup","after_close","padded_end","nonce","not_dispatched","Response status: not_dispatched","","","","false","false","false","","","",""
"83104ae9d5b11e9e6fde9432193e069330c80b9fa913aa43c7f3f4a508115cc4","family-2ecd8dcf917c14af12c2","scope_lookup","after_close","named_end","natural","not_dispatched","Response status: not_dispatched","","","","false","false","false","","","",""
"83369bbadb42152e84d9db81b7d70ea3d607a4ff85d52063dbbe578147eed5a9","family-37e71f85dfa4b5415e42","scope_lookup","after_close","typed_end","nonce","not_dispatched","Response status: not_dispatched","","","","false","false","false","","","",""
"83857731f29b19552592da10782c13f544f108de8cb356f6fcb94be1e1183b02","family-b3fbb8c02b86ad28311d","scope_lookup","after_close","padded_end","natural","not_dispatched","Response status: not_dispatched","","","","false","false","false","","","",""
"838813e67c5d2cbe543e26b267872d9b624d91896219b1a6db137ad3fe695cfa","family-2d4ca203b12edfb77065","scope_lookup","after_close","named_end","nonce","not_dispatched","Response status: not_dispatched","","","","false","false","false","","","",""
"83ac1030a6c286c26314109a076da65e0ebeca582f37ecb5f6795f20caea1cf5","family-93d892d460906fd39f72","scope_lookup","after_close","named_end","nonce","not_dispatched","Response status: not_dispatched","","","","false","false","false","","","",""
"83acfc55dcf543070faabe4932ce598be57fcfa80a46296b7b75df46c824034f","family-11cf59caaf680b0c7817","scope_lookup","after_close","padded_end","natural","not_dispatched","Response status: not_dispatched","","","","false","false","false","","","",""
"83cc1889884c76fb3466a2b824dc1d24282514bcbba0b4cbc19ffa418c83cfdb","family-47a815662d4bac370f57","scope_lookup","after_close","named_end","nonce","not_dispatched","Response status: not_dispatched","","","","false","false","false","","","",""
"843d783fc3f2d8f7a0c94f124d7857c5a3447728dd8534ababe470524bb65461","family-12406704a3b5d2f6a2ec","scope_lookup","after_close","named_end","natural","not_dispatched","Response status: not_dispatched","","","","false","false","false","","","",""
"843fa4469656a41b03fec46e4aa6aaff1db1be2a129e7688e78d93ab238ffe79","family-9651f0409341bdf5680a","scope_lookup","after_close","typed_end","natural","not_dispatched","Response status: not_dispatched","","","","false","false","false","","","",""
"84442ad750a9b7e03ca0364cfad42fa6e79ce00106fa5dce16cedcbb39f1bded","family-12030a7214ba83d0a44e","scope_lookup","after_close","braces","natural","not_dispatched","Response status: not_dispatched","","","","false","false","false","","","",""
"844dcca184ebe1c14540654c9f107108a00d3000d98df92a2f66d2fe8f480144","family-5505ccb9d7b4d5cf9fa6","scope_lookup","after_close","named_end","nonce","not_dispatched","Response status: not_dispatched","","","","false","false","false","","","",""
"848b0d5279ca260ced6e40d40a57dca5a9a8ddb174f43d42c1075cd35df4efdb","family-3e04b47f55388c0d1b5c","scope_lookup","after_close","generic_end","natural","not_dispatched","Response status: not_dispatched","","","","false","false","false","","","",""
"84f0d3418ff6869f043892a4fe6ce660df890a70239a5a84ebcc4661290b0cf1","family-5692f376b50f8b4c637c","scope_lookup","after_close","typed_end","natural","not_dispatched","Response status: not_dispatched","","","","false","false","false","","","",""
"8500574b6c20b01d135929f1f6db16db371c230debbb9c645185f45709f44450","family-5c997bd355cb5e8abf68","scope_lookup","after_close","padded_end","natural","not_dispatched","Response status: not_dispatched","","","","false","false","false","","","",""
"8508f6fd76c5c87ef3d5bf9e4af5db219ca0dcf54ad444d4a23dcbfd8419c6b3","family-99d58b7d7e77fb56cd14","scope_lookup","after_close","typed_end","natural","not_dispatched","Response status: not_dispatched","","","","false","false","false","","","",""
"850d34608f4ea81ca33895e6b58fdc6edf47cc5861af15a5fb668e285e5509be","family-8fe24f3228b7eb77ed3b","scope_lookup","after_close","generic_end","nonce","not_dispatched","Response status: not_dispatched","","","","false","false","false","","","",""
"853fa5c38dbbf004da575ccc33d2f5d6457de1b4dc1775c22b30deb572df9ea4","family-cfe057988f5fb8c98a68","scope_lookup","after_close","generic_end","nonce","wrong_answer","Expected 1926; received 1578","","","","true","true","true","","","",""
"855b020f986b11c27c7cf9f3461242798f0a9efb7d0dbbf7bddce9146fd32bb6","family-4384a2dab386bf8681ee","scope_lookup","after_close","typed_end","nonce","wrong_answer","Expected 1247; received 8354","","","","true","true","true","","","",""
"8592c625574220f4d674fc1d6f8afc21621f16e20002c66405b5e48f13a553a8","family-93d892d460906fd39f72","scope_lookup","after_close","generic_end","natural","not_dispatched","Response status: not_dispatched","","","","false","false","false","","","",""
"8596b82ccf8ee6aca9d6d53ec0039ec91025a6297a48b2844f3186fdfa6e3354","family-cc273e9877adf84990a7","scope_lookup","after_close","named_end","nonce","not_dispatched","Response status: not_dispatched","","","","false","false","false","","","",""
"85976c6568da90fbb8cdb95a37540c49f52c5cf7e8802ce812eef2315ffe627c","family-c30589a166aa1f1ae939","scope_lookup","after_close","padded_end","natural","not_dispatched","Response status: not_dispatched","","","","false","false","false","","","",""
"85a3883c9cb932a089d724f0ff8832cef57ca39870963b7a0a5fedb308f7eb86","family-80c89211d1f0ead58843","scope_lookup","after_close","braces","natural","not_dispatched","Response status: not_dispatched","","","","false","false","false","","","",""
"85a5e1b20b5182dac4a808144611942f5a27b71d8f6e1bc875f2cc4bf2c19b1d","family-fbff6f169402a84ea98a","scope_lookup","after_close","named_end","natural","wrong_answer","Expected 3750; received 7275","","","","true","true","true","","","",""
"85a5fb44c2a6b78986f49c7a996a70ee52340e963a702ffd99ced7ff9ba0e192","family-d73915a3207b34792ae8","scope_lookup","after_close","generic_end","natural","not_dispatched","Response status: not_dispatched","","","","false","false","false","","","",""
"85ab0b9f1f980488ec6bbea23750fef491dd45edb35ce0dba7f19d134c06d127","family-d790b8721b3020bd3181","scope_lookup","after_close","padded_end","natural","not_dispatched","Response status: not_dispatched","","","","false","false","false","","","",""
"85b64de0b24d48a552b1b12102de35d1ebed5d8e4e65c83fba550bc7809d07a7","family-bd4099cd056789e21e20","scope_lookup","after_close","braces","natural","not_dispatched","Response status: not_dispatched","","","","false","false","false","","","",""
"85be173996bf31fb124855035a0a571850823d046ef41371c1be20cd93bbd882","family-b06c38dda0f6ef2944fd","scope_lookup","after_close","typed_end","nonce","not_dispatched","Response status: not_dispatched","","","","false","false","false","","","",""
"85c39f49497d5cad1b8269640a01490255848d0e70dd9886184f3aee0095812a","family-ae4e037228e90a31f7a3","scope_lookup","after_close","named_end","natural","wrong_answer","Expected 2609; received 4820","","","","true","true","true","","","",""
"85dd97a7724560e59ec497f53b3d7cd9838c98bcf9b2100a7f8edf2312dad5c3","family-ef76d0465ec71b6d7c3f","scope_lookup","after_close","typed_end","natural","not_dispatched","Response status: not_dispatched","","","","false","false","false","","","",""
"862fa71b9a28029b4169853d2e6413e6efd6785b662bb0864b68aada52f0ab2e","family-c4815f06eb99e1526852","scope_lookup","after_close","padded_end","natural","not_dispatched","Response status: not_dispatched","","","","false","false","false","","","",""
"866d4270dcbd07a13e41488b626ee3aad72a12f0799460759af569a353d03695","family-be7d9f50059865014983","scope_lookup","after_close","named_end","nonce","not_dispatched","Response status: not_dispatched","","","","false","false","false","","","",""
"868238ded4a9b2868f77949540880c7e82836759c519dfc3468827a175c431e3","family-4c55dabdfb255c14990e","scope_lookup","after_close","braces","nonce","not_dispatched","Response status: not_dispatched","","","","false","false","false","","","",""
"8682e56ec357252ea96e6866122854af92b5c8ad92497ee3a67091af73174fa5","family-d8ffa213a5ce309b4edd","scope_lookup","after_close","padded_end","natural","not_dispatched","Response status: not_dispatched","","","","false","false","false","","","",""
"86917225be15761421ab0264d27c32fdc1dae9ae1cb9f174453d1ebbc0ab2bb4","family-e344908be3ae7cdede46","scope_lookup","after_close","padded_end","nonce","not_dispatched","Response status: not_dispatched","","","","false","false","false","","","",""
"8698870451071728f1d8c26488994874f80774b121616f444bc1b77d0da06c60","family-9061b3702b95d74a7ca2","scope_lookup","after_close","generic_end","nonce","not_dispatched","Response status: not_dispatched","","","","false","false","false","","","",""
"86a3876ef4e3ad8d6cdb70d3fdc654299e2380cbc6f80fdcf60d27476b2eb5ed","family-952de2a9f9b54ad8c738","scope_lookup","after_close","typed_end","natural","wrong_answer","Expected 5523; received 6985","","","","true","true","true","","","",""
"86acc0bc01b032269f87534ed062a7b91ed2ee5ffba3b89c12fefe6a0df1c95b","family-6e68c8034354e9d15e22","scope_lookup","after_close","braces","nonce","wrong_answer","Expected 8867; received 3065","","","","true","true","true","","","",""
"86b4c9f52f39a71b2b2a7aa00c6be7296d49ccd2b418d9934c5d7f9c423e7a8b","family-97d643b383d36270df12","scope_lookup","after_close","braces","nonce","not_dispatched","Response status: not_dispatched","","","","false","false","false","","","",""
"86b531fa1d4bae59b5f9e8cdaacbae6f51033586ff8bf71119dffc378e781c8c","family-1a43aa90e10067aecec1","scope_lookup","after_close","named_end","nonce","not_dispatched","Response status: not_dispatched","","","","false","false","false","","","",""
"86d7aa7d1bda2b92ea9fb39e59f7649daa6c87e347966d1e9932c926dc0f1db3","family-c7a95e91aa8a5e964ef1","scope_lookup","after_close","generic_end","natural","wrong_answer","Expected 8058; received 6355","","","","true","true","true","","","",""
"86dfaaf99ac8a6a26e60308f9ad739ad7dc09a6e0f7d3c349f179ecc14ce9263","family-1b275cdb1d9d6601a71b","scope_lookup","after_close","padded_end","natural","not_dispatched","Response status: not_dispatched","","","","false","false","false","","","",""
"86f508f6ee20e2c79e1ecb545cbfc570896c2ec0ef81e68e92e08cd5820d1876","family-ecf47f012083117c0103","scope_lookup","after_close","typed_end","nonce","not_dispatched","Response status: not_dispatched","","","","false","false","false","","","",""
"872711612d3042ed7c948a295cce6949230aeee4042a4d78f50822f62bcc8e68","family-b06c38dda0f6ef2944fd","scope_lookup","after_close","padded_end","natural","not_dispatched","Response status: not_dispatched","","","","false","false","false","","","",""
"8731acfd4b01e759a17aada1775aa2c7c9957b8a72e7d987874a35d1af8a8864","family-6100b4860f4517496506","scope_lookup","after_close","named_end","natural","not_dispatched","Response status: not_dispatched","","","","false","false","false","","","",""
"8733141d9b081c36726cb2b87076e653bbecfa0689d003c3010bb9e9538b6069","family-8fe24f3228b7eb77ed3b","scope_lookup","after_close","padded_end","nonce","not_dispatched","Response status: not_dispatched","","","","false","false","false","","","",""
"875b2638b9fe2805007b93bc5f6171201f9758d85f972022abe0eae785571088","family-db2d2997d96595927d22","scope_lookup","after_close","typed_end","natural","not_dispatched","Response status: not_dispatched","","","","false","false","false","","","",""
"8770ed8b995d06e1fe7fa738b8a3ef39d16d76a237ff349f847ba73b3157bc24","family-7916dd00c9fd2d346478","scope_lookup","after_close","generic_end","nonce","not_dispatched","Response status: not_dispatched","","","","false","false","false","","","",""
"878c07f122f29015315795bf748d07f8cc561156c37d2173d781b8b7cb223986","family-a2ece4fbdba8feaddd6b","scope_lookup","after_close","named_end","natural","api_rejected","Response status: api_rejected","","","","false","true","true","","","",""
"8792d9eab4781da70ccc5c106b05926b2f87c07bb2717886ea2f12b8495e34d6","family-9676a7d943289ba56928","scope_lookup","after_close","padded_end","nonce","not_dispatched","Response status: not_dispatched","","","","false","false","false","","","",""
"8807f641ba38fd7c8da7d112b15f9972d6441ac6efa708268f8e0351bf6d3d46","family-829103e7b348846aba6b","scope_lookup","after_close","typed_end","natural","not_dispatched","Response status: not_dispatched","","","","false","false","false","","","",""
"8817e6604ea20d218bfc23cb3c22dd72fe36b21a5b09e6e7eab2a44866aeb8a3","family-40e8465255e9a32d9a35","scope_lookup","after_close","braces","nonce","not_dispatched","Response status: not_dispatched","","","","false","false","false","","","",""
"881b43ad9f35ae758f9343aa734a319eb4cffd47ed30d28f290e39d00d95f5a7","family-cc6c2ed2c3954f97d9ec","scope_lookup","after_close","braces","natural","not_dispatched","Response status: not_dispatched","","","","false","false","false","","","",""
"881be9b0d4397d5f6a6bcf3c1e324cb80f989a3a62ee60ae617830ea802a7ef2","family-0198f4746b66227e0715","scope_lookup","after_close","braces","nonce","wrong_answer","Expected 9250; received 9150","","","","true","true","true","","","",""
"883abef393693dd5b7ed3bc2a4e9bf1289999a22beff0df3bffdf2f4ca51e324","family-b06c38dda0f6ef2944fd","scope_lookup","after_close","braces","natural","not_dispatched","Response status: not_dispatched","","","","false","false","false","","","",""
"884065266dbc54fea7561fada830f3b18a0b0406418cb4c5ca4de5d01d00c8ae","family-6100b4860f4517496506","scope_lookup","after_close","generic_end","natural","not_dispatched","Response status: not_dispatched","","","","false","false","false","","","",""
"88423276dd829cc0a5cae98ab6ced149078fdb7cbf685c0423d5ea05a502d37a","family-3999856e1484a99e30ab","scope_lookup","after_close","braces","nonce","not_dispatched","Response status: not_dispatched","","","","false","false","false","","","",""
"887dc2cf12591cf3fed135dc85643318f6f2221c2eb99c6a1439a1738e77a528","family-ac8d99f31a8067b4003c","scope_lookup","after_close","braces","natural","wrong_answer","Expected 4365; received 9257","","","","true","true","true","","","",""
"888f79d0789a57131ab2fabd781a24b2fcdb300027e4207687931f1c24a2f593","family-2637168633a8a5fd7957","scope_lookup","after_close","braces","nonce","not_dispatched","Response status: not_dispatched","","","","false","false","false","","","",""
"889449f091c0ca026dfca9782af65b4baa032d2f4c85a246ed2c50ca54835b9e","family-ec9cacca59c06cba4528","scope_lookup","after_close","typed_end","nonce","not_dispatched","Response status: not_dispatched","","","","false","false","false","","","",""
"88a105f14f9a2e4330f773046b25bdd29e36155f5c5ad66acdd1c07fa1818ec3","family-77a73299bac04e5e2f03","scope_lookup","after_close","typed_end","natural","not_dispatched","Response status: not_dispatched","","","","false","false","false","","","",""
"88ed7f89dd2ed65b209d4172a8114067d90a312f97f37831a7ed255696a777b7","family-916b36b95f1c26e349fe","scope_lookup","after_close","generic_end","natural","not_dispatched","Response status: not_dispatched","","","","false","false","false","","","",""
"88ee313802c24d508c57cdfdd4fbc147992837bd9d74b8c6e0543c15288f10e0","family-2cf9c0e1acc961b2e786","scope_lookup","after_close","generic_end","nonce","not_dispatched","Response status: not_dispatched","","","","false","false","false","","","",""
"896098d04c73a1d57caa048c818b293408837ab2f077e20fc89718b38a441c06","family-59844afb2ef9a6952066","scope_lookup","after_close","typed_end","natural","not_dispatched","Response status: not_dispatched","","","","false","false","false","","","",""
"89643449577afc2c99cc7bf78d75a801812f4a704db01e14a6b03077f56cdf15","family-9a4e8a8b04175285a80b","scope_lookup","after_close","braces","natural","not_dispatched","Response status: not_dispatched","","","","false","false","false","","","",""
"8970d4cfb4764fd9e541b03b05deb23992fe783fd50cce8648763a17c162ee3a","family-a67f94e51bc258654d99","scope_lookup","after_close","padded_end","nonce","wrong_answer","Expected 5733; received 2902","","","","true","true","true","","","",""
"89789b984ee36ec6bbeea11597e9ce1d6ba9796db7fea9885d211c4bee35bfa5","family-a3756c322259c6e89966","scope_lookup","after_close","typed_end","nonce","wrong_answer","Expected 3521; received 8846","","","","true","true","true","","","",""
"8997140c889344d4ad5247c67c760771b060c3c26da848912fed3cee8383a390","family-580cadd5fc56726c6b8b","scope_lookup","after_close","typed_end","nonce","not_dispatched","Response status: not_dispatched","","","","false","false","false","","","",""
"899bb0df866dd399d1819fcff64d4dc99ebb9d55bd24ea990fdd980baf052894","family-47a815662d4bac370f57","scope_lookup","after_close","padded_end","nonce","not_dispatched","Response status: not_dispatched","","","","false","false","false","","","",""
"89a69282dab17cbb5c8e0710646e3d26b98b07482e881472f89e6869a365c73e","family-cc6d2196d5575c5c3662","scope_lookup","after_close","braces","nonce","not_dispatched","Response status: not_dispatched","","","","false","false","false","","","",""
"89b162c2a78297c047fedeb041d88c7b04da90ad7a0e06283902f1ce0e7de980","family-932a2bc4a370a5d1d723","scope_lookup","after_close","padded_end","nonce","not_dispatched","Response status: not_dispatched","","","","false","false","false","","","",""
"89fce97cfcce807bf7a1e23bdd4c637c77371e03a459a0707877f971430cf858","family-f5daf0fe2889473ae782","scope_lookup","after_close","braces","natural","wrong_answer","Expected 1440; received 7075","","","","true","true","true","","","",""
"8a071a724e05a749b8dd6978b8757925036bcfa7a173dad003cb68fa14a4f64f","family-46ce55c6614c9d7aa40d","scope_lookup","after_close","braces","nonce","wrong_answer","Expected 9089; received 6071","","","","true","true","true","","","",""
"8a08b3a6e7ccb424aefa2975f3e2676a52d39dc89df471ec8d2988b9d0338a5a","family-fe7ce9ac8c05ee3f6103","scope_lookup","after_close","named_end","natural","not_dispatched","Response status: not_dispatched","","","","false","false","false","","","",""
"8a0fb40ea7156307562be84d2879f93e311e58a6c2bff1d3e0e1b6863aa0d95e","family-acb646907b223b325a54","scope_lookup","after_close","braces","nonce","wrong_answer","Expected 9945; received 5002","","","","true","true","true","","","",""
"8a172e51f8fa40c6b44f4105103f192b1f7a16cd4f39347012f54b4338f03b27","family-b5f5cbc81ad77e199fa2","scope_lookup","after_close","typed_end","nonce","not_dispatched","Response status: not_dispatched","","","","false","false","false","","","",""
"8a2a35477ebab5d8d8c392c629af769e34d1c490d4439f0fff920edee61a8997","family-4f0904011a45ae5592c4","scope_lookup","after_close","padded_end","nonce","not_dispatched","Response status: not_dispatched","","","","false","false","false","","","",""
"8a2c6038915931f5e7165df57eeeb81110fc08e7e0ce6b4b2d46bddb1c81c075","family-dac8e1db247fbe653c51","scope_lookup","after_close","padded_end","natural","not_dispatched","Response status: not_dispatched","","","","false","false","false","","","",""
"8a9c256034c5ec3f377efce392355a4f71835f291939cfd44ed226e651eba49a","family-bd3c2969cbd85fad559f","scope_lookup","after_close","named_end","natural","not_dispatched","Response status: not_dispatched","","","","false","false","false","","","",""
"8ac4aa99a88e0074ac8d42af0e5220b384ddc4e14a940d63f380a692c827dbb3","family-7281051a5d301758589b","scope_lookup","after_close","padded_end","nonce","not_dispatched","Response status: not_dispatched","","","","false","false","false","","","",""
"8acf0fcae413343e3e8464438a7c75e9646a233909f694da5f75e5c66017f28c","family-ad42e2d8dffbd5ea2a89","scope_lookup","after_close","typed_end","natural","wrong_answer","Expected 1699; received 4256","","","","true","true","true","","","",""
"8ad0c15a559971dd76eb2bf27988e1a46466290e0786a91cd0beefb4d084830a","family-9c1e8beef9210ff51d2f","scope_lookup","after_close","padded_end","nonce","not_dispatched","Response status: not_dispatched","","","","false","false","false","","","",""
"8ae373547923ff6a23b9d340013d20419c3ef37b2665fa979818242796b9a7fd","family-0ee3c9dccae742e0bc4c","scope_lookup","after_close","named_end","natural","not_dispatched","Response status: not_dispatched","","","","false","false","false","","","",""
"8ae83ef7ae46478d90559664a34e413a4e42bc72e1faa063b5b56c7d24693bca","family-08c52b86fbe08975e453","scope_lookup","after_close","braces","nonce","not_dispatched","Response status: not_dispatched","","","","false","false","false","","","",""
"8b2673913e7e742085cacb0fd960bb538a403ca8b25517b9040889462c68cbd0","family-7600bece242271768ead","scope_lookup","after_close","named_end","nonce","not_dispatched","Response status: not_dispatched","","","","false","false","false","","","",""
"8b4107798c55c9978f9b50324b57839401af2477392190cd9e4751ec3bd05f29","family-d76894d5e7f919b735f3","scope_lookup","after_close","padded_end","nonce","not_dispatched","Response status: not_dispatched","","","","false","false","false","","","",""
"8b7e3257b763ad78f9d3a741ed9984f57a064ca2f99e2491741af898513191b7","family-fb85b657ca85ca0c01d2","scope_lookup","after_close","generic_end","nonce","not_dispatched","Response status: not_dispatched","","","","false","false","false","","","",""
"8b8380237bd5de320d4d41723a3156fe98e42e2dc698d56ebdee836f1e95b44b","family-d9dce3002672d6c101f7","scope_lookup","after_close","generic_end","natural","not_dispatched","Response status: not_dispatched","","","","false","false","false","","","",""
"8b9bda8d57238419d764e452728a77c1f46bd6dad00621ba1f5948b44c045999","family-ecf47f012083117c0103","scope_lookup","after_close","padded_end","natural","not_dispatched","Response status: not_dispatched","","","","false","false","false","","","",""
"8bceab2a07e2c5308f532eedddf46c687e9864911135443391105dae9a344ba4","family-87e1a66408f296411fa5","scope_lookup","after_close","padded_end","natural","not_dispatched","Response status: not_dispatched","","","","false","false","false","","","",""
"8bdd12dba37d3794d752155083262961eee7b49ddefa4a0d14a13b7a7a2203b4","family-bd4099cd056789e21e20","scope_lookup","after_close","braces","nonce","not_dispatched","Response status: not_dispatched","","","","false","false","false","","","",""
"8bed413bad6bcae0dce9f4a5743a60221e2743649755bf65bf4b6622ae64d478","family-48abd2d50bb258341298","scope_lookup","after_close","generic_end","nonce","not_dispatched","Response status: not_dispatched","","","","false","false","false","","","",""
"8bf3f3646242db8d93c1201a862c5f3f3c54b2a5733d911e457ed77faecf234f","family-488cbb7fd8c9c97aeaf3","scope_lookup","after_close","named_end","natural","api_rejected","Response status: api_rejected","","","","false","true","true","","","",""
"8c0a1d88e06c3a710b2b79051d494144af2871ee1f619c41631cb0cfb669e8d9","family-5aed1cb46c579b4a8853","scope_lookup","after_close","braces","natural","not_dispatched","Response status: not_dispatched","","","","false","false","false","","","",""
"8c1bca0260c86a2079fdec19a2a8a97eb0b0eb7490dbd5eed2ff0d986e2178b4","family-3572a1853623b4cc2772","scope_lookup","after_close","generic_end","nonce","not_dispatched","Response status: not_dispatched","","","","false","false","false","","","",""
"8c2758b53cdd48839a102bd6fe3c4abd5b7c70f9ac371b20ff2003c9869fcb59","family-40ac96646937ad42ea39","scope_lookup","after_close","generic_end","nonce","not_dispatched","Response status: not_dispatched","","","","false","false","false","","","",""
"8c56694e0b981ba820eb9adba432cc2a23adb9b5b249db3a6140bf39611fc1c3","family-3572a1853623b4cc2772","scope_lookup","after_close","generic_end","natural","not_dispatched","Response status: not_dispatched","","","","false","false","false","","","",""
"8c5aaa4da67326c205d856244f7cdef96ce376cd15a98027e83ffe315ba4e16b","family-d6edda27d6ed38879c7a","scope_lookup","after_close","generic_end","natural","not_dispatched","Response status: not_dispatched","","","","false","false","false","","","",""
"8c635b1a9b156ca7d5afeb89ac924c60d9385143eaec54c256ef6f206443cb64","family-26424f3e46400e918ad5","scope_lookup","after_close","generic_end","nonce","not_dispatched","Response status: not_dispatched","","","","false","false","false","","","",""
"8ca5b2975b6678b94da10f795dbc2f6e71799ec096d237a77f2ce25540209feb","family-26424f3e46400e918ad5","scope_lookup","after_close","padded_end","natural","not_dispatched","Response status: not_dispatched","","","","false","false","false","","","",""
"8cd39780d3da6d2d57a6457fcb1142d75762f9dc699c6a90c0f4fdb711a4f87a","family-cac713cc9e27f8ff91fc","scope_lookup","after_close","generic_end","natural","not_dispatched","Response status: not_dispatched","","","","false","false","false","","","",""
"8cef498fad5d4b68da2faccf777d5ad29f8c5bda21d3960e9d3eaed92fa434fa","family-7e7292c1f798ebb57a6f","scope_lookup","after_close","named_end","natural","not_dispatched","Response status: not_dispatched","","","","false","false","false","","","",""
"8cfb6207376a4ec5005393e99a986ea89f19df4a73f32324bcfe96263bac410a","family-4534d46d7d8075579c4f","scope_lookup","after_close","named_end","natural","not_dispatched","Response status: not_dispatched","","","","false","false","false","","","",""
"8d161342a83582a7908ef321824430fca309b98aa92a63d828fe174802570d2e","family-23cedb05826477c90f73","scope_lookup","after_close","named_end","natural","not_dispatched","Response status: not_dispatched","","","","false","false","false","","","",""
"8d252af1fa1f64e6cc210970a3ef5150f5124ea6fc2caf696d88b86895f1680f","family-99d58b7d7e77fb56cd14","scope_lookup","after_close","padded_end","nonce","not_dispatched","Response status: not_dispatched","","","","false","false","false","","","",""
"8d37477eb6661e6773ea77e741dc0773f6edad35a2dc0edf595122286d8a7341","family-35e80d3bdf46a8332d22","scope_lookup","after_close","braces","nonce","not_dispatched","Response status: not_dispatched","","","","false","false","false","","","",""
"8d453d35a38f7a061d8c3dc0aa474bc69c7bd8a9a33819c6ed236ba0ecd8f59d","family-1fc89de4b2b652d176d6","scope_lookup","after_close","typed_end","natural","not_dispatched","Response status: not_dispatched","","","","false","false","false","","","",""
"8d5ee40e63c42a832868441483334c3ce744577e85f1a9144d3749ea3f4a0778","family-0d222214afa9bc9215bb","scope_lookup","after_close","padded_end","natural","not_dispatched","Response status: not_dispatched","","","","false","false","false","","","",""
"8d62138d1710635be398c7e30f581a2dadeb8ee51fd4c90d9c95ce6ae44318ea","family-449e8e2be7c8486912c7","scope_lookup","after_close","generic_end","nonce","not_dispatched","Response status: not_dispatched","","","","false","false","false","","","",""
"8d903f323194339e9dc439aaa805f819e77baa57cc7ceca54bc18b0246070d74","family-c2443995dc6c2d3e49fa","scope_lookup","after_close","braces","nonce","not_dispatched","Response status: not_dispatched","","","","false","false","false","","","",""
"8d92bc17bd488acdc2a4e100d0a25699374da4a9e08f23b7aec0cad8b005bb06","family-8b4c7bc58c89409a8af0","scope_lookup","after_close","padded_end","nonce","wrong_answer","Expected 4583; received 8522","","","","true","true","true","","","",""
"8dadb7f10f09190af1998a3623122a61756288bc7edca7db0d024e5303548f45","family-cc6c2ed2c3954f97d9ec","scope_lookup","after_close","braces","nonce","not_dispatched","Response status: not_dispatched","","","","false","false","false","","","",""
"8db2816f522d2a625af61ab6bc5eb90d9ea58964ff9924fd5ab8d1df3d999df6","family-6cb03cad104e91f804ec","scope_lookup","after_close","padded_end","natural","not_dispatched","Response status: not_dispatched","","","","false","false","false","","","",""
"8dd693c4dbed2530ebc5814a5f2d8e30fd25ed2172ee7b9836a466806c3b5883","family-ff0608c18843ac780fd4","scope_lookup","after_close","generic_end","natural","wrong_answer","Expected 7941; received 8225","","","","true","true","true","","","",""
"8de48d28c13e0304f9dfd5ad62c8dcc174b3b3415155a9c2e5f19c80d458eeb5","family-4658eeed1046c7a0d6b5","scope_lookup","after_close","padded_end","natural","not_dispatched","Response status: not_dispatched","","","","false","false","false","","","",""
"8dfa89a7f838bf2a21e1e822b8a915d6c19d71c6ad2240d006da693bf3f5f386","family-75d140f1737cb4123b79","scope_lookup","after_close","typed_end","nonce","not_dispatched","Response status: not_dispatched","","","","false","false","false","","","",""
"8e06ad17714e1957583cbdb171effc8200952331a9f69032489c89fe3321cbd6","family-35fc0de59b53ac51a0f5","scope_lookup","after_close","named_end","natural","not_dispatched","Response status: not_dispatched","","","","false","false","false","","","",""
"8e1ad386d9c95e20a9b5ebc2ec77404f82123b4e5aa6ea407052d99ab4d23d52","family-c4815f06eb99e1526852","scope_lookup","after_close","typed_end","natural","not_dispatched","Response status: not_dispatched","","","","false","false","false","","","",""
"8e26279ef1ca542724fe09b20f46de6b4a3e6f51e90d6d1b68c1019ce4080eef","family-e4e4bee44810a636c443","scope_lookup","after_close","typed_end","natural","wrong_answer","Expected 6999; received 8794","","","","true","true","true","","","",""
"8e3877ec84cecd21b1ec45b98461244323fa9553af1943294cd3787e2898c4bc","family-0eb3f9df620743533159","scope_lookup","after_close","named_end","natural","not_dispatched","Response status: not_dispatched","","","","false","false","false","","","",""
"8e3dad575bb66b9cebb60725ebf573c5e44e247e80709352e0bc14788f24e871","family-b47dfd60e0b99470e408","scope_lookup","after_close","typed_end","natural","not_dispatched","Response status: not_dispatched","","","","false","false","false","","","",""
"8e4595d4b10525c1fce8e1858cb71c622120701b7494fcce8f478793b6301a21","family-6df28d40bfe0615debdc","scope_lookup","after_close","braces","nonce","not_dispatched","Response status: not_dispatched","","","","false","false","false","","","",""
"8e4bf5d36c6b4b65c25807bc41cc68ae4ea780fdc33d2265fba6dcd8f911ffff","family-cfcb8ecfa67e83347672","scope_lookup","after_close","braces","natural","not_dispatched","Response status: not_dispatched","","","","false","false","false","","","",""
"8e562e7cc26bebecb4b54bb4a02309423aa0717ca175a12ffb59f8a3c542dd0a","family-1200bd38534b72a0da70","scope_lookup","after_close","generic_end","nonce","not_dispatched","Response status: not_dispatched","","","","false","false","false","","","",""
"8e5c8d709cf0f0f1d76bf57329e0011be9654b0e3613dfafc860479172afa523","family-29b1a41423991f061c26","scope_lookup","after_close","named_end","nonce","not_dispatched","Response status: not_dispatched","","","","false","false","false","","","",""
"8ea267afad2c421203feb9b6be7d1b5a94517787400797b9ffe982b0f5c9263e","family-1c28abaa021ebba4e627","scope_lookup","after_close","named_end","nonce","not_dispatched","Response status: not_dispatched","","","","false","false","false","","","",""
"8eb05b71bc2773c7c5353063ec447b9c33f46dd721180a3227cdb9b988100c24","family-01e9efb57c6f01a9ab32","scope_lookup","after_close","braces","nonce","not_dispatched","Response status: not_dispatched","","","","false","false","false","","","",""
"8ec2cf1aaece60a9ab3589da10e40679f3a52bf5fdf26bcdfeae7b539489eba9","family-449e8e2be7c8486912c7","scope_lookup","after_close","padded_end","nonce","not_dispatched","Response status: not_dispatched","","","","false","false","false","","","",""
"8efb5be355125702f7c7bc0edce19dcfdfaaf52404126b77c17e26e8dbc0be2c","family-d1d59a338a5cd025894e","scope_lookup","after_close","padded_end","natural","not_dispatched","Response status: not_dispatched","","","","false","false","false","","","",""
"8f236ca10e04814401fa9e72116dd6b1053b0721d2bc1beca1d73a8ffe1a28a8","family-a22670a9df47816a1d78","scope_lookup","after_close","braces","natural","wrong_answer","Expected 3421; received 5969","","","","true","true","true","","","",""
"8f4cb53f1d5570be2d72899be2d0c2987de93553cfc33a49bad7e55edf7d5713","family-9cb91149a5d178ddc1b8","scope_lookup","after_close","generic_end","natural","not_dispatched","Response status: not_dispatched","","","","false","false","false","","","",""
"8f57339c7261a921a57877d24f6c38c5b937c73f93d338e5f759c90c4c9ed6fd","family-f1a8bfef505962af7ac8","scope_lookup","after_close","typed_end","natural","not_dispatched","Response status: not_dispatched","","","","false","false","false","","","",""
"8f636644f145e71f093a17a6dc823611b3c178c495b8982104292fc8951bbc37","family-d5387a27f98b64653076","scope_lookup","after_close","braces","natural","wrong_answer","Expected 4846; received 8446","","","","true","true","true","","","",""
"8f744d5811226eb988177262296ca228c552b46e0f3a457faacf070a8dbde7bd","family-db2d2997d96595927d22","scope_lookup","after_close","named_end","nonce","not_dispatched","Response status: not_dispatched","","","","false","false","false","","","",""
"8f79220fc87eed68ca0b75a571b4441f1a807353a988efa299e56388c8653ed8","family-d6edda27d6ed38879c7a","scope_lookup","after_close","named_end","natural","not_dispatched","Response status: not_dispatched","","","","false","false","false","","","",""
"8f80b22f68cbfc1debd7f19272e04a0026837f3d259cf7930d57ec921fe9df75","family-80c89211d1f0ead58843","scope_lookup","after_close","typed_end","nonce","not_dispatched","Response status: not_dispatched","","","","false","false","false","","","",""
"8f8e0ab378a259cf4e7a7461f09b5e309e2a0945f84e335e2807a6061b9d92a4","family-8b035bce4ca204e57955","scope_lookup","after_close","braces","nonce","not_dispatched","Response status: not_dispatched","","","","false","false","false","","","",""
"8fa4cd72f7f1849712fefd657d97cee8f09c137d24ee51b74fbd834ac09ce6b4","family-c2443995dc6c2d3e49fa","scope_lookup","after_close","typed_end","natural","not_dispatched","Response status: not_dispatched","","","","false","false","false","","","",""
"8fb59f4d0cb9f6bc2fa4c0400b60f739bdd5bd539e838602b1f943b797a6a247","family-f1a8bfef505962af7ac8","scope_lookup","after_close","generic_end","nonce","not_dispatched","Response status: not_dispatched","","","","false","false","false","","","",""
"8fda616e1804f5b2989d9cc4dfd00a288f20c16c1b4877fd3be04132aa498fff","family-68a86497b058a64904a6","scope_lookup","after_close","typed_end","nonce","not_dispatched","Response status: not_dispatched","","","","false","false","false","","","",""
"8fef0baab933073acdea5fcc4e623997da7ea8cae4eac20ace1986ef7425feac","family-6df28d40bfe0615debdc","scope_lookup","after_close","padded_end","natural","not_dispatched","Response status: not_dispatched","","","","false","false","false","","","",""
"9003cbc21b4d6dd67d2bebba090d16d272f6c145487de161c73f95e3d1c88e11","family-a2ece4fbdba8feaddd6b","scope_lookup","after_close","braces","nonce","not_dispatched","Response status: not_dispatched","","","","false","false","false","","","",""
"900820ca423363f598d4b84a2f141b0d3d83003bd8e0e43f272d22b6aaa3bac2","family-39cc5f35c08943b49cd0","scope_lookup","after_close","typed_end","natural","not_dispatched","Response status: not_dispatched","","","","false","false","false","","","",""
"901cb31f966ea055a81d1a7a876fd5c8976db2f5958fef7d29f8caeeef2e0154","family-943c646e5fd26ceba388","scope_lookup","after_close","braces","nonce","not_dispatched","Response status: not_dispatched","","","","false","false","false","","","",""
"902fe7af534c5dfcdac40771c0f9d3a77300057eef4cfae22c0889ea1b6231b4","family-3fbe7ca6370042704b99","scope_lookup","after_close","typed_end","natural","wrong_answer","Expected 2958; received 6138","","","","true","true","true","","","",""
"905ec417e9eb82cf1120cbc03b078b0571e743e52f0516372ae820b09514932e","family-a66ea7cf7777d523fa0a","scope_lookup","after_close","named_end","natural","not_dispatched","Response status: not_dispatched","","","","false","false","false","","","",""
"90d8ed1147f71db4d12442f5d866a6b122b55c9fc9bba9f1381b6ff2d72825ee","family-b5f5cbc81ad77e199fa2","scope_lookup","after_close","typed_end","natural","not_dispatched","Response status: not_dispatched","","","","false","false","false","","","",""
"911f866eb46f0ee674b351f34a312b570c891461f76b066ce4843a929b9e7673","family-829d414067d60b06cdd7","scope_lookup","after_close","typed_end","nonce","not_dispatched","Response status: not_dispatched","","","","false","false","false","","","",""
"915e62b7edce3d9beb1853eb569e56c8dec909ef690fcaddf0b0cf4cc8b27eba","family-e35cf05c60de2a1bfffb","scope_lookup","after_close","generic_end","nonce","not_dispatched","Response status: not_dispatched","","","","false","false","false","","","",""
"916ba1ece877ddc430f8392f493eb721dbf502fa4811889416a6d5b7dea4bc93","family-eee77401bb17096401e6","scope_lookup","after_close","generic_end","nonce","not_dispatched","Response status: not_dispatched","","","","false","false","false","","","",""
"917a83e6c6213c46da020a47b6dfd275c901a4781aeb94737f41996471c93767","family-4658eeed1046c7a0d6b5","scope_lookup","after_close","typed_end","nonce","wrong_answer","Expected 4398; received 8797","","","","true","true","true","","","",""
"919d32e80676ff90fe6f11c90c12e6d7662a9bf896babf2386614792af5f6012","family-96d1655b4655b68cc908","scope_lookup","after_close","braces","natural","not_dispatched","Response status: not_dispatched","","","","false","false","false","","","",""
"91a8f2a1e285ca2f6ba6544e8e393e4ead1a85b588a56ebccb877ce5121297d3","family-9a4e8a8b04175285a80b","scope_lookup","after_close","generic_end","natural","not_dispatched","Response status: not_dispatched","","","","false","false","false","","","",""
"91b5b196b2115a8f1429635c9c8c3ef28f7bbc7bc9f77b519ad816a461a7f796","family-e16df58183f0df0d937b","scope_lookup","after_close","braces","natural","not_dispatched","Response status: not_dispatched","","","","false","false","false","","","",""
"91bf13bf075636abcfa4ec3000a9158809cbcbd7d3125e9d9dd6f385bcc09f78","family-97d643b383d36270df12","scope_lookup","after_close","typed_end","nonce","not_dispatched","Response status: not_dispatched","","","","false","false","false","","","",""
"91c4bb2bfb3fd8b32ea1197172944c9fe42b62d22fc54ba23b26d3eb4f209fde","family-ae4e037228e90a31f7a3","scope_lookup","after_close","braces","nonce","not_dispatched","Response status: not_dispatched","","","","false","false","false","","","",""
"91c4e8a75afc8d3ed6ade5b6b811e18a7902566a943a9144bb9e7208f67ee231","family-1c28abaa021ebba4e627","scope_lookup","after_close","braces","natural","not_dispatched","Response status: not_dispatched","","","","false","false","false","","","",""
"91e1e7359b29a28307fe0e0c78911fd30d198cb82edc1641d5378aff0f3d7e56","family-f067f0b23cbe71f81397","scope_lookup","after_close","generic_end","natural","not_dispatched","Response status: not_dispatched","","","","false","false","false","","","",""
"9208d73b5fd76b066e1f24bc728167031b1a6b5f7fb84b2350bf8692607c0d8c","family-c7a95e91aa8a5e964ef1","scope_lookup","after_close","generic_end","nonce","wrong_answer","Expected 8058; received 6355","","","","true","true","true","","","",""
"920ecdaeb42bfc4ca3ec291118e56000c3e8abf1db723c65da57fa220bc37966","family-8705b6cd1076ed4db29d","scope_lookup","after_close","typed_end","nonce","not_dispatched","Response status: not_dispatched","","","","false","false","false","","","",""
"9221accbb5d773ab66c79cc8455cad3325006b7a09c9e0c03b7d8a3cb4606e93","family-f9acda05511dc179e7bc","scope_lookup","after_close","typed_end","natural","not_dispatched","Response status: not_dispatched","","","","false","false","false","","","",""
"922ac65a8e677bf04ea12c411e5479a464f5013c0ab1ad8dc3c09cf1c8bef64f","family-4658eeed1046c7a0d6b5","scope_lookup","after_close","braces","nonce","wrong_answer","Expected 4398; received 5213","","","","true","true","true","","","",""
"922dabc7ba72212ffac74911f36f9de3514dfbc18773a0fc38898dd543338a33","family-e16df58183f0df0d937b","scope_lookup","after_close","named_end","nonce","not_dispatched","Response status: not_dispatched","","","","false","false","false","","","",""
"922e3617cc634b93ebcdbc23576efc11d8cb4e4e368ad70daea127936566eaf9","family-53dc9a159913bfc3b333","scope_lookup","after_close","typed_end","natural","not_dispatched","Response status: not_dispatched","","","","false","false","false","","","",""
"92423ab884afe2d862c95d53a3f998f95e4722e3232a6516d8aab2713f17060b","family-4658eeed1046c7a0d6b5","scope_lookup","after_close","generic_end","natural","not_dispatched","Response status: not_dispatched","","","","false","false","false","","","",""
"92605d660d99d3b8438b8379b2e100e3b4e782583878b4c4b033bb58283e472f","family-b20a529e15d4299fb7b4","scope_lookup","after_close","named_end","nonce","not_dispatched","Response status: not_dispatched","","","","false","false","false","","","",""
"926094b6de9c89dc5b5bf7e236589aa187ada65b3b67884996dfb0e4ec5dee61","family-0bb91de880bf72a9b291","scope_lookup","after_close","padded_end","nonce","not_dispatched","Response status: not_dispatched","","","","false","false","false","","","",""
"926f86e40aae2ac0c6a1826e869cc26f372b7e5d112a78d6cf337b510c285620","family-2cf9c0e1acc961b2e786","scope_lookup","after_close","generic_end","natural","api_rejected","Response status: api_rejected","","","","false","true","true","","","",""
"928e49751400c5f8d68cedffc98231236f750f15d4a6cac89744ea421307ce3a","family-b3fbb8c02b86ad28311d","scope_lookup","after_close","generic_end","nonce","not_dispatched","Response status: not_dispatched","","","","false","false","false","","","",""
"929f82cce66ca6d58ed2079bce1e3da15c14d7d22175f8293d667d05f874b66a","family-37e71f85dfa4b5415e42","scope_lookup","after_close","named_end","nonce","not_dispatched","Response status: not_dispatched","","","","false","false","false","","","",""
"92a47a1d7ce37e18bb56d9b1cf10d0f1302ced6f19bf0f65ca425164f0c91c5a","family-ff162c61e24aad4247f3","scope_lookup","after_close","named_end","nonce","not_dispatched","Response status: not_dispatched","","","","false","false","false","","","",""
"92a7c27c53a1dbf634a8c28293246489f4206d8db050a1d0d9e81f642f32586a","family-5554f04263390ff26589","scope_lookup","after_close","braces","natural","not_dispatched","Response status: not_dispatched","","","","false","false","false","","","",""
"92ae4e9bb8b57fae7da90de3b7415bcccd464b31154364f23838a704a483fe89","family-c7a95e91aa8a5e964ef1","scope_lookup","after_close","braces","natural","wrong_answer","Expected 8058; received 6355","","","","true","true","true","","","",""
"92b7e406e480ea9abffd82149dc534df5f69740d9ae81e6738e7922abc1f1d4f","family-85f33245ba7589a7ec72","scope_lookup","after_close","padded_end","nonce","not_dispatched","Response status: not_dispatched","","","","false","false","false","","","",""
"92e77279334e05165622ef35e8fa2e12880632077382d95c82e6e4ae77affd58","family-1c28abaa021ebba4e627","scope_lookup","after_close","typed_end","nonce","not_dispatched","Response status: not_dispatched","","","","false","false","false","","","",""
"9301a1f03af25abddd799de1520deec66363ed22cb86ea0c2b93d475aa64f00e","family-edfae4a2ef501e054d9e","scope_lookup","after_close","typed_end","nonce","not_dispatched","Response status: not_dispatched","","","","false","false","false","","","",""
"93189ef53e685deed241fec0cf2e495a5f19c1df408a4a85159ede358d61562d","family-c2443995dc6c2d3e49fa","scope_lookup","after_close","typed_end","nonce","not_dispatched","Response status: not_dispatched","","","","false","false","false","","","",""
"9341b241c1917d2a592cfac6e924f449d030f00dc0a65947c5f16ca98d7342c7","family-f1a8bfef505962af7ac8","scope_lookup","after_close","braces","nonce","not_dispatched","Response status: not_dispatched","","","","false","false","false","","","",""
"93657c6848e8fb36d8bfef8d7cf6b8a2c896c1bf472dfa192643a3bb46a9782c","family-3eabdb043eb316c35b34","scope_lookup","after_close","generic_end","nonce","not_dispatched","Response status: not_dispatched","","","","false","false","false","","","",""
"9374c2ff02b424bcaeb2f2d9e89d838ce8679f93c7eaf0872a6184daa4279024","family-4f22130af5b4eb982150","scope_lookup","after_close","generic_end","nonce","not_dispatched","Response status: not_dispatched","","","","false","false","false","","","",""
"93a64446ba49853e79e77934b51aa5411abf5ca8ff2ffbc88fb9727660b31f32","family-d8ffa213a5ce309b4edd","scope_lookup","after_close","braces","natural","not_dispatched","Response status: not_dispatched","","","","false","false","false","","","",""
"93abd3d307fd57b2052ad17043cfe09cfc5d6da5f6a6ba591d7a74d8953a7189","family-965e957e4d8298784a4e","scope_lookup","after_close","typed_end","nonce","wrong_answer","Expected 7532; received 4126","","","","true","true","true","","","",""
"93c03d8b9c096b0ead5c08bad5d758c6ebcd0db3fd7c9537279140ad9af1ab38","family-8e4dcf3ae32c0f100166","scope_lookup","after_close","generic_end","natural","not_dispatched","Response status: not_dispatched","","","","false","false","false","","","",""
"93fee479c5320e6a0ef861e7132f573d7fbcc5a7167566384dfcb5dc4be0713f","family-7201b5e67b42074251d7","scope_lookup","after_close","named_end","nonce","not_dispatched","Response status: not_dispatched","","","","false","false","false","","","",""
"940ca63f0aaebc0a76a30a51fe90f88f9794413bd4315d7475fdd8b6ad85c43c","family-a163b39b443aa35544cf","scope_lookup","after_close","typed_end","nonce","not_dispatched","Response status: not_dispatched","","","","false","false","false","","","",""
"9422ff6d66a524e860eb5c2dd9d92e86d3d243f15e9c40d03c151e103418f8c2","family-35fc0de59b53ac51a0f5","scope_lookup","after_close","braces","natural","not_dispatched","Response status: not_dispatched","","","","false","false","false","","","",""
"942de427cf9a6bcc8bd88066f95c9625c1d340ad9a3d47468db6364a55bac396","family-e086c39bac25407a6368","scope_lookup","after_close","typed_end","nonce","not_dispatched","Response status: not_dispatched","","","","false","false","false","","","",""
"943b6591eb6ad810fcf67cec172fa17532dc75859f34440d8d01bbaa2a4781a2","family-1270ade5663f5ae56168","scope_lookup","after_close","typed_end","natural","not_dispatched","Response status: not_dispatched","","","","false","false","false","","","",""
"943c57f092779dcbc516c2600bd2f1869fa9cbb91d33d85ce42d45786868e625","family-3d511f5256d7b37daa4a","scope_lookup","after_close","named_end","natural","not_dispatched","Response status: not_dispatched","","","","false","false","false","","","",""
"9448cc77ebd6a2e8bfcd3c32f5181a9304c69865b23349b6adf1e8bbd946d647","family-8b035bce4ca204e57955","scope_lookup","after_close","named_end","nonce","not_dispatched","Response status: not_dispatched","","","","false","false","false","","","",""
"94562f43165b8d700a994017df69458ba1110e9ae4dc632ef2553fc961995179","family-09b4a88bbbe85d9c3921","scope_lookup","after_close","braces","natural","not_dispatched","Response status: not_dispatched","","","","false","false","false","","","",""
"94569dfc5fbaf81605d907f8fe01b95fbd54fd3b25576b9a3bd085ed5d54e03a","family-4046f51e619d48a84570","scope_lookup","after_close","named_end","nonce","not_dispatched","Response status: not_dispatched","","","","false","false","false","","","",""
"946f284ae95d1c8cf588c17e80f6266fda6834808b6578621a084a671c6edbf1","family-f9a76d59ee7a6cf3f7b1","scope_lookup","after_close","generic_end","natural","not_dispatched","Response status: not_dispatched","","","","false","false","false","","","",""
"947623a2aa3754c152989fec6c870aaa17ecdbb3b3fb69ca913d05e4a7dbcf56","family-bd4099cd056789e21e20","scope_lookup","after_close","padded_end","natural","not_dispatched","Response status: not_dispatched","","","","false","false","false","","","",""
"9477329bbc57fd9ec493d5cc2b0f5b0424766003e48815616659d997a088f3ab","family-916b36b95f1c26e349fe","scope_lookup","after_close","typed_end","nonce","wrong_answer","Expected 1094; received 2550","","","","true","true","true","","","",""
"94a453550cf69705ae957c552afcf67a235e349a4f7b439dde2546c40598bcb2","family-1a2337f1ba4ea155043f","scope_lookup","after_close","named_end","natural","not_dispatched","Response status: not_dispatched","","","","false","false","false","","","",""
"94a630f8124b76b8c4277f973ebf6ab1b2e2809b74bb8c9d06d685343080d3c3","family-35e80d3bdf46a8332d22","scope_lookup","after_close","generic_end","nonce","not_dispatched","Response status: not_dispatched","","","","false","false","false","","","",""
"94b3938bc3e0444a97ab0a2a1d791e80ae515bdf51552223538138439739fd6e","family-51e3627587c0ace4b236","scope_lookup","after_close","generic_end","nonce","not_dispatched","Response status: not_dispatched","","","","false","false","false","","","",""
"94d5bd53d8f5a1ad5747f81acff2b45d8b49b87271b90da00a61b303695fbf44","family-e4e4bee44810a636c443","scope_lookup","after_close","named_end","nonce","not_dispatched","Response status: not_dispatched","","","","false","false","false","","","",""
"94ddef1313a15395fd06e86518fdebcf001127b2725d00fa6d162bb125f900ca","family-9cb91149a5d178ddc1b8","scope_lookup","after_close","typed_end","natural","not_dispatched","Response status: not_dispatched","","","","false","false","false","","","",""
"95178a44a19cb94ccaecf12b482170696c4ba0125b43d0f798f1d53fff496f17","family-01cdf46109fd1bc56e5f","scope_lookup","after_close","braces","natural","wrong_answer","Expected 3889; received 1840","","","","true","true","true","","","",""
"951bd6959df9429e4bfcde019300b3ffc3877c724b930a232d2417cbbbbac031","family-0667f372699e0060cc60","scope_lookup","after_close","braces","natural","wrong_answer","Expected 8902; received 8724","","","","true","true","true","","","",""
"951de27e80a2df681c8edb90425eee009150a3db4400624c029a478431879233","family-77a73299bac04e5e2f03","scope_lookup","after_close","generic_end","natural","not_dispatched","Response status: not_dispatched","","","","false","false","false","","","",""
"9550b59a8b436ea1bc503e0678f6cd2d0914887a9406b53f9529d867a5d4592b","family-5f659e890d327754e519","scope_lookup","after_close","padded_end","nonce","not_dispatched","Response status: not_dispatched","","","","false","false","false","","","",""
"95555f98ec1833c6723f6e595628bf24fe04ccc5ce508f1909d5e644dd17b198","family-a7268f5d78df48d04f92","scope_lookup","after_close","typed_end","nonce","not_dispatched","Response status: not_dispatched","","","","false","false","false","","","",""
"955c4312362f6c62b59bf30826ecdae5006bbc2f02e175713088ee19ee7b7687","family-b5f5cbc81ad77e199fa2","scope_lookup","after_close","padded_end","natural","not_dispatched","Response status: not_dispatched","","","","false","false","false","","","",""
"9572831b71a9236e3fdb59d7dc2d00468b0653aa49738fef94e770993c3cf0f3","family-5505ccb9d7b4d5cf9fa6","scope_lookup","after_close","braces","nonce","not_dispatched","Response status: not_dispatched","","","","false","false","false","","","",""
"9573d02b166670bc74b55bc3f26a4d5e0b429e2cfab05255e6f4808ecede280f","family-0d222214afa9bc9215bb","scope_lookup","after_close","braces","natural","not_dispatched","Response status: not_dispatched","","","","false","false","false","","","",""
"95887d57053f63022647ef8938f67e80447bd8916374b42a42c5adbb78c0e98a","family-7c6644e9597e713f6c74","scope_lookup","after_close","generic_end","natural","not_dispatched","Response status: not_dispatched","","","","false","false","false","","","",""
"9593db1f62e8351beb66030277b9b79e3fce7336927376ef7784041be984fd01","family-5505ccb9d7b4d5cf9fa6","scope_lookup","after_close","braces","natural","not_dispatched","Response status: not_dispatched","","","","false","false","false","","","",""
"95b6eecc4badb0c287f75961551cd7c59b49a7a0cbaaf2690979e4fae1086e96","family-4f09c00bd3e6cfadf50a","scope_lookup","after_close","typed_end","natural","not_dispatched","Response status: not_dispatched","","","","false","false","false","","","",""
"95b9fb100cc3bd48bc20fbf87711a6a7e18173217a6de0b277b766c0438ab849","family-f067f0b23cbe71f81397","scope_lookup","after_close","named_end","natural","not_dispatched","Response status: not_dispatched","","","","false","false","false","","","",""
"95cd4c6ebe5a81f803a2b33164bbe35a0fc322b0eabd5764173fb85235344071","family-fb85b657ca85ca0c01d2","scope_lookup","after_close","named_end","nonce","not_dispatched","Response status: not_dispatched","","","","false","false","false","","","",""
"95ec269894acbf67e91a0ef5d5e7688eeadfd3ee9f507827b3098374362976be","family-82f7c99871edfa451f94","scope_lookup","after_close","braces","nonce","wrong_answer","Expected 4250; received 4063","","","","true","true","true","","","",""
"95f22972a3a100782ecacc8466ed81d454638f8f40f706eba79815e07f97f496","family-1a43aa90e10067aecec1","scope_lookup","after_close","named_end","natural","not_dispatched","Response status: not_dispatched","","","","false","false","false","","","",""
"95f8b653043826e20fb573244433a5fb2ec3d6f4397b8c2faf0d92279725ec60","family-8fe24f3228b7eb77ed3b","scope_lookup","after_close","named_end","nonce","not_dispatched","Response status: not_dispatched","","","","false","false","false","","","",""
"962eb3309d0e18e212c11d991ff5331b629d88eafaefd12902f66086b5a4cc0b","family-214f2ec96d9aaae4bd17","scope_lookup","after_close","typed_end","nonce","not_dispatched","Response status: not_dispatched","","","","false","false","false","","","",""
"96639f6fe8ef29dcf8c9c1d91d89936baf51d83f3d8aa0200b7ce53fd56eb0c0","family-3aeadfaeea80262198b8","scope_lookup","after_close","named_end","natural","not_dispatched","Response status: not_dispatched","","","","false","false","false","","","",""
"9669ec747d5db132f7decfc3f4920c9e56fdb2c849895c8278a5f7561cd2830b","family-c53e4b7b7f5b93e1e2d3","scope_lookup","after_close","braces","natural","not_dispatched","Response status: not_dispatched","","","","false","false","false","","","",""
"96763e500b13dadec6160822489856ceefa7af0eabb073f626a9d1d1323c213b","family-cc6d2196d5575c5c3662","scope_lookup","after_close","named_end","nonce","not_dispatched","Response status: not_dispatched","","","","false","false","false","","","",""
"9677de81d9f708e5e77b2febff377001624fe84e694aba270e108333d7959e24","family-cc6d2196d5575c5c3662","scope_lookup","after_close","padded_end","natural","not_dispatched","Response status: not_dispatched","","","","false","false","false","","","",""
"968b4ca5621a8ddebfa1fbb4cce214c23727cfef7d23aca27f19a83f610b5947","family-117dbfae30e5fb76090b","scope_lookup","after_close","padded_end","natural","not_dispatched","Response status: not_dispatched","","","","false","false","false","","","",""
"9690f87ee41651a56b0240bfefb8c908f3b46be9ddabba843c36e98c1d577d16","family-09b4a88bbbe85d9c3921","scope_lookup","after_close","generic_end","natural","not_dispatched","Response status: not_dispatched","","","","false","false","false","","","",""
"969b696d0b59ab199bf0cab9cd97aa71e1d47fed3ec9d7ad3d7291cc03b770fc","family-82f7c99871edfa451f94","scope_lookup","after_close","padded_end","natural","not_dispatched","Response status: not_dispatched","","","","false","false","false","","","",""
"96a7c20d1df3be10213e670d25dc4ab9a61220ef7860f9782bc14f6beca0b1f5","family-1200bd38534b72a0da70","scope_lookup","after_close","braces","natural","not_dispatched","Response status: not_dispatched","","","","false","false","false","","","",""
"96c52250780d73539f3fa8003d162a911ffd723501d41a2eece72eb05b29de48","family-37e71f85dfa4b5415e42","scope_lookup","after_close","generic_end","nonce","not_dispatched","Response status: not_dispatched","","","","false","false","false","","","",""
"96fd95cfc4d036ab186a65389a3aa2cc6c2296db58d30f921c62b13d8c9db837","family-6cb03cad104e91f804ec","scope_lookup","after_close","generic_end","natural","not_dispatched","Response status: not_dispatched","","","","false","false","false","","","",""
"972023ff4a59bfed44c953b944aafdf320dad74a6b0d25f26096ae032dcc3221","family-a9903e773d88e2f691f8","scope_lookup","after_close","generic_end","nonce","wrong_answer","Expected 7835; received 5270","","","","true","true","true","","","",""
"972b068ed568449b8d58b61a1e1582d79bc8063a88d38d572b1dbf7d44871641","family-dd63645388b6be942096","scope_lookup","after_close","padded_end","nonce","not_dispatched","Response status: not_dispatched","","","","false","false","false","","","",""
"973c3a316f1776c97c707827cd71c9335f0f4e7f800d548a81246ecea95267ca","family-3fdeb99b24e318aa28fb","scope_lookup","after_close","named_end","natural","not_dispatched","Response status: not_dispatched","","","","false","false","false","","","",""
"9757756aae132aed8328a33b3e9164f0d7a3947b1e1de4ce625cee1b7cb85633","family-4b6c2e38351ea351c486","scope_lookup","after_close","braces","nonce","not_dispatched","Response status: not_dispatched","","","","false","false","false","","","",""
"9766be117edafa8291dfab1e092873ab2cd782120fcc7461aef1796cb7a01cac","family-3c26e15b4433cbee7baa","scope_lookup","after_close","generic_end","natural","not_dispatched","Response status: not_dispatched","","","","false","false","false","","","",""
"97715ff5e0f741f191a7adf3c8a01e62f2a9dc5bd4bc6112c67ae78a15b12818","family-4f4d496d00088890da68","scope_lookup","after_close","padded_end","natural","not_dispatched","Response status: not_dispatched","","","","false","false","false","","","",""
"978c665da425375b5b64dcabe38e45890e4a3c67606ed9aeef0ff1680dbbeda4","family-ff6653263c8411054e4f","scope_lookup","after_close","named_end","nonce","not_dispatched","Response status: not_dispatched","","","","false","false","false","","","",""
"979694813f0050981dab9451e952078b3435029eedbbfcea161ef72eeb35fcd9","family-c04a143fff0ef2058d04","scope_lookup","after_close","padded_end","nonce","not_dispatched","Response status: not_dispatched","","","","false","false","false","","","",""
"9798686be8b4df52d413d2781c807b6d3e69c86cb5fa2e0201f1e9fd55dd09ca","family-3fbe7ca6370042704b99","scope_lookup","after_close","braces","nonce","wrong_answer","Expected 2958; received 6138","","","","true","true","true","","","",""
"97c515ba2c339352633f3387cb6449465bdb7d8bf18494d9378f264b06034507","family-488cbb7fd8c9c97aeaf3","scope_lookup","after_close","typed_end","natural","api_rejected","Response status: api_rejected","","","","false","true","true","","","",""
"97d27920dee20e86ec569f6379b88fe80a089298d552de315107b842cffcca4a","family-970fcc791975ca15fd0f","scope_lookup","after_close","typed_end","natural","not_dispatched","Response status: not_dispatched","","","","false","false","false","","","",""
"980cb4ba782971f1c3579556262a4688b1a564b36d9963ba81fe4d57669602a2","family-5f8adf71a8b33aeea343","scope_lookup","after_close","braces","natural","not_dispatched","Response status: not_dispatched","","","","false","false","false","","","",""
"981076c6cbe95480d3d0cce6ad9d659cd95318f8e23616c7031652fd7c63bc84","family-6ea5c2c3bdd3c9b20d4b","scope_lookup","after_close","braces","natural","not_dispatched","Response status: not_dispatched","","","","false","false","false","","","",""
"981c26b6d4f190a0c83f3250faab7935dcacc5a38582e5eff59339660da3ac4c","family-a4a591075b53dba33cf8","scope_lookup","after_close","padded_end","nonce","not_dispatched","Response status: not_dispatched","","","","false","false","false","","","",""
"982807039a283c1082fe0a72aa7195ecd0c788369101c915f2d8454c1a3584d7","family-8d5bfa027298888e3095","scope_lookup","after_close","padded_end","natural","not_dispatched","Response status: not_dispatched","","","","false","false","false","","","",""
"984be1dfa9364b290e54b135e01c975c58f09ad333d2267bdc924cbcf19f6a79","family-37091b20ad081d82704e","scope_lookup","after_close","named_end","nonce","not_dispatched","Response status: not_dispatched","","","","false","false","false","","","",""
"986ddf47f31387b4b8cfd40fae735688c9c70b0bdf3557b45761f4dfd1585bc8","family-0023ad6970e24716db3b","scope_lookup","after_close","padded_end","natural","wrong_answer","Expected 6569; received 5776","","","","true","true","true","","","",""
"989270e3d8ef16a6623dc37730a60f502af166d52f95a871fd769fe3cc1f7ffd","family-99d58b7d7e77fb56cd14","scope_lookup","after_close","named_end","nonce","not_dispatched","Response status: not_dispatched","","","","false","false","false","","","",""
"98b3f0980ae0c7d0cfc7862c7f29382a343cb5435a83db238fe6eec40cd4feb5","family-89700d68a60bdc6f667b","scope_lookup","after_close","generic_end","nonce","not_dispatched","Response status: not_dispatched","","","","false","false","false","","","",""
"98baee98a40b2a7e3c90a01d2d9f7500ae7dbf605f1be5625d7f6fe6bb0b2b0c","family-d4ffb9ece517f5e9bdff","scope_lookup","after_close","braces","nonce","wrong_answer","Expected 2412; received 7163","","","","true","true","true","","","",""
"98e0acfe34fe4bf7275430edd8ba36e87b139a1dc1987852c8b0fb03ba01ad68","family-b2b3ce1cf84d98d0409a","scope_lookup","after_close","padded_end","nonce","not_dispatched","Response status: not_dispatched","","","","false","false","false","","","",""
"98e4bf6f6cef16d2dda34103b22c9dfd65bbd1a0b62e8322c38e06dc3d36caa6","family-6ea5c2c3bdd3c9b20d4b","scope_lookup","after_close","braces","nonce","wrong_answer","Expected 2977; received 3165","","","","true","true","true","","","",""
"98e552622c5b2a7135c547d68207d5f99c665f86287d51f119927a53036b5f8d","family-f857e73b644ab2c812fd","scope_lookup","after_close","generic_end","nonce","api_rejected","Response status: api_rejected","","","","false","true","true","","","",""
"98e5527d0ea4ea60fa353dde18fa3b015c122832affc311948d76331480bb699","family-0acf2d0f70648c07f8ce","scope_lookup","after_close","generic_end","natural","not_dispatched","Response status: not_dispatched","","","","false","false","false","","","",""
"99146fe67a27db65cc3d32aba66778430af3e3d2ab69cbcfa1082d82535a2512","family-0390d75d26d3cf166849","scope_lookup","after_close","braces","nonce","not_dispatched","Response status: not_dispatched","","","","false","false","false","","","",""
"993ce7ba1936b515a472a4ec6b723faa3355782dc55633e02b840d48c45dc88f","family-34637b4b2fcf78aa9be1","scope_lookup","after_close","named_end","natural","wrong_answer","Expected 7639; received 1401","","","","true","true","true","","","",""
"994ddf09ab84f0114f5f27b2821c72f8fbb3a3e86efd3a20815582605c0d184b","family-2a7134667340fdbaebf0","scope_lookup","after_close","generic_end","natural","not_dispatched","Response status: not_dispatched","","","","false","false","false","","","",""
"997685c17678a0a06e3c4aae543b88fcd247c3794b608459839e5d9a94bfd4d6","family-c30589a166aa1f1ae939","scope_lookup","after_close","named_end","natural","not_dispatched","Response status: not_dispatched","","","","false","false","false","","","",""
"997d7b83e970bd1b46c2569efc0b4a840a4a0a18f6452f4abf198bacca4d7194","family-47a815662d4bac370f57","scope_lookup","after_close","generic_end","nonce","not_dispatched","Response status: not_dispatched","","","","false","false","false","","","",""
"9985eed70077cae6b1b7b18a58909af848860df00995959e3de9c94204e39ab9","family-0023ad6970e24716db3b","scope_lookup","after_close","braces","natural","wrong_answer","Expected 6569; received 5776","","","","true","true","true","","","",""
"99b75b96899159cc55bdfe770ad7c3b6665cba8f6f0568acd10f95392b078f7e","family-c40d8d6e3375c4e86995","scope_lookup","after_close","braces","natural","not_dispatched","Response status: not_dispatched","","","","false","false","false","","","",""
"99c6ac5fcfb646d2793c2cf15b06ef8e9ce81200ff9076da073a4d124daad33e","family-01cdf46109fd1bc56e5f","scope_lookup","after_close","braces","nonce","not_dispatched","Response status: not_dispatched","","","","false","false","false","","","",""
"99e27adfbf9e0478765a5786b44704b1805bc85b5f78e2e9d19147c406829962","family-0eb3f9df620743533159","scope_lookup","after_close","padded_end","natural","not_dispatched","Response status: not_dispatched","","","","false","false","false","","","",""
"99ee00a5f8a0b8d4f441c9f577ed3c958215edec582e2922d6f764308c477d2d","family-130bfd53f821d0de9f25","scope_lookup","after_close","padded_end","nonce","not_dispatched","Response status: not_dispatched","","","","false","false","false","","","",""
"99fe32c86e9287e06a8fb3a60ae6afa341eadb951dbb4b9388051f28366f9e94","family-b44a22afbe017ba651f2","scope_lookup","after_close","typed_end","natural","not_dispatched","Response status: not_dispatched","","","","false","false","false","","","",""
"9a20987273df7a2be32b02c7b07cdf24ac4ff232b8a823beda7d1f945f13ca55","family-dce5691b0fc8fdcecf1a","scope_lookup","after_close","typed_end","natural","not_dispatched","Response status: not_dispatched","","","","false","false","false","","","",""
"9a26468aaad3612738d70f0e1a4e914666c3e8143f566533b5bf118960c22121","family-80c89211d1f0ead58843","scope_lookup","after_close","named_end","natural","not_dispatched","Response status: not_dispatched","","","","false","false","false","","","",""
"9a29af73cc427f584e2ef1c7f9abad80057877f49e20e8b0aa6f2f90900de604","family-1069e84739245add00bb","scope_lookup","after_close","braces","natural","wrong_answer","Expected 5784; received 8808","","","","true","true","true","","","",""
"9a3d3a4d3a1b7cd093420ef2c7c2a953bb9bfa19cce75045d5f05be2c37da533","family-ad42e2d8dffbd5ea2a89","scope_lookup","after_close","padded_end","nonce","not_dispatched","Response status: not_dispatched","","","","false","false","false","","","",""
"9a3e72cf7d106a31aa59c0f5578806f65a9d66a3c7c1d17574bf49b4b7174442","family-23cedb05826477c90f73","scope_lookup","after_close","generic_end","natural","not_dispatched","Response status: not_dispatched","","","","false","false","false","","","",""
"9a3f38b77eb5b29a625787d92b056747f422ff175fce4ca03cc3c8e793f671c7","family-fe0fa705a9f02858bb6f","scope_lookup","after_close","typed_end","nonce","not_dispatched","Response status: not_dispatched","","","","false","false","false","","","",""
"9a3f426d72216905e6807bcff9afe3415ff0ca6ecc12cb34a0bfd3cf75d358ab","family-c2443995dc6c2d3e49fa","scope_lookup","after_close","padded_end","natural","not_dispatched","Response status: not_dispatched","","","","false","false","false","","","",""
"9a56038e65aa7918633b15ed245ddc83cb9c1b3266ca84cc701a52bf12b2c7f8","family-a163b39b443aa35544cf","scope_lookup","after_close","generic_end","nonce","not_dispatched","Response status: not_dispatched","","","","false","false","false","","","",""
"9a8290c928e182cbd4417dabfa12404e16dffa469eea21f521eeec9b860c464c","family-7da70a34495f8d91e728","scope_lookup","after_close","typed_end","nonce","not_dispatched","Response status: not_dispatched","","","","false","false","false","","","",""
"9a8bc2b17f9aded544f49b986a9050a3ccfa4390511e2afa8c322398da2e6a24","family-24f14ad02f9d79d4e6f7","scope_lookup","after_close","typed_end","natural","not_dispatched","Response status: not_dispatched","","","","false","false","false","","","",""
"9a9303200b031b5e03a353e30c327a64228f300e25cc8c722ece1ff18eecd1d0","family-d1851b2f24c3cbd63595","scope_lookup","after_close","named_end","natural","not_dispatched","Response status: not_dispatched","","","","false","false","false","","","",""
"9a99789d4c4d3016b3d47470269de4207142e8475f009dd2c3f2a433b36fcbde","family-7f74e48ed7f247650ffb","scope_lookup","after_close","braces","nonce","not_dispatched","Response status: not_dispatched","","","","false","false","false","","","",""
"9aa0a4cc1b07b7353f985c02e75cab6bd30a54e51a084daed1236c9d4b60d667","family-66e8267de10ae2e904ab","scope_lookup","after_close","generic_end","nonce","wrong_answer","Expected 7950; received 3456","","","","true","true","true","","","",""
"9aac4d13cfdb8ff44d4d2c0981b72d3b36a0d491094bc08f014fe44af04cdec1","family-1ad1a54830bc8740173d","scope_lookup","after_close","padded_end","natural","not_dispatched","Response status: not_dispatched","","","","false","false","false","","","",""
"9ab151852a9e964a151a8f1910b60d34197e0dc13b73f9f9d1a56b8dccd7411f","family-aa32c06aefe0097b5d71","scope_lookup","after_close","generic_end","natural","not_dispatched","Response status: not_dispatched","","","","false","false","false","","","",""
"9ac0ebd3f77f5d394d38652edaa6d890a55a431fb6d9a3470ef288a6dd27b1aa","family-1c5cd02f221964d951cf","scope_lookup","after_close","padded_end","natural","not_dispatched","Response status: not_dispatched","","","","false","false","false","","","",""
"9ad11f3cc660c47475311eac29956149b6a32ac2aee13fd8a23d6f3deb1e7688","family-5b63e686107fdc9456ad","scope_lookup","after_close","typed_end","nonce","not_dispatched","Response status: not_dispatched","","","","false","false","false","","","",""
"9b1b546ca761abbdf5f82a3c17e45caa0656c1293e1a7a98632dc74fb680725c","family-4c55dabdfb255c14990e","scope_lookup","after_close","padded_end","nonce","not_dispatched","Response status: not_dispatched","","","","false","false","false","","","",""
"9b4e61cc38be10d3e0e37104b4bb719c534626fde16f2d685676388d3238d43f","family-2bd2fa1f5e64c58c7269","scope_lookup","after_close","braces","nonce","not_dispatched","Response status: not_dispatched","","","","false","false","false","","","",""
"9b4f926b97e3157fa2483333d82ee09f23f8dc5412ed9c77b722c26175ce8988","family-6df28d40bfe0615debdc","scope_lookup","after_close","generic_end","nonce","not_dispatched","Response status: not_dispatched","","","","false","false","false","","","",""
"9b6a1c4430a244996bb5f03e4c6ad14261c6a7f0e358b576e991ebb3ae77af49","family-afba5579c1fbf62fab82","scope_lookup","after_close","braces","natural","not_dispatched","Response status: not_dispatched","","","","false","false","false","","","",""
"9b6fb5b9a2f161d9b6b43fffdfc47b747c2c50dc403cbd2d0a8a1a3d0f170078","family-b9a22dc1cabbc23bf307","scope_lookup","after_close","generic_end","nonce","not_dispatched","Response status: not_dispatched","","","","false","false","false","","","",""
"9ba3b67ef81def1848422f3ff063fa347b84e1f7863d4b1c8bf08f7fa33216fb","family-8f317ad0879df221e04d","scope_lookup","after_close","named_end","nonce","not_dispatched","Response status: not_dispatched","","","","false","false","false","","","",""
"9ba5fb82ea40b004b9a95bc32ca6188498a029f8bb029f64b0bd342b3caf6938","family-ccea5ca66ad622bb7848","scope_lookup","after_close","named_end","nonce","wrong_answer","Expected 9901; received 6554","","","","true","true","true","","","",""
"9bbe9a7f5fe7e083c57e4f5d93bf244cb368ff29cfa6e8b1d47f4938b72c153f","family-30dc588b7cd9f5499243","scope_lookup","after_close","padded_end","nonce","not_dispatched","Response status: not_dispatched","","","","false","false","false","","","",""
"9bd0298ba6e9c6314d1f3b7b248ace9258ad76be880e0313a43be0f0c6063712","family-829d414067d60b06cdd7","scope_lookup","after_close","generic_end","nonce","not_dispatched","Response status: not_dispatched","","","","false","false","false","","","",""
"9bd4041e2c05fca53768bcf6346a351dafccb098f3d744dbfa33f55b4b06e384","family-c40d8d6e3375c4e86995","scope_lookup","after_close","generic_end","natural","not_dispatched","Response status: not_dispatched","","","","false","false","false","","","",""
"9be1142b3a71b7c07d35d9abef8c55c2e6092dfb2224ceece26c990f3f8ee20d","family-48abd2d50bb258341298","scope_lookup","after_close","named_end","nonce","not_dispatched","Response status: not_dispatched","","","","false","false","false","","","",""
"9bed580fcc647ca097c99f97cae542638e6f573cc5fead57c5fe9240bec38a16","family-26424f3e46400e918ad5","scope_lookup","after_close","named_end","natural","not_dispatched","Response status: not_dispatched","","","","false","false","false","","","",""
"9beeed7bf2efd0745687f15a1163c7b49bcd01458c50d03038ef7fe02b67b21a","family-eee77401bb17096401e6","scope_lookup","after_close","named_end","nonce","not_dispatched","Response status: not_dispatched","","","","false","false","false","","","",""
"9c15323cbf25595bf65a0145712d953a5184a10f0166212f6b6b51db08572968","family-fce83fa5b6f1ed2ecae9","scope_lookup","after_close","named_end","nonce","not_dispatched","Response status: not_dispatched","","","","false","false","false","","","",""
"9c1770cb73e6ad9d7632c6e4deda3e1ed8dea1cd37085baedfa95d4f7c3e1255","family-9199473c19eda7b608cb","scope_lookup","after_close","generic_end","natural","not_dispatched","Response status: not_dispatched","","","","false","false","false","","","",""
"9c1f61838c2bc412d55d6125f55b8c2e7bb86aa310f79e2ce6929c31dd281fc2","family-aa53edb64586a280de93","scope_lookup","after_close","braces","natural","not_dispatched","Response status: not_dispatched","","","","false","false","false","","","",""
"9c3e9dbf89ee0cea9371ffd6188aa904a5fc830b0c1d26d4a4fbd107d046c93d","family-0699416dc3b5b7df1a2a","scope_lookup","after_close","padded_end","natural","not_dispatched","Response status: not_dispatched","","","","false","false","false","","","",""
"9c406fef7a81a258e650252d38f27396fda36899321ba7cabe9d20c3ba5e0973","family-ac8d99f31a8067b4003c","scope_lookup","after_close","named_end","nonce","not_dispatched","Response status: not_dispatched","","","","false","false","false","","","",""
"9c725e41585dcb16b8678d2815f145b662298ffa9e74efb961619efe7af5b74b","family-6b66a4e96816de483a6d","scope_lookup","after_close","padded_end","natural","not_dispatched","Response status: not_dispatched","","","","false","false","false","","","",""
"9c746709b135bc9e00228d2362d809e4480327a92dffd875424b687df29f59eb","family-a4a591075b53dba33cf8","scope_lookup","after_close","braces","nonce","not_dispatched","Response status: not_dispatched","","","","false","false","false","","","",""
"9c81d1aced208fa55779a7bd3cc4fce95a18054ebf39245b63729f3a37592788","family-c33750973d7bb2b01ed3","scope_lookup","after_close","braces","nonce","not_dispatched","Response status: not_dispatched","","","","false","false","false","","","",""
"9c86c25d9b17ced4dc6bbe17e3f93efc773f64fdc35963bb7dcb6db1f94156b9","family-b3b20e3062fd3c008541","scope_lookup","after_close","braces","natural","not_dispatched","Response status: not_dispatched","","","","false","false","false","","","",""
"9c952dfe399b96b0c1483d9b67c607448521c291e7133f286df96bb791e4b5a1","family-1ad1a54830bc8740173d","scope_lookup","after_close","typed_end","natural","not_dispatched","Response status: not_dispatched","","","","false","false","false","","","",""
"9cce80d635c4049ff6fe13ede03fcf407fc91e7166a804b5d752ad59a8859bcd","family-1270ade5663f5ae56168","scope_lookup","after_close","padded_end","natural","not_dispatched","Response status: not_dispatched","","","","false","false","false","","","",""
"9cd096fe16a9ab5f5195b85e15fd1d40368f43b64ecd384404f670306f53cbae","family-b3fbb8c02b86ad28311d","scope_lookup","after_close","named_end","nonce","not_dispatched","Response status: not_dispatched","","","","false","false","false","","","",""
"9cd0f56ab36af853360e099bc58f735f1fc76e7f8974767c0320edd0d8ae092b","family-0699416dc3b5b7df1a2a","scope_lookup","after_close","typed_end","natural","not_dispatched","Response status: not_dispatched","","","","false","false","false","","","",""
"9ce4b1a698fe17a02f772845768f69479c9dd4e993ec01f73b1b090bc246d1c7","family-c2696942e1a1e990f379","scope_lookup","after_close","braces","natural","not_dispatched","Response status: not_dispatched","","","","false","false","false","","","",""
"9ce69b6b467fb3ed6f3d10d257627cd414d135a063e7ae7aa78cb74ec62d3663","family-ac8d99f31a8067b4003c","scope_lookup","after_close","typed_end","nonce","not_dispatched","Response status: not_dispatched","","","","false","false","false","","","",""
"9cee25609553d9b2cb07c26a559465ee9b7d0bf698e1a4ac652c591963b4eec2","family-f3dd9c204daa74691d3b","scope_lookup","after_close","generic_end","natural","not_dispatched","Response status: not_dispatched","","","","false","false","false","","","",""
"9d354d986582f05a8da18a1a4dbe4182501bc99c44138b6bd0eb2bca10d0b92d","family-ad42e2d8dffbd5ea2a89","scope_lookup","after_close","generic_end","nonce","not_dispatched","Response status: not_dispatched","","","","false","false","false","","","",""
"9d37a9436cbeaddc79cbea86d20560394a0a2f52dc5cc95bbf69cc8af215ce19","family-097b5d6e676871957e62","scope_lookup","after_close","braces","nonce","not_dispatched","Response status: not_dispatched","","","","false","false","false","","","",""
"9d4256387ecaa51ff716dace3386549ad59dab00372795f34825875a56a16940","family-c4815f06eb99e1526852","scope_lookup","after_close","named_end","nonce","not_dispatched","Response status: not_dispatched","","","","false","false","false","","","",""
"9d55002f24bec6ccec7753a035d0b8cae122b674027fe77828028af3dd3b0c4b","family-dbf800c44ba620013de4","scope_lookup","after_close","generic_end","nonce","not_dispatched","Response status: not_dispatched","","","","false","false","false","","","",""
"9d59e1bbe2690e852fc07d3db2e1ceed788f24b8e3da5e13753de4208639629f","family-0023ad6970e24716db3b","scope_lookup","after_close","named_end","nonce","wrong_answer","Expected 6569; received 5776","","","","true","true","true","","","",""
"9d5fb4cdc352665f4258a16c74ce8c3d143eafe4531838b07256a43324fb0a01","family-e4e4bee44810a636c443","scope_lookup","after_close","padded_end","natural","wrong_answer","Expected 6999; received 8794","","","","true","true","true","","","",""
"9da0dc5cb7943f5ce8edc3ff07d0926233696507b1da4a0f22be29e553a4b7bd","family-9d6bc5a154d21d67a0f3","scope_lookup","after_close","braces","natural","wrong_answer","Expected 1509; received 1540","","","","true","true","true","","","",""
"9db76a762d109f6c98ba9099e2d0a19c353c90b49ea4b0ddb5d5b68bb2d04064","family-56378884ef7b40bfc27d","scope_lookup","after_close","padded_end","nonce","not_dispatched","Response status: not_dispatched","","","","false","false","false","","","",""
"9dbbadb6e8f692a87cbd63dede498a2a2b03b54941aa480b845adf59bc03d21c","family-069a6373157818e063fe","scope_lookup","after_close","braces","nonce","not_dispatched","Response status: not_dispatched","","","","false","false","false","","","",""
"9dfa7bd76ebf4323a2027940b5ddf7fb96bcfb1106369e7f373c4e60aa42d1fb","family-8705b6cd1076ed4db29d","scope_lookup","after_close","named_end","nonce","not_dispatched","Response status: not_dispatched","","","","false","false","false","","","",""
"9e0307cc90a9d60307bc395aab9281d9d08d3c00bca932c4709b762e921bbe90","family-3e2147864f0fd49cabea","scope_lookup","after_close","named_end","natural","not_dispatched","Response status: not_dispatched","","","","false","false","false","","","",""
"9e245fc975e18409e86f2b3769faee333e9057f6719a1e261984c8d38f953b72","family-b3b20e3062fd3c008541","scope_lookup","after_close","generic_end","nonce","api_rejected","Response status: api_rejected","","","","false","true","true","","","",""
"9ea28818fb5c0c29675908cf6d27606a3fa51eecd1a7d1e8fa5fdc66d04c07fa","family-8cee1c486947aa25cb4a","scope_lookup","after_close","generic_end","natural","not_dispatched","Response status: not_dispatched","","","","false","false","false","","","",""
"9eadb14ca8b75928847447982e97daae42db2db2c6bd58bf789a5fb56930d3f0","family-aa53edb64586a280de93","scope_lookup","after_close","named_end","natural","not_dispatched","Response status: not_dispatched","","","","false","false","false","","","",""
"9ec2935cd45f46f2e90d5a6a51187342f99b971243f78d921aa0e13595bd14e7","family-a2ece4fbdba8feaddd6b","scope_lookup","after_close","generic_end","natural","api_rejected","Response status: api_rejected","","","","false","true","true","","","",""
"9edcfa638e1152ec580bd516e7ae7f94bbc7992fbdef0e4bd8b9ac62ab1ba5fb","family-16612feb98c14c90fc9f","scope_lookup","after_close","named_end","nonce","not_dispatched","Response status: not_dispatched","","","","false","false","false","","","",""
"9f28e9501d4f6b6564f5882ae807b23066d6f0b634aa889e0860e15ec7743f30","family-39cc5f35c08943b49cd0","scope_lookup","after_close","named_end","nonce","not_dispatched","Response status: not_dispatched","","","","false","false","false","","","",""
"9f4f41e33c37bd01bf60c5013ed9b194c34c27049a1ccb554715a44a44af4c14","family-37e71f85dfa4b5415e42","scope_lookup","after_close","braces","natural","not_dispatched","Response status: not_dispatched","","","","false","false","false","","","",""
"9f4fa22b42b6e2df4d0f81f2433aa8b2dbe9b6eec2e58e9753a32ce14260bf0d","family-8b035bce4ca204e57955","scope_lookup","after_close","padded_end","natural","not_dispatched","Response status: not_dispatched","","","","false","false","false","","","",""
"9f7b208135dbe85b75ca573197ddeeabfd9d56864053f5809f605b771c69afbc","family-6bd2730ce8334ea9ef86","scope_lookup","after_close","generic_end","nonce","wrong_answer","Expected 3752; received 7065","","","","true","true","true","","","",""
"9f7e128fe07e614aa5f0f4248435a5362bd840e39f77bbc2c1ba30af5ff8aec3","family-2f1c1a229278501ea898","scope_lookup","after_close","braces","natural","wrong_answer","Expected 7156; received 5807","","","","true","true","true","","","",""
"9f878d5309e9bc52cbb296f0913ec2abe77780e1223dc2bccf5da914bce6eeb3","family-243eb03802ed1e0be805","scope_lookup","after_close","typed_end","natural","not_dispatched","Response status: not_dispatched","","","","false","false","false","","","",""
"9fb2eebe2b360736c2d972b394036c92d662180276f1dc8e86a7d09821aac0f7","family-9199473c19eda7b608cb","scope_lookup","after_close","padded_end","natural","not_dispatched","Response status: not_dispatched","","","","false","false","false","","","",""
"9fba7bd0ab473c41f1fce9122baa3859997b4215a8ce5411154e0bd3296c46a6","family-cc273e9877adf84990a7","scope_lookup","after_close","typed_end","natural","not_dispatched","Response status: not_dispatched","","","","false","false","false","","","",""
"9fbb90868bb1ff3e47419075c5c73cac6058a94a11d525bba8118ecf32df360f","family-3aeadfaeea80262198b8","scope_lookup","after_close","braces","natural","not_dispatched","Response status: not_dispatched","","","","false","false","false","","","",""
"9fda9da233c3889a692ddd1d82cc3661770d0d2014f790cbecf89db3df8d6370","family-b9dffdcb3b9bd2373ad2","scope_lookup","after_close","generic_end","nonce","not_dispatched","Response status: not_dispatched","","","","false","false","false","","","",""
"a0154fb797151858ec29dd965c23ef7756f3e7ab6530370bfac43b87d38660c8","family-5f855b35c87e7752fc0f","scope_lookup","after_close","generic_end","nonce","not_dispatched","Response status: not_dispatched","","","","false","false","false","","","",""
"a02320be0d6dda7f6025ca97d2e04dfd44c1f77c286cf71bcae574614f0beba4","family-117dbfae30e5fb76090b","scope_lookup","after_close","braces","nonce","not_dispatched","Response status: not_dispatched","","","","false","false","false","","","",""
"a024d305f7a32ceac0405f3c14191d4031b7cc8b16182059819b4b48b8d2ad68","family-6df28d40bfe0615debdc","scope_lookup","after_close","braces","natural","not_dispatched","Response status: not_dispatched","","","","false","false","false","","","",""
"a031256c332a77717b180b46136ef665ef24e3c71bae0b2e1906e0e58008cdf9","family-30c7b881331ee20888a8","scope_lookup","after_close","typed_end","natural","not_dispatched","Response status: not_dispatched","","","","false","false","false","","","",""
"a031e21b28f042c1856ef77137411b8de786d277073852bf3d15f4250d1fea31","family-e739721766419f8ad9dd","scope_lookup","after_close","typed_end","natural","not_dispatched","Response status: not_dispatched","","","","false","false","false","","","",""
"a0688a9659aa2c78f9adeef8dbdcfca5cb54e40ca10b4654b12635996589ccb3","family-e3b1d33e3c9e4a56dc91","scope_lookup","after_close","padded_end","natural","not_dispatched","Response status: not_dispatched","","","","false","false","false","","","",""
"a06bc74145d7579a16e354ac39822c35d849651f4ec580e06f676842a25a2a9d","family-ecf47f012083117c0103","scope_lookup","after_close","braces","nonce","not_dispatched","Response status: not_dispatched","","","","false","false","false","","","",""
"a06eb676f74d9676b6742df4ed649f89aa614ca009814c6cebfda8962e5942f8","family-40e8465255e9a32d9a35","scope_lookup","after_close","typed_end","nonce","not_dispatched","Response status: not_dispatched","","","","false","false","false","","","",""
"a07322ca7b14fc64c0269849202e1503b3a9897cab781a2d1a81568112351098","family-d1851b2f24c3cbd63595","scope_lookup","after_close","typed_end","natural","not_dispatched","Response status: not_dispatched","","","","false","false","false","","","",""
"a0abd94564efb6896acaaaa4dd4d13a69b9e0e743b11fb72b081c800baa82d7b","family-c2696942e1a1e990f379","scope_lookup","after_close","typed_end","natural","not_dispatched","Response status: not_dispatched","","","","false","false","false","","","",""
"a0b518e85b3f3c61fe0adad9b42bc7a9a0c421275bef2c12ff61c12cabeafa82","family-a4a591075b53dba33cf8","scope_lookup","after_close","generic_end","nonce","not_dispatched","Response status: not_dispatched","","","","false","false","false","","","",""
"a0c48f1ea0c5bb03a741ed3f8c88c34b83fdd5884a0ec3904605e975eda083ab","family-6cb03cad104e91f804ec","scope_lookup","after_close","typed_end","natural","not_dispatched","Response status: not_dispatched","","","","false","false","false","","","",""
"a106bdfdf6178df2c9bf4f16c377dd506fece05f2f62fe24ef8f82ef0ff0964e","family-365f2be098ba49c5211e","scope_lookup","after_close","named_end","natural","not_dispatched","Response status: not_dispatched","","","","false","false","false","","","",""
"a107c378ef90b48479304261472e6fd0d4a2d1f29695167c87e848c537f979a6","family-3999856e1484a99e30ab","scope_lookup","after_close","generic_end","natural","not_dispatched","Response status: not_dispatched","","","","false","false","false","","","",""
"a14c16bc546142c2a27f9fa980bb17d05ef2b1381e037448580c17e7dc481220","family-14769b98bd337e812653","scope_lookup","after_close","braces","natural","wrong_answer","Expected 1080; received 7752","","","","true","true","true","","","",""
"a18cc12e87d67ef4841aad5565693c535ce8721a6ccb7ebb446cd7b77b3b7d74","family-59844afb2ef9a6952066","scope_lookup","after_close","generic_end","natural","not_dispatched","Response status: not_dispatched","","","","false","false","false","","","",""
"a1c39f1fcd134dd30ff886a65ef17ea6ac03b66fba8156965eb27745b9d560b8","family-d6edda27d6ed38879c7a","scope_lookup","after_close","padded_end","natural","not_dispatched","Response status: not_dispatched","","","","false","false","false","","","",""
"a1dda496c64870305bae3feca7bf6afe3853652b3dc9d2165a95b897c0bcb0a0","family-a163b39b443aa35544cf","scope_lookup","after_close","typed_end","natural","not_dispatched","Response status: not_dispatched","","","","false","false","false","","","",""
"a1eff90b3daa5224e22c28a563d6c8d7acbe0dba499ae49d983ddced77a7d064","family-6cb03cad104e91f804ec","scope_lookup","after_close","braces","nonce","wrong_answer","Expected 3844; received 5004","","","","true","true","true","","","",""
"a1f0db80eb12503508bdc277b6d4f98eef863217b612c5f340d365eb11b45f6c","family-ed05da2b0d9dd06af867","scope_lookup","after_close","braces","nonce","wrong_answer","Expected 4263; received 7965","","","","true","true","true","","","",""
"a1f33c2d64035e0c55805b3a6fc71cf35e593a3adc4c4adb64d97f876eb5c69f","family-ae4e037228e90a31f7a3","scope_lookup","after_close","generic_end","natural","wrong_answer","Expected 2609; received 1881","","","","true","true","true","","","",""
"a1f396931ba87f5ac315a3a451e57924d324100071347d877dd7d58f41b84195","family-2d743a2dd39850fe48a6","scope_lookup","after_close","padded_end","nonce","not_dispatched","Response status: not_dispatched","","","","false","false","false","","","",""
"a1f4472c2dbb3205291aeb920089253b2f5fb92284d23e847ed7c5acb853190a","family-cac713cc9e27f8ff91fc","scope_lookup","after_close","braces","nonce","wrong_answer","Expected 4872; received 8412","","","","true","true","true","","","",""
"a1fb97249dafc5dd84029dee020d32fb4a89f32bbefbcf1b94ad3f1f057bda97","family-8805107cd8eb92a3c679","scope_lookup","after_close","generic_end","natural","not_dispatched","Response status: not_dispatched","","","","false","false","false","","","",""
"a26a04c4b0d596aba13e6da05ace528d25f2d0be3ed5238ceaf226d3a5b63845","family-e7e829d4356ce7aa43c2","scope_lookup","after_close","padded_end","natural","api_rejected","Response status: api_rejected","","","","false","true","true","","","",""
"a26b1f9ffa3f55607a444118f9988a5b45f064b9ba88b328ec0327a44b209419","family-85f33245ba7589a7ec72","scope_lookup","after_close","braces","natural","not_dispatched","Response status: not_dispatched","","","","false","false","false","","","",""
"a26de633c332c8913ce9b3037ec2f1e5ac5cdab6500c664be23226e4d1c0ca6d","family-9d6e50e771e053fd4b63","scope_lookup","after_close","generic_end","natural","not_dispatched","Response status: not_dispatched","","","","false","false","false","","","",""
"a29949828dbb509f1eaa7f8df18b8c9bb4119d01de20452534d868d71935618e","family-bd38bffc442c34f39c74","scope_lookup","after_close","padded_end","natural","not_dispatched","Response status: not_dispatched","","","","false","false","false","","","",""
"a2a3c3592c51546e1e0dc8a0ad7fc41e93130ca2ef45eb2b8e59b5b814151e96","family-9846f2b11bff195d64b8","scope_lookup","after_close","typed_end","natural","not_dispatched","Response status: not_dispatched","","","","false","false","false","","","",""
"a2e645ddbab8c5eef338d15c9b29474d5fb387a25e89f3e53675da7f7fe15b0e","family-fe94f52290d7fe43bad8","scope_lookup","after_close","named_end","natural","api_rejected","Response status: api_rejected","","","","false","true","true","","","",""
"a31370aeb419b6307a9e2ad1c70ca1b4bf42a074099994a7e6c52f4e3269b1a3","family-0acf2d0f70648c07f8ce","scope_lookup","after_close","braces","nonce","not_dispatched","Response status: not_dispatched","","","","false","false","false","","","",""
"a32b8a940fc4dc84c8f5f39d4d24e722543c7b50a1a4874fb83081e311cce01a","family-c7b024cb458a5cd8d45e","scope_lookup","after_close","braces","natural","wrong_answer","Expected 3930; received 4284","","","","true","true","true","","","",""
"a34c980c1ab61183d82ecbb52679576943c6f76797027106a3faa85149731a81","family-145ebbdc3f7d1375ede1","scope_lookup","after_close","braces","nonce","wrong_answer","Expected 1957; received 4804","","","","true","true","true","","","",""
"a3645362a28bfdf70f5f158306d7376f3d2c371588cd37116add4e3036796d0e","family-a687b9583e025493e18e","scope_lookup","after_close","named_end","natural","not_dispatched","Response status: not_dispatched","","","","false","false","false","","","",""
"a37da10f3c6f272f95324e418bc7dfae313a998b3c3b2456a246dc29f1f001f0","family-6df28d40bfe0615debdc","scope_lookup","after_close","padded_end","nonce","not_dispatched","Response status: not_dispatched","","","","false","false","false","","","",""
"a394b05f4852347aec1897403ee0c1049f021f4c9e5ae6d440add011db2f217d","family-bd38bffc442c34f39c74","scope_lookup","after_close","generic_end","natural","not_dispatched","Response status: not_dispatched","","","","false","false","false","","","",""
"a39acfd7bdee0af4e4efc544e2288bca19019594b27417ccf8f389b011a7a46b","family-0acf2d0f70648c07f8ce","scope_lookup","after_close","typed_end","natural","not_dispatched","Response status: not_dispatched","","","","false","false","false","","","",""
"a3d63f69d6818c43e65abf88d44d005b378dfaff3d475f83be6d92ee74a0e8d2","family-b20a529e15d4299fb7b4","scope_lookup","after_close","typed_end","nonce","not_dispatched","Response status: not_dispatched","","","","false","false","false","","","",""
"a3deb08574701993bcd2a90244cc0dbf53939f849d967a86964def5e2613c3db","family-4e24c4b756f53a42f700","scope_lookup","after_close","named_end","natural","not_dispatched","Response status: not_dispatched","","","","false","false","false","","","",""
"a43221b66dc9ee850bc897ff0d4ac668a8a191ed10113f4bd97d742037f838c0","family-ac8d99f31a8067b4003c","scope_lookup","after_close","generic_end","nonce","not_dispatched","Response status: not_dispatched","","","","false","false","false","","","",""
"a43fb5f28e825162350676c62418fdcaf60a305c8a82943dedcfcaeb424251e1","family-51b2b2e1e5b6e49579e8","scope_lookup","after_close","braces","natural","not_dispatched","Response status: not_dispatched","","","","false","false","false","","","",""
"a486beec7242ace0d338bb5580b419d13552e2471c31a341c039396796052ac6","family-21689227027c8deacb38","scope_lookup","after_close","typed_end","nonce","not_dispatched","Response status: not_dispatched","","","","false","false","false","","","",""
"a4b2e915feb5bd8fcc71dd6bb1e43b9e7c760d385630f6dc060d531ff39bc4fb","family-117639ec340885b3ffc1","scope_lookup","after_close","padded_end","nonce","not_dispatched","Response status: not_dispatched","","","","false","false","false","","","",""
"a4c42fd1d9224575952936e3050cc9abd98eaaea7c70e20aff83ec830376f698","family-0390d75d26d3cf166849","scope_lookup","after_close","named_end","nonce","not_dispatched","Response status: not_dispatched","","","","false","false","false","","","",""
"a52fb5e2646c1a65a15404f25d61a7f9e7bee4c77485b041a9a470df43a72a0b","family-d4ffb9ece517f5e9bdff","scope_lookup","after_close","generic_end","natural","wrong_answer","Expected 2412; received 7163","","","","true","true","true","","","",""
"a5348d64e7f1f11964199f36a06a1934881ff221ccce17675e4496d38d8191ec","family-10f87faacca5a08f29d3","scope_lookup","after_close","named_end","nonce","not_dispatched","Response status: not_dispatched","","","","false","false","false","","","",""
"a536578a24bab014b1fbbf5e68aac9be6d8ac852e3555444814bd8c9f8de8c64","family-7e7292c1f798ebb57a6f","scope_lookup","after_close","generic_end","natural","not_dispatched","Response status: not_dispatched","","","","false","false","false","","","",""
"a541544ebb44fc9dc52b775cffd8b821c0a1c62bce47bfa5511c830008db4994","family-56378884ef7b40bfc27d","scope_lookup","after_close","generic_end","nonce","not_dispatched","Response status: not_dispatched","","","","false","false","false","","","",""
"a577944e6ec461e45a1a6a546244556125a43829969a426d270bb93a3ac63ac2","family-2be56cecb4e1df88c33b","scope_lookup","after_close","generic_end","nonce","not_dispatched","Response status: not_dispatched","","","","false","false","false","","","",""
"a5d3b1ab0236d7dce4c3b882c33f33891ba0a395541d604ab2e5cf537eb931d7","family-f5daf0fe2889473ae782","scope_lookup","after_close","named_end","nonce","not_dispatched","Response status: not_dispatched","","","","false","false","false","","","",""
"a60a4ebeb0bb1e11cf3d9d55d53176f34e2be55f9fcffc38775a574fd132fd07","family-3572a1853623b4cc2772","scope_lookup","after_close","padded_end","natural","not_dispatched","Response status: not_dispatched","","","","false","false","false","","","",""
"a60da5bc65bc336064f90365a59028c48582da6e1d0e5fa69c819aa6e11a5bd1","family-bd38bffc442c34f39c74","scope_lookup","after_close","braces","natural","not_dispatched","Response status: not_dispatched","","","","false","false","false","","","",""
"a61d99ff7373b42ad3e8992b6c082b8d685081347e94058ec3e5e30f5581ae88","family-117dbfae30e5fb76090b","scope_lookup","after_close","typed_end","natural","not_dispatched","Response status: not_dispatched","","","","false","false","false","","","",""
"a62ae0e18ab6e15c71ed17b4febc8da84578077c45b7185114058c6d5de31e84","family-f5d8991ff4c863b620db","scope_lookup","after_close","braces","natural","wrong_answer","Expected 9438; received 1089","","","","true","true","true","","","",""
"a636d57b318ee4e3191d813e4cccca040db4ae8d2d805377c30dfbaae92af5b7","family-5d8149123d768f9fdb94","scope_lookup","after_close","padded_end","nonce","not_dispatched","Response status: not_dispatched","","","","false","false","false","","","",""
"a6370ec30ca416b22a637f036e55aca3fcb227179328c4f6c07ecbc6a35085cf","family-68fcc1c9f5945998c0cb","scope_lookup","after_close","braces","nonce","wrong_answer","Expected 3037; received 6834","","","","true","true","true","","","",""
"a63862aa37c54d67bef6e1e5de3b5e17954c1313e0bbf924a2dd63395e853977","family-db2d2997d96595927d22","scope_lookup","after_close","braces","nonce","not_dispatched","Response status: not_dispatched","","","","false","false","false","","","",""
"a63fb4cec3698fd8474becc5b60ae52f3a091e97575a7bc47e2161af0e552c3a","family-47a815662d4bac370f57","scope_lookup","after_close","padded_end","natural","not_dispatched","Response status: not_dispatched","","","","false","false","false","","","",""
"a66bdabb3e1a4d7730cbbc9704ed7eea7611c1ca91804712bf8bb8b3502fb237","family-c04a143fff0ef2058d04","scope_lookup","after_close","named_end","nonce","not_dispatched","Response status: not_dispatched","","","","false","false","false","","","",""
"a69fa5a8953315d97d4433e7d6d7499d3237f8acfe79f9f2ece17e0f96531e0c","family-fb85b657ca85ca0c01d2","scope_lookup","after_close","braces","nonce","not_dispatched","Response status: not_dispatched","","","","false","false","false","","","",""
"a6bf4598528c1ad5184c04c9b7d9a4c562ab7d2f748c9ccd27dff61d7ef89936","family-1b275cdb1d9d6601a71b","scope_lookup","after_close","generic_end","natural","not_dispatched","Response status: not_dispatched","","","","false","false","false","","","",""
"a6c003621552ced0b83c887b25f5eaf86809a2a6bf6d791df4cf134679d85f4d","family-7da70a34495f8d91e728","scope_lookup","after_close","generic_end","nonce","not_dispatched","Response status: not_dispatched","","","","false","false","false","","","",""
"a6dd351b84f25cca6c0ca781dae1eea5bcd7986893bc8a80d0aa38682563c67c","family-fe0fa705a9f02858bb6f","scope_lookup","after_close","braces","nonce","not_dispatched","Response status: not_dispatched","","","","false","false","false","","","",""
"a72013dfaa09eb03f82b82268bc7e2ecb493dfb24b7f48b22ac95c2b5c296ce1","family-117639ec340885b3ffc1","scope_lookup","after_close","typed_end","nonce","not_dispatched","Response status: not_dispatched","","","","false","false","false","","","",""
"a72e1402131a02858eeab1d00ddc12212ce0d1e273e31373da307bdc0df7e56b","family-dd71275464ad95776c4a","scope_lookup","after_close","typed_end","natural","wrong_answer","Expected 4016; received 9569","","","","true","true","true","","","",""
"a76c247b4896f7c9271c7423246c16117a9f6f185457ab976c2d51a49c227043","family-2637168633a8a5fd7957","scope_lookup","after_close","generic_end","natural","not_dispatched","Response status: not_dispatched","","","","false","false","false","","","",""
"a7727ef01def35a62169f58c6874f5e22b46784861d0089898d86a1726e359e9","family-5692f376b50f8b4c637c","scope_lookup","after_close","named_end","natural","not_dispatched","Response status: not_dispatched","","","","false","false","false","","","",""
"a77a9eaaad6d7f9ae9cceead995a79769b4c7101716dffb48ab9d1c487091e4d","family-08c52b86fbe08975e453","scope_lookup","after_close","generic_end","nonce","not_dispatched","Response status: not_dispatched","","","","false","false","false","","","",""
"a78d33a680960eb9808989bacb5599e6891207bc6bc5904b15ef3e223a95de6f","family-3e012534b61993cf8264","scope_lookup","after_close","braces","natural","not_dispatched","Response status: not_dispatched","","","","false","false","false","","","",""
"a7d92078da6a4042dee25a0333344c070e1b368b2251e1fd45c73a19ad19ddee","family-70cd10ee4ac475b1c2cf","scope_lookup","after_close","generic_end","natural","not_dispatched","Response status: not_dispatched","","","","false","false","false","","","",""
"a84570a9446f35f7d9914cde9188bcb39f3e3c7ad9e2d30ca6fcad757afdc9d7","family-d5f537a60742210bf1e3","scope_lookup","after_close","typed_end","nonce","not_dispatched","Response status: not_dispatched","","","","false","false","false","","","",""
"a866b239dfe1516371604adbbef06216aa456ec275fe5e197bb91b3e4916ea6f","family-0667f372699e0060cc60","scope_lookup","after_close","braces","nonce","wrong_answer","Expected 8902; received 4233","","","","true","true","true","","","",""
"a892efbc1c83a1c8179f3def8adf7b450bca0e345a17eb7eb0caf4cb203362f6","family-8f317ad0879df221e04d","scope_lookup","after_close","named_end","natural","not_dispatched","Response status: not_dispatched","","","","false","false","false","","","",""
"a899236770e88356f317dcf5e9c14b0e005277b72fad8ef8f1349ff7ebbe0ce7","family-59844afb2ef9a6952066","scope_lookup","after_close","generic_end","nonce","not_dispatched","Response status: not_dispatched","","","","false","false","false","","","",""
"a8ae3e7917ba6426f41c2c5534c951551920e03d0476fcb4ad836d0d15c2a221","family-4046f51e619d48a84570","scope_lookup","after_close","typed_end","nonce","not_dispatched","Response status: not_dispatched","","","","false","false","false","","","",""
"a8d54955eea5acb32e6038d95fe99505bfc3dbcf23c3903f5a41bb7f14e2d3fb","family-3786ff057f064432f7cc","scope_lookup","after_close","braces","nonce","not_dispatched","Response status: not_dispatched","","","","false","false","false","","","",""
"a92414a78abbcf8f3049496aa04c9b8e6a1b2a198d58102d9d52f6b54de0fc09","family-b676e0c7c1f33664a47b","scope_lookup","after_close","padded_end","natural","not_dispatched","Response status: not_dispatched","","","","false","false","false","","","",""
"a92ade5450784600aa88bbd4016f3db4df56dbee8151a8ce695c4703f1640645","family-b04e693befb371d76c76","scope_lookup","after_close","typed_end","nonce","not_dispatched","Response status: not_dispatched","","","","false","false","false","","","",""
"a9368b2e343d73a0dc8efcaeef6003c1011d33827ef0f99bba45b75c52c14aa4","family-5f659e890d327754e519","scope_lookup","after_close","typed_end","natural","not_dispatched","Response status: not_dispatched","","","","false","false","false","","","",""
"a94361a91c17085507071c1a0b1106983b42f56adc926b9fc75b22a612ecaf50","family-c2696942e1a1e990f379","scope_lookup","after_close","typed_end","nonce","not_dispatched","Response status: not_dispatched","","","","false","false","false","","","",""
"a97e7f2560d34015cfe4a3edc685ee26466bc17b993931f9f65c35aa1f50df2a","family-44000eebac0793223bea","scope_lookup","after_close","braces","nonce","not_dispatched","Response status: not_dispatched","","","","false","false","false","","","",""
"a97ec211cd476f05bf783bd206e7940a678cea8cd6ee92af64e544af0e728322","family-a22d4782996ff05714d6","scope_lookup","after_close","generic_end","natural","not_dispatched","Response status: not_dispatched","","","","false","false","false","","","",""
"a9b14072432e3b9fb0a13fa15a4ebb0fb16688bb3d03d924a14034ca1cea37a2","family-a314d3de007bcf14f176","scope_lookup","after_close","generic_end","natural","not_dispatched","Response status: not_dispatched","","","","false","false","false","","","",""
"a9db7a602f7a54ebe3aecd406d483e5e14675428896e6cb63b5c9a131fedd389","family-89700d68a60bdc6f667b","scope_lookup","after_close","braces","natural","not_dispatched","Response status: not_dispatched","","","","false","false","false","","","",""
"aa2706c81bb0f7e4351f5251062481ad2f56cad1617871e8b75ad61b17946ee7","family-0c8dccd2f8efc0951fca","scope_lookup","after_close","padded_end","nonce","not_dispatched","Response status: not_dispatched","","","","false","false","false","","","",""
"aa2cc2a9f283aae5ef370025c3dd44fcbcfda980f89c64f03c6e1b0c21a78ad8","family-cc6c2ed2c3954f97d9ec","scope_lookup","after_close","typed_end","natural","not_dispatched","Response status: not_dispatched","","","","false","false","false","","","",""
"aa44669fead68c05fbd446fea6158fd46a861953df3aeb06f7f8a29bd887ea21","family-6cb03cad104e91f804ec","scope_lookup","after_close","named_end","natural","not_dispatched","Response status: not_dispatched","","","","false","false","false","","","",""
"aa577368fc5f1745bd83dc683bfcfde01caec2b6f4c5fe1060707d415d8f06df","family-4c44751ce578f7ecc770","scope_lookup","after_close","braces","nonce","wrong_answer","Expected 2258; received 1755","","","","true","true","true","","","",""
"aa5d7490d12f6f0788318d3838734bcd9275db44400c3751b5afbd3800197ab7","family-cc273e9877adf84990a7","scope_lookup","after_close","padded_end","nonce","not_dispatched","Response status: not_dispatched","","","","false","false","false","","","",""
"aa606d4afee9c94e5fcadb9a1ca4d8e500826f148c67b04cbe6a57d4af5edbde","family-1200bd38534b72a0da70","scope_lookup","after_close","typed_end","natural","not_dispatched","Response status: not_dispatched","","","","false","false","false","","","",""
"aa785f4ef025d042d3722164c09dca758072ed36f2872159648d7c30b22c27ad","family-29bae0c51b15fc4b3f39","scope_lookup","after_close","typed_end","natural","not_dispatched","Response status: not_dispatched","","","","false","false","false","","","",""
"aa9acdcada9a3b129257ebb51688f01307b52e82e15a9ed4af9c680bba2057ec","family-40ac96646937ad42ea39","scope_lookup","after_close","typed_end","nonce","not_dispatched","Response status: not_dispatched","","","","false","false","false","","","",""
"aad6bf61935fd9f5d6a42ae95afc7588be645af61113a44d2719d818b528e86e","family-b3fbb8c02b86ad28311d","scope_lookup","after_close","generic_end","natural","not_dispatched","Response status: not_dispatched","","","","false","false","false","","","",""
"aad728b4e505054f855401efe01bf469b077c158b5188d6d1c22f49c9e61fee4","family-d1d59a338a5cd025894e","scope_lookup","after_close","named_end","natural","not_dispatched","Response status: not_dispatched","","","","false","false","false","","","",""
"aae091000bdc5d7db42c8919b7103877dc0526c682062672f8370550756cb088","family-c53e4b7b7f5b93e1e2d3","scope_lookup","after_close","generic_end","natural","not_dispatched","Response status: not_dispatched","","","","false","false","false","","","",""
"aaf6f11e9f4447013d4d9bd5e3e1b95f282e9ee6d56d9bb9b231cd2dc4398df8","family-21689227027c8deacb38","scope_lookup","after_close","padded_end","nonce","not_dispatched","Response status: not_dispatched","","","","false","false","false","","","",""
"ab03560a671c6377784fc82f2fb2d1664e27023a432f067093ca51f7732fc48b","family-8f317ad0879df221e04d","scope_lookup","after_close","braces","nonce","not_dispatched","Response status: not_dispatched","","","","false","false","false","","","",""
"ab1b6b21f1e77ecafdfb012b6b5e6d30147174e61e00630590e931390bab6121","family-dac8e1db247fbe653c51","scope_lookup","after_close","generic_end","natural","not_dispatched","Response status: not_dispatched","","","","false","false","false","","","",""
"ab1c0839292ad39d3684ba54f69acda7376ad90ba770672d95f4c5b4f5a7e493","family-edfae4a2ef501e054d9e","scope_lookup","after_close","generic_end","nonce","not_dispatched","Response status: not_dispatched","","","","false","false","false","","","",""
"ab2cd251109e8f769528bbd7c6f12e1eae7ff9c80b344a0a7a3f8919d86d38a7","family-21689227027c8deacb38","scope_lookup","after_close","generic_end","nonce","not_dispatched","Response status: not_dispatched","","","","false","false","false","","","",""
"ab400d72b1cc89fc0d6fe333da8901d59889e2369ce020c9a198d42083940fbb","family-85f33245ba7589a7ec72","scope_lookup","after_close","named_end","natural","not_dispatched","Response status: not_dispatched","","","","false","false","false","","","",""
"ab4b52c43f263a9f36d3e661c307789e005cd41757f8a79bfbc8b6572dd86276","family-e226dd8076f648550c78","scope_lookup","after_close","padded_end","nonce","wrong_answer","Expected 4513; received 7500","","","","true","true","true","","","",""
"ab50fcc7000057a1c1bfaa77c41a93980526192b0f965c959ffd6f3f6f5fef3a","family-13b66982c7378039b53f","scope_lookup","after_close","braces","nonce","wrong_answer","Expected 2890; received 9002","","","","true","true","true","","","",""
"ab6c67b55fdf53a735c50c2fab2145ce5680bd6e76a3b71fda830bfb48c7c6dd","family-0ee3c9dccae742e0bc4c","scope_lookup","after_close","typed_end","nonce","not_dispatched","Response status: not_dispatched","","","","false","false","false","","","",""
"ab7fa193cc822e88c76188258dfbea5a0c1656066b52bf47fdb7c69be005360f","family-fddf2ce4f0547d7c496d","scope_lookup","after_close","padded_end","natural","not_dispatched","Response status: not_dispatched","","","","false","false","false","","","",""
"ab8f4667d427291c1bc92d385b6a41294561ff4a0e9cba16f8c6a88bc0f39870","family-08c52b86fbe08975e453","scope_lookup","after_close","named_end","nonce","not_dispatched","Response status: not_dispatched","","","","false","false","false","","","",""
"aba8c016547950d2bcb5dbfafe457f1f7fe81d87760fe69a90eb1871e46de800","family-fe0fa705a9f02858bb6f","scope_lookup","after_close","generic_end","nonce","not_dispatched","Response status: not_dispatched","","","","false","false","false","","","",""
"abb84f5eafa37276f341538889527582c5a412f91858f0171c04551b12a7cbcc","family-2cbd58099ec594d466b1","scope_lookup","after_close","padded_end","natural","not_dispatched","Response status: not_dispatched","","","","false","false","false","","","",""
"abb89b6f7eee0d595d72171becfe14ea63db547eb4d113c5dc26fe0b601c5443","family-1200bd38534b72a0da70","scope_lookup","after_close","padded_end","natural","not_dispatched","Response status: not_dispatched","","","","false","false","false","","","",""
"abc051c16af83a2cd25dde544a0775f3b3808df27953abfd33bf33d5b1d3b7cf","family-3999856e1484a99e30ab","scope_lookup","after_close","generic_end","nonce","not_dispatched","Response status: not_dispatched","","","","false","false","false","","","",""
"abc7d2e1f1b5b5378a9ceccf6b1355dff783e0542eff4b1503a18f459da83861","family-cac713cc9e27f8ff91fc","scope_lookup","after_close","padded_end","natural","not_dispatched","Response status: not_dispatched","","","","false","false","false","","","",""
"abe1312f9dc27662a88655f3cc5513c9df2fff804a45e2ce5de01dbc9381893b","family-d86315f276987eaa7332","scope_lookup","after_close","named_end","nonce","not_dispatched","Response status: not_dispatched","","","","false","false","false","","","",""
"abf3408556df3710d3a77d4920085748e030add6f6d502fe8d798fe4da3903b2","family-73a7c567db3e9ee9bd58","scope_lookup","after_close","named_end","natural","not_dispatched","Response status: not_dispatched","","","","false","false","false","","","",""
"ac05512e587dc74934297120fca7775ea5d93412c6d17ed7f7fbbf12b0178a2b","family-449e8e2be7c8486912c7","scope_lookup","after_close","named_end","nonce","not_dispatched","Response status: not_dispatched","","","","false","false","false","","","",""
"ac2c6a95c233895a00b65f38056945e261f94874106bbec07ff8479c748201bc","family-e60de6e573b393ef1d7f","scope_lookup","after_close","typed_end","nonce","not_dispatched","Response status: not_dispatched","","","","false","false","false","","","",""
"ac2e7b34b8782984e0647e468af7adb41300183bde6cfb5257c9f9c3fb55eb43","family-53dc9a159913bfc3b333","scope_lookup","after_close","generic_end","natural","not_dispatched","Response status: not_dispatched","","","","false","false","false","","","",""
"ac34cdb391abf5f7c83549d64087deb01bc163b8389269d098e3e2019c99c185","family-809010a4c0beca08e048","scope_lookup","after_close","generic_end","nonce","not_dispatched","Response status: not_dispatched","","","","false","false","false","","","",""
"ac364c82118866553e0b40c8bd100ee5f42dfbe8df8b554287d8c436a6e54316","family-130bfd53f821d0de9f25","scope_lookup","after_close","named_end","nonce","not_dispatched","Response status: not_dispatched","","","","false","false","false","","","",""
"ac382ef7dfd4646b096d8fd7cbf3d22d1d519af7a332b50d3623e15185300134","family-ed3aeac54a08bc1c993b","scope_lookup","after_close","braces","nonce","not_dispatched","Response status: not_dispatched","","","","false","false","false","","","",""
"ac7b84a6f3a19644cd0cf2b5237236d27c241c23b2e163e19104d96da1530e7f","family-f9acda05511dc179e7bc","scope_lookup","after_close","named_end","natural","not_dispatched","Response status: not_dispatched","","","","false","false","false","","","",""
"ac7f53ea09b0ec7e6879f44d98fbfdc327ae4ee8a74a9f596ebdf39a396fdacf","family-44019720ca29bd23a85d","scope_lookup","after_close","typed_end","nonce","not_dispatched","Response status: not_dispatched","","","","false","false","false","","","",""
"ac936a76dd95da3f331dd89485457adef6f679388f010a500635b54a909426b0","family-40e8465255e9a32d9a35","scope_lookup","after_close","padded_end","nonce","not_dispatched","Response status: not_dispatched","","","","false","false","false","","","",""
"ac9489da7ee8a9b9d9cad4bdd2931870e44ffebac3111100b9b00b9da7650bee","family-ac0e7b0a234fe1648a1a","scope_lookup","after_close","named_end","natural","not_dispatched","Response status: not_dispatched","","","","false","false","false","","","",""
"acc359e6e973772f1541fcf17a68b5429f19823ec0161f520d3bb7f380a0156f","family-2be56cecb4e1df88c33b","scope_lookup","after_close","named_end","nonce","not_dispatched","Response status: not_dispatched","","","","false","false","false","","","",""
"ad3464ee6f73868dc2b1fe1c3304dbe5c40c6c0b8683a2c631e74ea6a38c75e3","family-204407a2b2d51b42853b","scope_lookup","after_close","typed_end","natural","not_dispatched","Response status: not_dispatched","","","","false","false","false","","","",""
"ad4fd4c040c7056508eb164a749439f8ba665aaa0309d6060e95272009a8a5c3","family-d7f7040bf9a5524af36a","scope_lookup","after_close","generic_end","nonce","wrong_answer","Expected 2284; received 2497","","","","true","true","true","","","",""
"ad6aa598c32beb9956f9aa2de0ef4e23f076038b7fbca7eae5b50e3c48363db7","family-56378884ef7b40bfc27d","scope_lookup","after_close","typed_end","natural","not_dispatched","Response status: not_dispatched","","","","false","false","false","","","",""
"adc1a5de6894b6a60e14897a6b80c2f720bb9b9605c761680d98b488fc0b64db","family-6ea5c2c3bdd3c9b20d4b","scope_lookup","after_close","named_end","natural","not_dispatched","Response status: not_dispatched","","","","false","false","false","","","",""
"adc94190351af664d032f1ab9cdeddb996c2dd2edf3b67345049c3846c16c4c3","family-75d140f1737cb4123b79","scope_lookup","after_close","padded_end","nonce","not_dispatched","Response status: not_dispatched","","","","false","false","false","","","",""
"ade1af1fc514a6a0330382d9a31ed8435df0a8b8d4b5e0f47faa5c046ff93ce4","family-d6edda27d6ed38879c7a","scope_lookup","after_close","braces","nonce","wrong_answer","Expected 9065; received 5975","","","","true","true","true","","","",""
"adf024eda82f385026c256228d7ac141c0e4c5ade71000454c8983002ae91c7e","family-cfe057988f5fb8c98a68","scope_lookup","after_close","named_end","nonce","wrong_answer","Expected 1926; received 6315","","","","true","true","true","","","",""
"adf8e1419fc42d7b326b732d121c9d106f57c564781a41d5dc966829fb2a1e80","family-e086c39bac25407a6368","scope_lookup","after_close","padded_end","nonce","not_dispatched","Response status: not_dispatched","","","","false","false","false","","","",""
"ae12eaff5b3285b707dfa845a253783eb5b4350de7daecc6f1f6c0dcdcfa2bf1","family-8514c6f6416fbc73eaca","scope_lookup","after_close","generic_end","nonce","wrong_answer","Expected 5967; received 5669","","","","true","true","true","","","",""
"ae22f6711c3c140c9f28b8f379127c3ddba5408fe995c42c873a0eb5dc5d8d64","family-c33750973d7bb2b01ed3","scope_lookup","after_close","generic_end","nonce","not_dispatched","Response status: not_dispatched","","","","false","false","false","","","",""
"ae56b442e0435bdd1d641048b63e7204215f7afeae74558da0eea2057d124424","family-ae4e037228e90a31f7a3","scope_lookup","after_close","braces","natural","wrong_answer","Expected 2609; received 5659","","","","true","true","true","","","",""
"ae6fd894616b46fd94cd4dff2a58103b8db4379a67672b7be5283c2df10ccca0","family-be7d9f50059865014983","scope_lookup","after_close","generic_end","natural","not_dispatched","Response status: not_dispatched","","","","false","false","false","","","",""
"aeb44bbd0426900f8e4dc60c073997a3a3faef3aee005936dc06afc513e0a3c8","family-4f4d496d00088890da68","scope_lookup","after_close","generic_end","nonce","not_dispatched","Response status: not_dispatched","","","","false","false","false","","","",""
"aecb5eb5e32dce784458f4cc9187204b6f8103d15f0a58295d64bad0ff9f0d02","family-44019720ca29bd23a85d","scope_lookup","after_close","braces","natural","not_dispatched","Response status: not_dispatched","","","","false","false","false","","","",""
"aedba56857b69031f1fd953d795b8e083b0afed4160ebf149549a4082da18f33","family-a57883b3ebf5bdc2734f","scope_lookup","after_close","braces","nonce","wrong_answer","Expected 6437; received 4459","","","","true","true","true","","","",""
"aee580b91caccca60f4ca7645bae76f33599a6a0f3834c381140faa78653287d","family-a2dff9755a304f00f563","scope_lookup","after_close","named_end","nonce","not_dispatched","Response status: not_dispatched","","","","false","false","false","","","",""
"aee675b4ee5439a5a81e7427f535b14421bc9888e3ef4919ac2504605c0adbdc","family-f067f0b23cbe71f81397","scope_lookup","after_close","typed_end","natural","not_dispatched","Response status: not_dispatched","","","","false","false","false","","","",""
"aeffb2a080c14b7eabaa85cdd87f56cfe4e8370bec7b09de12d068563bb67539","family-d54f0d62964d2adb1f25","scope_lookup","after_close","padded_end","nonce","not_dispatched","Response status: not_dispatched","","","","false","false","false","","","",""
"af074924291ccd0222e19a226f01b30a60f18f4cb3d0fb6c5949bf88aafe7a2b","family-ad42e2d8dffbd5ea2a89","scope_lookup","after_close","padded_end","natural","wrong_answer","Expected 1699; received 4256","","","","true","true","true","","","",""
"af0f90d76f1a6172fb6f6f784caf25cb1901561c227efec52af292a9b194c52c","family-ec9cacca59c06cba4528","scope_lookup","after_close","named_end","nonce","not_dispatched","Response status: not_dispatched","","","","false","false","false","","","",""
"af1447c341f4d7e883351fa4a74c428d6137b1bf08c36ead08caee6145f62dae","family-ab82262840047decc0cc","scope_lookup","after_close","generic_end","nonce","not_dispatched","Response status: not_dispatched","","","","false","false","false","","","",""
"af2da213d2034b6bdf39e955077fe64243841b828f627ae61bbfffb604a4d570","family-a4b5c94983eec4913f23","scope_lookup","after_close","braces","nonce","not_dispatched","Response status: not_dispatched","","","","false","false","false","","","",""
"af3b59789aebd2680734c606d991f1e501d3535d03d8c42a8f65e742222b5dbd","family-a163b39b443aa35544cf","scope_lookup","after_close","braces","natural","not_dispatched","Response status: not_dispatched","","","","false","false","false","","","",""
"af5473cec843c06d272c8d76c3d899568f0e9c815813bf5d1abebcf7a376ae17","family-4d4c317eefd692ca0ede","scope_lookup","after_close","generic_end","natural","not_dispatched","Response status: not_dispatched","","","","false","false","false","","","",""
"af651991e1d4beb67a868d1396a1458a2104f9edb6e00934f02f5aaaed1455d0","family-e344908be3ae7cdede46","scope_lookup","after_close","typed_end","nonce","not_dispatched","Response status: not_dispatched","","","","false","false","false","","","",""
"af689c10d0b28ac8d48f6ea21d5f8905fc45371efc3f1e46ae7f29f0e0c4846a","family-11cf59caaf680b0c7817","scope_lookup","after_close","typed_end","nonce","not_dispatched","Response status: not_dispatched","","","","false","false","false","","","",""
"af719774f227ff8c214a5d5a4813ec0bee22c97042fb85036057e2f291b924bd","family-a4b5c94983eec4913f23","scope_lookup","after_close","braces","natural","not_dispatched","Response status: not_dispatched","","","","false","false","false","","","",""
"af837f9fba62af3feb3a34c67fa86bbb2de2c4cf80fe7b5580f42c863f047f88","family-4e40ebdbf21668261ca0","scope_lookup","after_close","padded_end","natural","not_dispatched","Response status: not_dispatched","","","","false","false","false","","","",""
"afa4499a457802cc660d4bc8e3490ce7bea1b55dea5db680955a4f227d189701","family-5c997bd355cb5e8abf68","scope_lookup","after_close","typed_end","natural","not_dispatched","Response status: not_dispatched","","","","false","false","false","","","",""
"afad95e00385bfe2e9dd85554e6739e868b1e1055144a547f923b165e4b949c4","family-e739721766419f8ad9dd","scope_lookup","after_close","braces","nonce","api_rejected","Response status: api_rejected","","","","false","true","true","","","",""
"afc676c93028693ca6ad346011d94f1f3e000c144065de656923032f0af496f5","family-cc273e9877adf84990a7","scope_lookup","after_close","generic_end","natural","not_dispatched","Response status: not_dispatched","","","","false","false","false","","","",""
"afda63783e8c34aac015878ae8bc575418a15da54a219d862a881c0cc458dad6","family-5d8149123d768f9fdb94","scope_lookup","after_close","typed_end","nonce","not_dispatched","Response status: not_dispatched","","","","false","false","false","","","",""
"afe097f2fb4fbb99bd5428d21b3c02199fc2d700cbf3f3bad0da0f01df7eae66","family-5692f376b50f8b4c637c","scope_lookup","after_close","padded_end","natural","not_dispatched","Response status: not_dispatched","","","","false","false","false","","","",""
"b04aaf91e26d3f3892b74254fc4898e41bbed282dded19c43d08700d32a2e9d6","family-60e6b994a57cd0667b2a","scope_lookup","after_close","named_end","natural","not_dispatched","Response status: not_dispatched","","","","false","false","false","","","",""
"b052bb04e5f8ee3f27b6aac1303054b6b9201daacbd0300feb7be177ec5ebb42","family-9651f0409341bdf5680a","scope_lookup","after_close","generic_end","natural","not_dispatched","Response status: not_dispatched","","","","false","false","false","","","",""
"b052fdc35c99426aef6dd66754104b06d6f4a2c512e230be734f4c1e168d692b","family-d5126bc6627b66b4a0d3","scope_lookup","after_close","generic_end","natural","not_dispatched","Response status: not_dispatched","","","","false","false","false","","","",""
"b06f2821ee6a38806f86af2d42b52f14a094145cc84fba3cc9ce7fd4c8f05fea","family-cc273e9877adf84990a7","scope_lookup","after_close","braces","nonce","not_dispatched","Response status: not_dispatched","","","","false","false","false","","","",""
"b078d273f00763cf6272c964684a15dd81b431dcc2c9f5d495778de20db6e56b","family-c7b024cb458a5cd8d45e","scope_lookup","after_close","named_end","natural","wrong_answer","Expected 3930; received 4284","","","","true","true","true","","","",""
"b0926c4ff735a035574167f6beeb0061755ef89cfc0c935b00db1910dc0c59b9","family-117639ec340885b3ffc1","scope_lookup","after_close","typed_end","natural","not_dispatched","Response status: not_dispatched","","","","false","false","false","","","",""
"b0a64dfcc760a26aad733511c6f6e65266efe6745341d6beac71d5701fc448d3","family-e2b3d3a1c1963aca578b","scope_lookup","after_close","generic_end","natural","not_dispatched","Response status: not_dispatched","","","","false","false","false","","","",""
"b0b1c4bae2358f16e10461633c3ed222c6af03e82bfdb9a8f4e50b248f2e5774","family-2d743a2dd39850fe48a6","scope_lookup","after_close","braces","nonce","not_dispatched","Response status: not_dispatched","","","","false","false","false","","","",""
"b0c4c6cf73ce4ab954153432149531cb62e1e15a5fbb2eeae0878a9e6b17b51c","family-4e0a075e10dfff7929d9","scope_lookup","after_close","named_end","nonce","not_dispatched","Response status: not_dispatched","","","","false","false","false","","","",""
"b0f6d67d1af688bbb9d2298708f98724f7fd4bc18abe286747af77b7be66c32f","family-0a5d21387c431fa11a72","scope_lookup","after_close","padded_end","natural","not_dispatched","Response status: not_dispatched","","","","false","false","false","","","",""
"b10b08e498de279e88e9d3c1ff03906a8d80c31de1c7e88f6f7aaa6536e1e448","family-fddf2ce4f0547d7c496d","scope_lookup","after_close","typed_end","natural","not_dispatched","Response status: not_dispatched","","","","false","false","false","","","",""
"b10dd268cc6bca8557436382d3af0989da86f35fe3a1e5d0fe0212ab3bfbefa4","family-c27c04681a7543f0c625","scope_lookup","after_close","named_end","natural","not_dispatched","Response status: not_dispatched","","","","false","false","false","","","",""
"b140d2d6801ad0d079781a840dfa5005e7dafdf76192dd58499c79c96322a60d","family-44019720ca29bd23a85d","scope_lookup","after_close","braces","nonce","not_dispatched","Response status: not_dispatched","","","","false","false","false","","","",""
"b14861019d2760edbcdb9a4103f1c643fdaf5bda80506de2f8f27ecf0394a8d1","family-654c2abcfdd479f01dbb","scope_lookup","after_close","padded_end","nonce","not_dispatched","Response status: not_dispatched","","","","false","false","false","","","",""
"b14e2edf52ced16cf473e2c3bc6db5c3dbbb80e505eb956099359ca88afb2943","family-e16df58183f0df0d937b","scope_lookup","after_close","typed_end","natural","not_dispatched","Response status: not_dispatched","","","","false","false","false","","","",""
"b16398bdbfe75271a75049d021a9297d68c5fbcaf1b0e9403682a1610920cb94","family-be7d9f50059865014983","scope_lookup","after_close","generic_end","nonce","not_dispatched","Response status: not_dispatched","","","","false","false","false","","","",""
"b168d648feebc92c18f4ab56f5bb66b9920ed7c996f73d98d356c04353bc2e5b","family-2d405169f2af4e0021bd","scope_lookup","after_close","named_end","natural","not_dispatched","Response status: not_dispatched","","","","false","false","false","","","",""
"b18306a6368bfec313f36baa0d29515f826588f6d87b992b8e45f661da961265","family-2cf9c0e1acc961b2e786","scope_lookup","after_close","typed_end","nonce","not_dispatched","Response status: not_dispatched","","","","false","false","false","","","",""
"b1957bdf7713a51d860049dda22bdd1f42c43bbe68548f0e74698ef884119905","family-c27c04681a7543f0c625","scope_lookup","after_close","padded_end","natural","not_dispatched","Response status: not_dispatched","","","","false","false","false","","","",""
"b1977e5c5564fb8ca47f37fc06ed2d88c36b1cfdbce0731f0343f8ea7d8cd4f0","family-40e8465255e9a32d9a35","scope_lookup","after_close","padded_end","natural","not_dispatched","Response status: not_dispatched","","","","false","false","false","","","",""
"b199c5d25ada05294c668457351b49e976567122099fd77ee613b11c3ae139be","family-73d35b42fea6ed684804","scope_lookup","after_close","padded_end","natural","not_dispatched","Response status: not_dispatched","","","","false","false","false","","","",""
"b19cbbfdb22d8b889d5f9bb8ff2203405843288dd11da12a955d21b0fb263e97","family-dce5691b0fc8fdcecf1a","scope_lookup","after_close","braces","natural","not_dispatched","Response status: not_dispatched","","","","false","false","false","","","",""
"b1b842b98a997a940b4074341510f98f0af2c4cd136070c1e8e585b75b716568","family-09e2113afb71afc93f4f","scope_lookup","after_close","braces","nonce","wrong_answer","Expected 9596; received 2901","","","","true","true","true","","","",""
"b1c628c75ef19b3436e43d868fbd5589169e910cd5895bd10a86dd1da16a37af","family-7f74e48ed7f247650ffb","scope_lookup","after_close","named_end","nonce","not_dispatched","Response status: not_dispatched","","","","false","false","false","","","",""
"b1e86fc012ebb868b608d4496c65050e284488b1432084746744af3edb374e1e","family-e7e829d4356ce7aa43c2","scope_lookup","after_close","named_end","natural","api_rejected","Response status: api_rejected","","","","false","true","true","","","",""
"b205e89036a3e768fd79a6066f4f31d1b97d29ae46b87c103c5374de99919b8f","family-bb74c2c8f2e292c33a1f","scope_lookup","after_close","typed_end","natural","not_dispatched","Response status: not_dispatched","","","","false","false","false","","","",""
"b21c79b83031ecd8fb58f0c4ffdd98aa64d527a804ea64d5643a644401b63018","family-f9e89108d82d4ba4602c","scope_lookup","after_close","named_end","nonce","not_dispatched","Response status: not_dispatched","","","","false","false","false","","","",""
"b25b0ad04790f6d9b7e3b9997ecd800aff9dc07cb152ceacc934b5137cf0bf9e","family-a2dff9755a304f00f563","scope_lookup","after_close","generic_end","nonce","not_dispatched","Response status: not_dispatched","","","","false","false","false","","","",""
"b28f48f735f84417c952b1ac05eeceee75a0617c8a7ef8fdb69b2618ba83dcb5","family-87e1a66408f296411fa5","scope_lookup","after_close","typed_end","natural","not_dispatched","Response status: not_dispatched","","","","false","false","false","","","",""
"b28f80c3f476c6dac35b0f3f036fa26c2f721a68bfc9105ce022994109b699c7","family-21689227027c8deacb38","scope_lookup","after_close","generic_end","natural","wrong_answer","Expected 1405; received 3184","","","","true","true","true","","","",""
"b29c8da85a318fb318cceac2838c096bdf59b955ca9de797229ad3cd828c48ec","family-1b275cdb1d9d6601a71b","scope_lookup","after_close","typed_end","nonce","not_dispatched","Response status: not_dispatched","","","","false","false","false","","","",""
"b2c8e09484583d128a39e54bd2a624b84dd5da65cffdb79924fb3fb82f7ff326","family-33ce8cc8dd0f7b7cd8be","scope_lookup","after_close","padded_end","natural","not_dispatched","Response status: not_dispatched","","","","false","false","false","","","",""
"b3337afd1ca379c6c37d15b8a4748eff5a94e1a05e71c8bb0f6d47e033583897","family-b20a529e15d4299fb7b4","scope_lookup","after_close","braces","nonce","not_dispatched","Response status: not_dispatched","","","","false","false","false","","","",""
"b34c29014a509f55760aa1432b6cbc7dff6c12da904dd471385a9d52be45982a","family-cfcb8ecfa67e83347672","scope_lookup","after_close","braces","nonce","wrong_answer","Expected 4949; received 8568","","","","true","true","true","","","",""
"b34da48966316710bae744ac6bce9587bf87964a184cc6eb2a7f387f17e0d443","family-44019720ca29bd23a85d","scope_lookup","after_close","generic_end","natural","not_dispatched","Response status: not_dispatched","","","","false","false","false","","","",""
"b35822c1f285aabb87572f2f3485528433920a3c738325c42a21583940d88273","family-30c7b881331ee20888a8","scope_lookup","after_close","braces","natural","not_dispatched","Response status: not_dispatched","","","","false","false","false","","","",""
"b35b928b6bf499d201c186dad3a84174eaaa85682a8c92a86ee131ed6f7b7e3c","family-8ba864c7229e72b635fa","scope_lookup","after_close","generic_end","natural","not_dispatched","Response status: not_dispatched","","","","false","false","false","","","",""
"b3787e95d37612f1195169c3fb1e0c208a0cb32ff5b0a30593430e1e33b1bbac","family-2cf9c0e1acc961b2e786","scope_lookup","after_close","typed_end","natural","api_rejected","Response status: api_rejected","","","","false","true","true","","","",""
"b394058155721d2445b6640366c14c8d6e175b5f560644d679ee7e2119062ff1","family-2916c41c048bcce9c2b2","scope_lookup","after_close","padded_end","natural","wrong_answer","Expected 7347; received 4818","","","","true","true","true","","","",""
"b3b7568b94e0729eb1621507241a66af655b8d9e050d4c66926dc6fda860d5c6","family-fce83fa5b6f1ed2ecae9","scope_lookup","after_close","typed_end","nonce","not_dispatched","Response status: not_dispatched","","","","false","false","false","","","",""
"b3eaed801bda43d25fac2e388c188ba2fbdcb0f00ee83979a0db38a9df71254b","family-97d643b383d36270df12","scope_lookup","after_close","named_end","nonce","not_dispatched","Response status: not_dispatched","","","","false","false","false","","","",""
"b40924cd93c2c443f3df35a73288f80efcfdc88e26d488cb82e40cb4ca62c896","family-1c5cd02f221964d951cf","scope_lookup","after_close","braces","natural","not_dispatched","Response status: not_dispatched","","","","false","false","false","","","",""
"b4148a9e9e614bfd55c251d08fb52fec9be95a63da1c06399acbb738533d15bc","family-fda958a3ab72cffd8620","scope_lookup","after_close","generic_end","natural","not_dispatched","Response status: not_dispatched","","","","false","false","false","","","",""
"b41f74d9332769a00eb0fe30baaec374c4547ac630933840a81c6229087d2f38","family-e2b3d3a1c1963aca578b","scope_lookup","after_close","typed_end","nonce","not_dispatched","Response status: not_dispatched","","","","false","false","false","","","",""
"b43dd8e9cd9506218193315a4917f91ea18d5109a87dea38ed08b89dd5c4ec85","family-0eb3f9df620743533159","scope_lookup","after_close","braces","natural","not_dispatched","Response status: not_dispatched","","","","false","false","false","","","",""
"b45ddcc145072e4c02d9f269a6e07d338a65988bf9d37bb296370f1e7f6821ba","family-4d1359235d83f1428239","scope_lookup","after_close","typed_end","natural","wrong_answer","Expected 4609; received 2582","","","","true","true","true","","","",""
"b471d3d5379a11a0391c574dd939b216a8d14bfedee29162305be9b17f2f9fb5","family-c2443995dc6c2d3e49fa","scope_lookup","after_close","braces","natural","not_dispatched","Response status: not_dispatched","","","","false","false","false","","","",""
"b4955a0da007520c6287bfbd7c3860236775e0eaca925297e48436821c4153f0","family-e6e51e5de948f110de91","scope_lookup","after_close","named_end","nonce","not_dispatched","Response status: not_dispatched","","","","false","false","false","","","",""
"b4a37a54d4cd422ae823ac6c9fb922efaf793355a2567ee4f8d789356af84ff8","family-dbf800c44ba620013de4","scope_lookup","after_close","padded_end","natural","not_dispatched","Response status: not_dispatched","","","","false","false","false","","","",""
"b4a4c3f127bd1260fbf26381815dc0f16bd18fc61d8df2c96bb49a903e066a09","family-a37f6a6d9bef51d35278","scope_lookup","after_close","padded_end","nonce","not_dispatched","Response status: not_dispatched","","","","false","false","false","","","",""
"b4b4395340aaceadd0ea7002c343b0260df2e27deca4a33ab31447743bce8b0b","family-7916dd00c9fd2d346478","scope_lookup","after_close","named_end","nonce","not_dispatched","Response status: not_dispatched","","","","false","false","false","","","",""
"b4b77f35387178452c3391da1bf8cc930a304644c89ba49adbb8f3708db5c2df","family-4f4d496d00088890da68","scope_lookup","after_close","braces","natural","not_dispatched","Response status: not_dispatched","","","","false","false","false","","","",""
"b4b83de352d1cf4d1ec350e84ca3aa801ec8fdfa7911912345e2389fb684367b","family-a163b39b443aa35544cf","scope_lookup","after_close","braces","nonce","not_dispatched","Response status: not_dispatched","","","","false","false","false","","","",""
"b4c5a88b0d38836d6c31fed11ad5985f58c45a3fd22992ffa8f9378707e9773b","family-9061b3702b95d74a7ca2","scope_lookup","after_close","padded_end","natural","not_dispatched","Response status: not_dispatched","","","","false","false","false","","","",""
"b4e20b8d972be0e14e86b734250745e7862abd2e2ec8dcbedaf92749703e1c56","family-a4b5c94983eec4913f23","scope_lookup","after_close","generic_end","natural","not_dispatched","Response status: not_dispatched","","","","false","false","false","","","",""
"b4e49464eaa0582a828b4e87a6605f82b6e75838e9181f0ae733f7882ea83db1","family-ff162c61e24aad4247f3","scope_lookup","after_close","padded_end","nonce","not_dispatched","Response status: not_dispatched","","","","false","false","false","","","",""
"b4ea2518ce4fb20e5bd04f863305058fc216b749ee967dfe39cd88deca4b6a24","family-9e74934a045b9bf738e8","scope_lookup","after_close","named_end","natural","not_dispatched","Response status: not_dispatched","","","","false","false","false","","","",""
"b4f7de0344071c9c120a7d6505c46a2af1a66460d2b16169c2e75c5d79843181","family-519cc0f8028f69d657bb","scope_lookup","after_close","braces","natural","not_dispatched","Response status: not_dispatched","","","","false","false","false","","","",""
"b5256ca2901ff1264ef55747f4b73766e778a30fefea35e57cf1c0406a5229fa","family-3999856e1484a99e30ab","scope_lookup","after_close","named_end","nonce","not_dispatched","Response status: not_dispatched","","","","false","false","false","","","",""
"b52a643498c7f031f8a41fc1682cc97e79b4d274f65382336b25da82c181d1dd","family-fda958a3ab72cffd8620","scope_lookup","after_close","typed_end","natural","not_dispatched","Response status: not_dispatched","","","","false","false","false","","","",""
"b534866034f2e907c8f91ccffd81efff9aed4f7d0c1cc11acc0974fdc4fb589c","family-cfcb8ecfa67e83347672","scope_lookup","after_close","padded_end","natural","not_dispatched","Response status: not_dispatched","","","","false","false","false","","","",""
"b534ae6b6adf9b5d1fec7ca7d524f6bdccac75e70022fa8a8b7a05eece3b3853","family-129b9045f90a457ec9e7","scope_lookup","after_close","generic_end","nonce","api_rejected","Response status: api_rejected","","","","false","true","true","","","",""
"b5412d4c63112ec36abf3e299b97fdd0f0e1870c367c6813bfb487c0caef95c8","family-b04e693befb371d76c76","scope_lookup","after_close","generic_end","nonce","not_dispatched","Response status: not_dispatched","","","","false","false","false","","","",""
"b5ad4ca97a1b0cdb6e1554acea9045ebdcdde7e9af1b83625db37d7053e739e0","family-ef76d0465ec71b6d7c3f","scope_lookup","after_close","generic_end","natural","not_dispatched","Response status: not_dispatched","","","","false","false","false","","","",""
"b5e830ff91ad037fbff40a2d4808b12a6af6ca459d8d49aad6f178b8590e65d2","family-a3756c322259c6e89966","scope_lookup","after_close","padded_end","natural","not_dispatched","Response status: not_dispatched","","","","false","false","false","","","",""
"b5f29b41b9a9942a92ad8a83b7b9d44bb91fb92bcb042c8b6d4bcad3d11b6451","family-6b934504950f4c81f5db","scope_lookup","after_close","typed_end","nonce","not_dispatched","Response status: not_dispatched","","","","false","false","false","","","",""
"b6107ab84988ba11a798de4176fd299be9e3769c4953ade993d29eec17d96aef","family-6b934504950f4c81f5db","scope_lookup","after_close","braces","nonce","not_dispatched","Response status: not_dispatched","","","","false","false","false","","","",""
"b63f1f8a72b51fe234020aaa637e5e0c073344d44ece33ba33f2d2532c0b2879","family-e3b1d33e3c9e4a56dc91","scope_lookup","after_close","named_end","natural","not_dispatched","Response status: not_dispatched","","","","false","false","false","","","",""
"b649826556adda3da7f443ace82f62538250fca60760fcf83e65a0130bdeaa60","family-a4b5c94983eec4913f23","scope_lookup","after_close","generic_end","nonce","not_dispatched","Response status: not_dispatched","","","","false","false","false","","","",""
"b649b770d1d2c213fdcda2244054d56166cda715f1376e2bdf8ae076455f86bc","family-0acf2d0f70648c07f8ce","scope_lookup","after_close","typed_end","nonce","not_dispatched","Response status: not_dispatched","","","","false","false","false","","","",""
"b6867f41e3417eb6c43a00fc95896ae5afa069fe1690f3cd2e60413db092f83f","family-c3f9452e889ae7c58a90","scope_lookup","after_close","named_end","nonce","not_dispatched","Response status: not_dispatched","","","","false","false","false","","","",""
"b69edd98f8be2b2a28ed43ef458b1d15b395daad757e6394215e577e59795044","family-521ab10f0ffe6f35d365","scope_lookup","after_close","padded_end","nonce","wrong_answer","Expected 4223; received 8410","","","","true","true","true","","","",""
"b6b6a81edcd9ce451fd45e497e5aa17fa979c9105927f8c5a2984b7858905c73","family-f9196425b0fb748978de","scope_lookup","after_close","braces","natural","not_dispatched","Response status: not_dispatched","","","","false","false","false","","","",""
"b6be12904b56d7f47838b5826e70bbc7a321ca98034476de222a8b6c24acf5f2","family-37091b20ad081d82704e","scope_lookup","after_close","padded_end","nonce","not_dispatched","Response status: not_dispatched","","","","false","false","false","","","",""
"b6c2cd197b969d34f52feb6761d4d758942288bd408c325952467e8669746f13","family-e6e51e5de948f110de91","scope_lookup","after_close","typed_end","natural","not_dispatched","Response status: not_dispatched","","","","false","false","false","","","",""
"b6da4afc648e84df70cb3cbe535f0960b55fd74fe299232ff464fdf75a066557","family-6df28d40bfe0615debdc","scope_lookup","after_close","generic_end","natural","not_dispatched","Response status: not_dispatched","","","","false","false","false","","","",""
"b6db19e35b9cb40ed60009aac75d6d88b03eab74e2f5ef920223e56416414897","family-d5387a27f98b64653076","scope_lookup","after_close","padded_end","nonce","not_dispatched","Response status: not_dispatched","","","","false","false","false","","","",""
"b7580b0f5c70d535ff1b91eedc568b250e96b411b22a6c678497b8188eb04375","family-a00dc407479275087510","scope_lookup","after_close","generic_end","natural","not_dispatched","Response status: not_dispatched","","","","false","false","false","","","",""
"b76544e586c68f7730c579c9d7ed5006b043f70f19ee9f7698394beea077b246","family-cc06674a939534da2c13","scope_lookup","after_close","padded_end","natural","not_dispatched","Response status: not_dispatched","","","","false","false","false","","","",""
"b76a7bd753e38e851a52be4e2d3bb48cada919bfe15a9cb96dd44430edbeb892","family-0c8dccd2f8efc0951fca","scope_lookup","after_close","typed_end","nonce","not_dispatched","Response status: not_dispatched","","","","false","false","false","","","",""
"b78d5f3e25d2e88782c67614bc9ca47bac01f7411f20984c9525625cc1083a71","family-11b86705ec9ee34e87c5","scope_lookup","after_close","generic_end","nonce","not_dispatched","Response status: not_dispatched","","","","false","false","false","","","",""
"b79e3f4c26655c64e3b7054ac2953148ac56ea40a5163ba330795a78b70b6986","family-9beca0a5b011c108b8fe","scope_lookup","after_close","braces","natural","wrong_answer","Expected 2513; received 9885","","","","true","true","true","","","",""
"b7b0e4df682a3f959002d1d58e4ba7381ed7afda619fff7b53750e8507b08014","family-072d1e0bc080d2e112f2","scope_lookup","after_close","generic_end","natural","not_dispatched","Response status: not_dispatched","","","","false","false","false","","","",""
"b7c269768b3c2b99b34db9f0b31e6894743511eda9131b465903658c5d163a6a","family-e3b1d33e3c9e4a56dc91","scope_lookup","after_close","typed_end","natural","not_dispatched","Response status: not_dispatched","","","","false","false","false","","","",""
"b833270cf8ae8c8d7ee8bd4fa1219c2cea3745664901dd3a4470b27d5f1c8748","family-c7b024cb458a5cd8d45e","scope_lookup","after_close","typed_end","nonce","not_dispatched","Response status: not_dispatched","","","","false","false","false","","","",""
"b83f2bc623c22f7bf8edd148e4f94e73c3334c32e7aa5eb5b01f685aa2caf9a1","family-7201b5e67b42074251d7","scope_lookup","after_close","padded_end","nonce","not_dispatched","Response status: not_dispatched","","","","false","false","false","","","",""
"b845997421fe3dad06736a66a65f8b0817e298baaeb11c479c0637972337713f","family-6e0235a66b88e1911b0c","scope_lookup","after_close","padded_end","natural","wrong_answer","Expected 3334; received 7799","","","","true","true","true","","","",""
"b8544c787cc8dda96678afc90baec53fade22a34b21fe07e62fdf04d816ece2f","family-f4cdff2456bf22066318","scope_lookup","after_close","braces","nonce","not_dispatched","Response status: not_dispatched","","","","false","false","false","","","",""
"b86bf0dd7280edf14415976310fa56e9913ba3952c42d03e3bdd422bbb4a53d7","family-3e2147864f0fd49cabea","scope_lookup","after_close","generic_end","natural","not_dispatched","Response status: not_dispatched","","","","false","false","false","","","",""
"b8748f8152ad1cf9c0063f926ebae7bb1b169fcc350a9ae3ae3f4a6704917979","family-1b4ad064baa5f003980f","scope_lookup","after_close","named_end","natural","not_dispatched","Response status: not_dispatched","","","","false","false","false","","","",""
"b89a78be30bd8ee069ad989aa97e84b2bf66b09119f9e5df8e9c1a7f820249d7","family-97d643b383d36270df12","scope_lookup","after_close","braces","natural","not_dispatched","Response status: not_dispatched","","","","false","false","false","","","",""
"b8c48d7016fb2570cb11d1f7b5e3bd588a3a7a3394d353dd926e4f9912f39fd6","family-edfae4a2ef501e054d9e","scope_lookup","after_close","generic_end","natural","not_dispatched","Response status: not_dispatched","","","","false","false","false","","","",""
"b8cf703b23db974dca652c9214c310bc74fe340f4fcab9ea8d08f1796375ec72","family-39b34286e97d73941dae","scope_lookup","after_close","named_end","natural","wrong_answer","Expected 9828; received 3293","","","","true","true","true","","","",""
"b8d84c6ad5acd86cf0002a1b861c940b5ecaf07d93ea6e21cf10a3dafb46dfa7","family-d6edda27d6ed38879c7a","scope_lookup","after_close","braces","natural","not_dispatched","Response status: not_dispatched","","","","false","false","false","","","",""
"b8eefe3fb9a8436eb268560ddfe846624f1f3bb23d2dc49443017bb78e8c3d2d","family-11cf59caaf680b0c7817","scope_lookup","after_close","braces","nonce","not_dispatched","Response status: not_dispatched","","","","false","false","false","","","",""
"b8f67a56c862461d863fb9ec773eddb2a5a93bcb63d7219c7554b4521b56e3e6","family-204407a2b2d51b42853b","scope_lookup","after_close","braces","natural","not_dispatched","Response status: not_dispatched","","","","false","false","false","","","",""
"b8ff2c5cd90857590100f8b1286e49e4f9355eda158fd18bc7c83e392de7c237","family-117dbfae30e5fb76090b","scope_lookup","after_close","padded_end","nonce","not_dispatched","Response status: not_dispatched","","","","false","false","false","","","",""
"b906f30d5d10facd5c6a01dcce61f6df124a1ac75393d116b98bcc73ab5fd9a1","family-a22d4782996ff05714d6","scope_lookup","after_close","typed_end","natural","not_dispatched","Response status: not_dispatched","","","","false","false","false","","","",""
"b90762db3bef733dcfebb96f68b260647c900e11a4a14c24f67d06425cf7e267","family-b04e693befb371d76c76","scope_lookup","after_close","braces","natural","not_dispatched","Response status: not_dispatched","","","","false","false","false","","","",""
"b90e8bd7da4f509e1df582ff4d9a13954a1e38a8d8f84b12d8a3e04ae086d288","family-e60de6e573b393ef1d7f","scope_lookup","after_close","braces","nonce","not_dispatched","Response status: not_dispatched","","","","false","false","false","","","",""
"b91b9c4f10a30322200f5d0583d26673ee1d795b88f95a42c86445e390827ea2","family-85f33245ba7589a7ec72","scope_lookup","after_close","braces","nonce","not_dispatched","Response status: not_dispatched","","","","false","false","false","","","",""
"b930564f336aca5074c4fad330dedd88ddd9e09394d5935379192b034db598af","family-f1a8bfef505962af7ac8","scope_lookup","after_close","named_end","natural","not_dispatched","Response status: not_dispatched","","","","false","false","false","","","",""
"b9479c5370864e504ce23b0e0d3c59e0f157f3fd0b5ba946707fc2bead291d14","family-8e4dcf3ae32c0f100166","scope_lookup","after_close","named_end","natural","not_dispatched","Response status: not_dispatched","","","","false","false","false","","","",""
"b9723b2c89799772522d229f15fcc721d523c1d5ee24d0654fd1ffdd99ddb9e2","family-40e8465255e9a32d9a35","scope_lookup","after_close","generic_end","natural","not_dispatched","Response status: not_dispatched","","","","false","false","false","","","",""
"b973dc41490dd91fc2b2e3ce84d0f873a333a4e75d5dd0b639d4f845b7e13ba7","family-f9acda05511dc179e7bc","scope_lookup","after_close","braces","nonce","not_dispatched","Response status: not_dispatched","","","","false","false","false","","","",""
"b974c9b8cfaf96075dc8af877728266f9029ad19d6d62ab3f917133003f26b36","family-5f2d457cfb5501bd52e9","scope_lookup","after_close","braces","nonce","not_dispatched","Response status: not_dispatched","","","","false","false","false","","","",""
"b98ad845b9352a8dba21432147322145f03771e68c6935345457cbe02a765029","family-2637168633a8a5fd7957","scope_lookup","after_close","named_end","nonce","not_dispatched","Response status: not_dispatched","","","","false","false","false","","","",""
"b9a581ea2ae9ea49dc9037c2ded2bbb996365addae7a2c1f97c5424a1c8dec7b","family-40ac96646937ad42ea39","scope_lookup","after_close","padded_end","nonce","not_dispatched","Response status: not_dispatched","","","","false","false","false","","","",""
"b9af43a64b34541088a11e02312f63487ad83c4b8d7daee6d3efb3208d33100e","family-54c1e48a5e373dac734c","scope_lookup","after_close","generic_end","nonce","not_dispatched","Response status: not_dispatched","","","","false","false","false","","","",""
"b9b2e81f3b4e9cf15208d08679e4c43da4a9a20bcf16a8a5fe3dd265849d589f","family-a66ea7cf7777d523fa0a","scope_lookup","after_close","generic_end","natural","not_dispatched","Response status: not_dispatched","","","","false","false","false","","","",""
"b9b9d57346f3c02bb62706345231e445fe68695bac01f9d36c023119bc0fa29d","family-5b63e686107fdc9456ad","scope_lookup","after_close","braces","nonce","not_dispatched","Response status: not_dispatched","","","","false","false","false","","","",""
"b9bd99e9169dd61abdbfd51abb4487a25ca3d55748e683d0724ed228afbe6edf","family-1b4ad064baa5f003980f","scope_lookup","after_close","named_end","nonce","not_dispatched","Response status: not_dispatched","","","","false","false","false","","","",""
"b9cc0c1246b28f00d369d8d29653c1fba69150d1442c2b72bec3db8ba9aa4682","family-d6fbc2c230d22a868b4e","scope_lookup","after_close","padded_end","natural","not_dispatched","Response status: not_dispatched","","","","false","false","false","","","",""
"b9ccfb6c5aa87ddb765b2f392c56ffe0c60cd2b23bc4332ff21939c60fce01d0","family-c4815f06eb99e1526852","scope_lookup","after_close","typed_end","nonce","not_dispatched","Response status: not_dispatched","","","","false","false","false","","","",""
"b9d6e08ffd63e211bdbcf89357e1c983c6456690aaf76579b2c4da4ce1693591","family-c27c04681a7543f0c625","scope_lookup","after_close","typed_end","natural","not_dispatched","Response status: not_dispatched","","","","false","false","false","","","",""
"b9f78859687e38bbda958dc1d08c8deed7d7d905093d38f6378a8fb8d5636241","family-adb07efb005c6f501c6d","scope_lookup","after_close","generic_end","nonce","not_dispatched","Response status: not_dispatched","","","","false","false","false","","","",""
"b9fbcf41fbb64d1a4635d91d2d18aa0bedcd7d931a6f3e45a380e23eaeee6d7b","family-a2dff9755a304f00f563","scope_lookup","after_close","braces","nonce","not_dispatched","Response status: not_dispatched","","","","false","false","false","","","",""
"ba0c3b0a5054660c5196f2a73bfd724f65ed5481cd6061f3665f64201e7a14e3","family-53dc9a159913bfc3b333","scope_lookup","after_close","named_end","nonce","not_dispatched","Response status: not_dispatched","","","","false","false","false","","","",""
"ba0e7f04212b19765a158659a14ca77dc7cae11ec4205739cb041b3bdbedb68a","family-c3d013e43b09c78a77fe","scope_lookup","after_close","padded_end","nonce","not_dispatched","Response status: not_dispatched","","","","false","false","false","","","",""
"ba0ee3a7ed0f958c1469e515bdbe356ce4391efabb010b83061c736eba440cbd","family-8f317ad0879df221e04d","scope_lookup","after_close","typed_end","natural","not_dispatched","Response status: not_dispatched","","","","false","false","false","","","",""
"ba0eea691e205e741f529925361b0ef83749bb63ec5d686e4db266e07964581a","family-8f317ad0879df221e04d","scope_lookup","after_close","generic_end","nonce","not_dispatched","Response status: not_dispatched","","","","false","false","false","","","",""
"ba37d4a706b6ba490a1421ae0c61a3c9a793af886fd16bd12a7c01495f095a02","family-3e012534b61993cf8264","scope_lookup","after_close","typed_end","natural","not_dispatched","Response status: not_dispatched","","","","false","false","false","","","",""
"ba3846a7ba7f8aa30b18b29567c52e054f51d59bf083fcded7105cab028c6920","family-44000eebac0793223bea","scope_lookup","after_close","named_end","nonce","not_dispatched","Response status: not_dispatched","","","","false","false","false","","","",""
"ba3905cc78c0ecb65c051e6a7a1a4410e024ffdf058796697e97b78b0bbfe0c4","family-a3756c322259c6e89966","scope_lookup","after_close","named_end","natural","not_dispatched","Response status: not_dispatched","","","","false","false","false","","","",""
"ba6e640f2173840ff7fd178f9992ee33aab6a38cc5bddd92b64058b9606a9306","family-1a43aa90e10067aecec1","scope_lookup","after_close","typed_end","nonce","not_dispatched","Response status: not_dispatched","","","","false","false","false","","","",""
"ba8816c86da4fb2fb80752093d39331898ab6c99a450577798ea020adc47184d","family-c3f9452e889ae7c58a90","scope_lookup","after_close","padded_end","nonce","not_dispatched","Response status: not_dispatched","","","","false","false","false","","","",""
"ba8c7b4780d1118b06fcf9e393cb2b0d1770c405018ae12b900d679360770566","family-d548c5f900182242bf0c","scope_lookup","after_close","braces","nonce","not_dispatched","Response status: not_dispatched","","","","false","false","false","","","",""
"baa1563bd4263918e5a7f35dc4650ddfd4382fe6d122d0a92e1f44da629c2d39","family-12406704a3b5d2f6a2ec","scope_lookup","after_close","typed_end","natural","not_dispatched","Response status: not_dispatched","","","","false","false","false","","","",""
"bac44fae5a46e9ae955b9ab65b75e2c0e84821525f141690554f0d8b3ad0bc39","family-fe7ce9ac8c05ee3f6103","scope_lookup","after_close","braces","nonce","not_dispatched","Response status: not_dispatched","","","","false","false","false","","","",""
"bac4c15ac16784b38cd53df6e219e97b8571b9b47ec6424f5b9c39fd81cba014","family-88d674c755828117bb4b","scope_lookup","after_close","typed_end","natural","not_dispatched","Response status: not_dispatched","","","","false","false","false","","","",""
"baca9a94d985ba3211ce1b744519783fa8b0f159b33ec68eb0c7707bb837f8b6","family-e086c39bac25407a6368","scope_lookup","after_close","braces","nonce","not_dispatched","Response status: not_dispatched","","","","false","false","false","","","",""
"bad5a37928b67069eaba9b60c894f963e91740c6f6e7fdbf397fc0562b6c6444","family-f5d8991ff4c863b620db","scope_lookup","after_close","typed_end","nonce","not_dispatched","Response status: not_dispatched","","","","false","false","false","","","",""
"badba0d0e0a02a6ffbad20f3e1e77331334dcb60fe1aceeddb5056aae7dda0bf","family-d35ab87452430bf63fef","scope_lookup","after_close","generic_end","natural","wrong_answer","Expected 8192; received 4621","","","","true","true","true","","","",""
"badea644611950f3947dc8c35e34e9c8c895a97b9989974d34eca8f6e6777f3c","family-7714405fa2a1d3a1c132","scope_lookup","after_close","typed_end","nonce","not_dispatched","Response status: not_dispatched","","","","false","false","false","","","",""
"bb2ec4ea59b5103a1592397d33fb59ced005d1ff1566ec67a5b2fd2d680dfe15","family-b47dfd60e0b99470e408","scope_lookup","after_close","named_end","natural","not_dispatched","Response status: not_dispatched","","","","false","false","false","","","",""
"bb2ef140963c91c3a5d8b60a95928bc27ab17b09da229efea27fbf5be851981f","family-d4ffb9ece517f5e9bdff","scope_lookup","after_close","braces","natural","wrong_answer","Expected 2412; received 7163","","","","true","true","true","","","",""
"bb3fb2e85939313a6e68eefaff6144450da190ee687c6f5958c324f403814583","family-c7a95e91aa8a5e964ef1","scope_lookup","after_close","padded_end","nonce","wrong_answer","Expected 8058; received 6355","","","","true","true","true","","","",""
"bb4f6f8625e04ef657b7ce1cee19c08583eb1cefc09c4ad844faf0c34e312ab6","family-40ac96646937ad42ea39","scope_lookup","after_close","named_end","nonce","not_dispatched","Response status: not_dispatched","","","","false","false","false","","","",""
"bb52569d6003b5bd76aaee05dc4b0e816ae958f9ccac33e3e884110c2813ed67","family-73a7c567db3e9ee9bd58","scope_lookup","after_close","padded_end","nonce","not_dispatched","Response status: not_dispatched","","","","false","false","false","","","",""
"bb59f154982cf7a267c7049b44fe0ef68a58d00f68f5d6ba2d44e813a2808a2c","family-069a6373157818e063fe","scope_lookup","after_close","padded_end","nonce","not_dispatched","Response status: not_dispatched","","","","false","false","false","","","",""
"bb6dcb16990cab65906d76bfb962adeec0aae1d3021b2d75ec79505a7fcd8504","family-8f90b014482ba9d84e00","scope_lookup","after_close","generic_end","nonce","wrong_answer","Expected 8705; received 1394","","","","true","true","true","","","",""
"bb7b6d5b225ddb9433abe1add6f6b30397e098cb5e2308e66f36907e9e874608","family-a7268f5d78df48d04f92","scope_lookup","after_close","typed_end","natural","not_dispatched","Response status: not_dispatched","","","","false","false","false","","","",""
"bb9be6152468970898b1e2be4cff59b75b5ba0d1305dae2c6d1016eca1cd3280","family-c3f9452e889ae7c58a90","scope_lookup","after_close","braces","nonce","not_dispatched","Response status: not_dispatched","","","","false","false","false","","","",""
"bbaeb728741112bf1343e52385dae1ec0d25bd9717c5431fa0f851e69f89fdf0","family-e2b3d3a1c1963aca578b","scope_lookup","after_close","generic_end","nonce","not_dispatched","Response status: not_dispatched","","","","false","false","false","","","",""
"bbcc44fe718c1293b161fc4fb95d9a7703115249f268f6a940f8209ce3ac0104","family-ac0e7b0a234fe1648a1a","scope_lookup","after_close","braces","natural","not_dispatched","Response status: not_dispatched","","","","false","false","false","","","",""
"bbe77d0fa5d9cc2f19733bd5b3aa679e81e7a0fb0535c32f12f87d0ababad565","family-e7e10136f727331bcbad","scope_lookup","after_close","generic_end","nonce","wrong_answer","Expected 8333; received 3356","","","","true","true","true","","","",""
"bbf4f2828ac2c0dc5f777cba456b7e83ef0445a75d2f809c1bfd6f4dfdc626c0","family-87e1a66408f296411fa5","scope_lookup","after_close","braces","natural","not_dispatched","Response status: not_dispatched","","","","false","false","false","","","",""
"bc04b406546fb1a48c1c1dc3ea567548748232500b8ee6d3d6b56d38ebbebbb0","family-09e2113afb71afc93f4f","scope_lookup","after_close","typed_end","natural","not_dispatched","Response status: not_dispatched","","","","false","false","false","","","",""
"bc0f68b4505a98fad969d3c5b126868e5a73edbb2691647d6b9ab5223f614083","family-3572a1853623b4cc2772","scope_lookup","after_close","named_end","natural","not_dispatched","Response status: not_dispatched","","","","false","false","false","","","",""
"bc2db9bc24590353f960b9443342ba5a5509868329005a56521a2bd2a964d4d8","family-9d50653fef006f3f9fad","scope_lookup","after_close","padded_end","natural","wrong_answer","Expected 3158; received 1700","","","","true","true","true","","","",""
"bc3e3dd65f9ed2b80c42cd45cf21405d0afa972761aaed3633bc2a24da6cb237","family-29b1a41423991f061c26","scope_lookup","after_close","named_end","natural","not_dispatched","Response status: not_dispatched","","","","false","false","false","","","",""
"bc50967b537806c04c11ce7d92a4ff08df5dfb6799d9b7ef509711b04cc353b4","family-d20413898c9a91a666b1","scope_lookup","after_close","padded_end","natural","not_dispatched","Response status: not_dispatched","","","","false","false","false","","","",""
"bc7124524f2d9be28b36da3be8476e980bd934b1b222abff18cb057e8afc3931","family-bd38bffc442c34f39c74","scope_lookup","after_close","named_end","natural","not_dispatched","Response status: not_dispatched","","","","false","false","false","","","",""
"bc71abf67979a303ab796011a3d3e60496dfca53d99babe60a7c74535750d611","family-6df28d40bfe0615debdc","scope_lookup","after_close","typed_end","nonce","not_dispatched","Response status: not_dispatched","","","","false","false","false","","","",""
"bc964f969a487f9e10d3632f596f763e86c9fbb401712f0db866a207a5f867b3","family-f13778db5d945766e013","scope_lookup","after_close","generic_end","natural","not_dispatched","Response status: not_dispatched","","","","false","false","false","","","",""
"bc976a9adf3b5b31663877c5f2b4d560c6cb908b060b89a5dc61d37308a9c706","family-295bca20a17148c007d1","scope_lookup","after_close","typed_end","natural","wrong_answer","Expected 4612; received 3448","","","","true","true","true","","","",""
"bcab145335742b2b1944b3838676256d01e95a6f01578338c63eff012c5f0670","family-44000eebac0793223bea","scope_lookup","after_close","typed_end","nonce","not_dispatched","Response status: not_dispatched","","","","false","false","false","","","",""
"bcab923af9282010030aebaf67591bda94571491ca52374f60e04bb27ecb4a57","family-dce5691b0fc8fdcecf1a","scope_lookup","after_close","padded_end","natural","not_dispatched","Response status: not_dispatched","","","","false","false","false","","","",""
"bcb0ade5bf4d881a0df6a09981d34b14b71ff136c1924647d2cf96b877474498","family-79e766a93eab7f966441","scope_lookup","after_close","padded_end","nonce","not_dispatched","Response status: not_dispatched","","","","false","false","false","","","",""
"bcb94c5993a9d7c5007a4458384cd71b128dadac2c7c2b08e50daf693ec16f0b","family-3d5224972b51acdcc52a","scope_lookup","after_close","typed_end","natural","api_rejected","Response status: api_rejected","","","","false","true","true","","","",""
"bcb9ca1d356dada05bd58aa15bcbc8179f8509813e10c106f2ed4e789ca31f8e","family-53dc9a159913bfc3b333","scope_lookup","after_close","named_end","natural","not_dispatched","Response status: not_dispatched","","","","false","false","false","","","",""
"bd0d52b163ad19163da82c3a717e5ed8d76fe094d762d21bcee1e6122e89bd2a","family-38fb12e8ac73b3acdc07","scope_lookup","after_close","named_end","natural","not_dispatched","Response status: not_dispatched","","","","false","false","false","","","",""
"bd32e8a9ed6bb78e1848971fd2ae5a10c8024f94d3664ca872e3229202134b07","family-1ae68ec0c27ac2f256a5","scope_lookup","after_close","named_end","natural","not_dispatched","Response status: not_dispatched","","","","false","false","false","","","",""
"bd3732937961be76e6dc9706c74bcce990d22ce29bb6be114ee07fe570d3ca0d","family-8805107cd8eb92a3c679","scope_lookup","after_close","named_end","natural","not_dispatched","Response status: not_dispatched","","","","false","false","false","","","",""
"bd385e9c086dd7a783afe26ba40c4c934903e15e4b1b0d9c94c1855f1f934936","family-a66ea7cf7777d523fa0a","scope_lookup","after_close","braces","natural","not_dispatched","Response status: not_dispatched","","","","false","false","false","","","",""
"bd500d6d6a53b9818136886821eae1846555e4fb5b468dc5327832972799b947","family-6cb03cad104e91f804ec","scope_lookup","after_close","braces","natural","not_dispatched","Response status: not_dispatched","","","","false","false","false","","","",""
"bd5cbcc09ecbc6420a84ae259ca4ba2848e2d1832378ada85f399cb75550af67","family-4f4d496d00088890da68","scope_lookup","after_close","typed_end","nonce","not_dispatched","Response status: not_dispatched","","","","false","false","false","","","",""
"bd670712fb6bd2486b5f3cb05842b3e1d8411bae2a7e80a2945983ca2e626aac","family-0eb3f9df620743533159","scope_lookup","after_close","typed_end","nonce","not_dispatched","Response status: not_dispatched","","","","false","false","false","","","",""
"bd687dcee53a829d6c434a35043cbb85041dbaf733aa199e1e4c6892b1124a51","family-51e3627587c0ace4b236","scope_lookup","after_close","braces","nonce","not_dispatched","Response status: not_dispatched","","","","false","false","false","","","",""
"bd8d17e6883bea2f476848a789ea36bdc8026a8d54cc6e2affd7cd8a4abdc249","family-4f22130af5b4eb982150","scope_lookup","after_close","typed_end","nonce","not_dispatched","Response status: not_dispatched","","","","false","false","false","","","",""
"bd8e71d7a94caa08390b2da0227a3a7b2e1a8ba588a9deac613a0045aba901a4","family-1ae68ec0c27ac2f256a5","scope_lookup","after_close","braces","natural","not_dispatched","Response status: not_dispatched","","","","false","false","false","","","",""
"bda579e2b0be748c8ca7e088cb59315e5f4fa196b52250b8044596137c2fb716","family-88d674c755828117bb4b","scope_lookup","after_close","named_end","natural","not_dispatched","Response status: not_dispatched","","","","false","false","false","","","",""
"bdba070e999c82a5d5cea86c19655fe47461fe7f884343b417148b7e3142f059","family-edfae4a2ef501e054d9e","scope_lookup","after_close","named_end","natural","not_dispatched","Response status: not_dispatched","","","","false","false","false","","","",""
"bdbdd6305b5384eaa4a71fa548266791334e90c685d073247dd43c79e53c3ce5","family-e2b3d3a1c1963aca578b","scope_lookup","after_close","braces","natural","not_dispatched","Response status: not_dispatched","","","","false","false","false","","","",""
"bdc2395474a5e940519e2f36c8dd9815dcc8011cc52ba388fa93dbb02a262110","family-9a33a41793445f3ab44a","scope_lookup","after_close","generic_end","natural","not_dispatched","Response status: not_dispatched","","","","false","false","false","","","",""
"bde1b033433ee86ca3f0abb1f79fb70efddec376336a921bf218e6545b5be7d8","family-9846f2b11bff195d64b8","scope_lookup","after_close","named_end","natural","not_dispatched","Response status: not_dispatched","","","","false","false","false","","","",""
"be011fff3d321f64c5f54d5916b256f026b385a469683322c6a354eccbc2cc84","family-4f4d496d00088890da68","scope_lookup","after_close","braces","nonce","not_dispatched","Response status: not_dispatched","","","","false","false","false","","","",""
"be0c0133cd92a086f670caaf41eeded24e42870f55a5a351a78c8064a5a2f18f","family-0667f372699e0060cc60","scope_lookup","after_close","generic_end","nonce","wrong_answer","Expected 8902; received 4233","","","","true","true","true","","","",""
"be540dc96038a96ffcb31ab5941cc495959e1d4b999713c2ea99c350c30a5f76","family-39b34286e97d73941dae","scope_lookup","after_close","padded_end","nonce","not_dispatched","Response status: not_dispatched","","","","false","false","false","","","",""
"be5a800ddf9078602fe9d90414fa35b37b2d6248601280da2aeccb43f8b08b40","family-117639ec340885b3ffc1","scope_lookup","after_close","padded_end","natural","not_dispatched","Response status: not_dispatched","","","","false","false","false","","","",""
"be7023021011edcefbd5b4642654fc097b79207ac16cd501ca0382160d442348","family-7714405fa2a1d3a1c132","scope_lookup","after_close","braces","nonce","not_dispatched","Response status: not_dispatched","","","","false","false","false","","","",""
"be9d9fbd1624e09c3307f23f10060ead2a900ec151204aeffd10c7ff08d7c362","family-a314d3de007bcf14f176","scope_lookup","after_close","typed_end","nonce","wrong_answer","Expected 9803; received 7098","","","","true","true","true","","","",""
"beb7fb394c4ae0a3857365f4bc9a5939b27ab48325142b90ad231e1fd0f1b9b3","family-d1d59a338a5cd025894e","scope_lookup","after_close","braces","natural","not_dispatched","Response status: not_dispatched","","","","false","false","false","","","",""
"bec3af37468eee302c621deca5a888d893caa4dfcd31099370f76192caa8cfcc","family-7f74e48ed7f247650ffb","scope_lookup","after_close","generic_end","nonce","not_dispatched","Response status: not_dispatched","","","","false","false","false","","","",""
"bed84f0098e00e5be2880f79abf1e07831b3494c01b5d20e88da8db3b74bf234","family-2ba1fc2994984a55b06d","scope_lookup","after_close","generic_end","natural","not_dispatched","Response status: not_dispatched","","","","false","false","false","","","",""
"bf12c365f4ef0477a3c8b5a4a0cda579f7a778abfd478ec8ae4affae2e2b827a","family-11cf59caaf680b0c7817","scope_lookup","after_close","braces","natural","not_dispatched","Response status: not_dispatched","","","","false","false","false","","","",""
"bf1526ca20517bc17e9c05081049237bbcc7acfe9c226a16349086fb794a016c","family-db2d2997d96595927d22","scope_lookup","after_close","generic_end","nonce","not_dispatched","Response status: not_dispatched","","","","false","false","false","","","",""
"bf42b477584c69f526ed8d9155499f2d41facd758b34740a66e515d240259022","family-f4f8ef5e4346b934e03b","scope_lookup","after_close","typed_end","nonce","wrong_answer","Expected 7936; received 9329","","","","true","true","true","","","",""
"bf45906b11167128e05154ffb0748d9e434fb1859957a020e77797f683417306","family-5f659e890d327754e519","scope_lookup","after_close","named_end","natural","not_dispatched","Response status: not_dispatched","","","","false","false","false","","","",""
"bf4cc252091f29d7dc7bfcc63da87e7fc6031a69a994fccb91b6b56590b41bc3","family-d5126bc6627b66b4a0d3","scope_lookup","after_close","padded_end","natural","not_dispatched","Response status: not_dispatched","","","","false","false","false","","","",""
"bf9bdb71557f958d601293f0ba1d60e6c426f9df9a1c0fda5e41725f1f39314c","family-d6fbc2c230d22a868b4e","scope_lookup","after_close","braces","natural","not_dispatched","Response status: not_dispatched","","","","false","false","false","","","",""
"bfd0a19c1b136512a37344df5c09bcf825a00453b8f51f5d9396df91537e9c02","family-dfbce2959dabc0ed1bd1","scope_lookup","after_close","padded_end","natural","not_dispatched","Response status: not_dispatched","","","","false","false","false","","","",""
"bfde4719d633df8a651d52e806058616d8dd80f4d44126357c3d742877bc2199","family-0bb91de880bf72a9b291","scope_lookup","after_close","braces","nonce","not_dispatched","Response status: not_dispatched","","","","false","false","false","","","",""
"bfde73b1b3cb1d014e9e14b4244ee19c4c12bb2dcef72fc195c97318fb8de94c","family-23cedb05826477c90f73","scope_lookup","after_close","padded_end","natural","not_dispatched","Response status: not_dispatched","","","","false","false","false","","","",""
"c00012d09b7027323ef1eee341cfbe83fb0d986f1f40a3d0033c4fba184d77a4","family-4c55dabdfb255c14990e","scope_lookup","after_close","generic_end","nonce","not_dispatched","Response status: not_dispatched","","","","false","false","false","","","",""
"c050773b07dbf93d5098342f7342cfbd25f33cddc16ad11c2336a5123f323009","family-5d8149123d768f9fdb94","scope_lookup","after_close","typed_end","natural","not_dispatched","Response status: not_dispatched","","","","false","false","false","","","",""
"c0598f182cb6dfaa7143c620bcbf3b6525bc7e1400937094e50a3625e2939283","family-4f4d496d00088890da68","scope_lookup","after_close","typed_end","natural","not_dispatched","Response status: not_dispatched","","","","false","false","false","","","",""
"c05ca323b00cd91bd67774ad4a65fc1cf47d9f86b27334064dab3400827270cc","family-4b6c2e38351ea351c486","scope_lookup","after_close","named_end","natural","not_dispatched","Response status: not_dispatched","","","","false","false","false","","","",""
"c063f7739cb95107aaaef4b056ffa63a865b8824ee5356538e2ce29525167439","family-dbf800c44ba620013de4","scope_lookup","after_close","braces","natural","not_dispatched","Response status: not_dispatched","","","","false","false","false","","","",""
"c0771ad98f812c5acd2386c24747edac934082ff2ba92a057947ed910a28a90f","family-d7f7040bf9a5524af36a","scope_lookup","after_close","braces","natural","api_rejected","Response status: api_rejected","","","","false","true","true","","","",""
"c0a862cbb6b6dfa21181da42b36da7faa80b2a08d12648c05220c183edcaf19d","family-df29d07c01f82cafe8c6","scope_lookup","after_close","braces","nonce","wrong_answer","Expected 3080; received 2911","","","","true","true","true","","","",""
"c0ab3a2c2ad34efb0123ab08249f11b1fa4ce4296d5c99f8486df423834e1f8d","family-9d2eaf161c441a592a78","scope_lookup","after_close","typed_end","nonce","wrong_answer","Expected 6937; received 5546","","","","true","true","true","","","",""
"c0f137a482fb2e95b483e1bb41a1754586c83267072d66f88a3c62c70f085ee9","family-c347c1fea736898223fe","scope_lookup","after_close","named_end","nonce","not_dispatched","Response status: not_dispatched","","","","false","false","false","","","",""
"c0faa2fa540e2d48d716c8b1e1c203e3e29e2338c2744322f01a5483a9d4d423","family-bb74c2c8f2e292c33a1f","scope_lookup","after_close","generic_end","nonce","not_dispatched","Response status: not_dispatched","","","","false","false","false","","","",""
"c1232ef42eb67aa1fa82cb5d158d80e6b8878ad4d0aa12a335814e12e16ed9ec","family-dce5691b0fc8fdcecf1a","scope_lookup","after_close","named_end","natural","not_dispatched","Response status: not_dispatched","","","","false","false","false","","","",""
"c12c6124190cd28e0f56bb1e183e5655e210feb8d6c908b2fefc4428223626d7","family-097b5d6e676871957e62","scope_lookup","after_close","padded_end","nonce","not_dispatched","Response status: not_dispatched","","","","false","false","false","","","",""
"c13fc2cf3f37dac87c32a8031fb18e33317267ea7d292da647a9e9e8178ddf18","family-30dc588b7cd9f5499243","scope_lookup","after_close","braces","nonce","not_dispatched","Response status: not_dispatched","","","","false","false","false","","","",""
"c159d0a448216c44bce409e520cf821b507160129b5b8b678bc99f5116b0e2ba","family-fe7ce9ac8c05ee3f6103","scope_lookup","after_close","generic_end","natural","not_dispatched","Response status: not_dispatched","","","","false","false","false","","","",""
"c1784aaba1e157233e8715d4b61210af12f6bbfcc64736b83e9723efa1a82ebe","family-01e9efb57c6f01a9ab32","scope_lookup","after_close","padded_end","natural","not_dispatched","Response status: not_dispatched","","","","false","false","false","","","",""
"c19172c680bea096d3b19e54c9172657f21d1d73ac4b4366997b53f2b2b2e6be","family-9a4e8a8b04175285a80b","scope_lookup","after_close","typed_end","nonce","not_dispatched","Response status: not_dispatched","","","","false","false","false","","","",""
"c1d201af673165d9668e3c978fc672952f945bd76a79b2090fb7beb548409cd9","family-93d892d460906fd39f72","scope_lookup","after_close","typed_end","natural","not_dispatched","Response status: not_dispatched","","","","false","false","false","","","",""
"c21098d4e342a2874b3581eff7c601e0cb09ba66ab4ccff5b62ea6f6ff63976a","family-130bfd53f821d0de9f25","scope_lookup","after_close","braces","nonce","not_dispatched","Response status: not_dispatched","","","","false","false","false","","","",""
"c2143bd039ee9b0f0a6399cb9830bfa80317276f26ddc05b8d308d85e82d5a79","family-d73915a3207b34792ae8","scope_lookup","after_close","braces","natural","not_dispatched","Response status: not_dispatched","","","","false","false","false","","","",""
"c21750cfde6c0775f9d25ae304aea888a2c7e558ea61c5af7256527fc7dc009b","family-59844afb2ef9a6952066","scope_lookup","after_close","braces","nonce","not_dispatched","Response status: not_dispatched","","","","false","false","false","","","",""
"c21a333724c99a86ea58d6192a09dbcf37a6d6cbe341e3bad8e424cef0fa1ffb","family-c2696942e1a1e990f379","scope_lookup","after_close","generic_end","natural","not_dispatched","Response status: not_dispatched","","","","false","false","false","","","",""
"c21ba2aa713b07ee4396272837918cf31eaf7807f8075a680a00ef05dcf3239d","family-ce9db8827c2d4c2b2d7f","scope_lookup","after_close","named_end","natural","not_dispatched","Response status: not_dispatched","","","","false","false","false","","","",""
"c233d78f7697701e0b8ab47c5e578ad9d7f3921ea1ac544d96e4495bd1f16e06","family-0bb91de880bf72a9b291","scope_lookup","after_close","named_end","nonce","not_dispatched","Response status: not_dispatched","","","","false","false","false","","","",""
"c258b2f8133f997be3aed0a04b896605211997229f3fd19854a432b3f6f99c46","family-d76894d5e7f919b735f3","scope_lookup","after_close","generic_end","natural","not_dispatched","Response status: not_dispatched","","","","false","false","false","","","",""
"c26a570a01ecf25f36f49e9ccd882cf66f1c4c5512d417913bcf7606430b2b5b","family-1200bd38534b72a0da70","scope_lookup","after_close","generic_end","natural","not_dispatched","Response status: not_dispatched","","","","false","false","false","","","",""
"c29c3908575c9a9d892c66cf3d0492a62d2bd9221f07328b594671c4179d40f3","family-c40d8d6e3375c4e86995","scope_lookup","after_close","named_end","natural","not_dispatched","Response status: not_dispatched","","","","false","false","false","","","",""
"c2a95b53e1ed06e1f861949e4a84feff5045ad8c87d0f0320f114f5b996ad284","family-fe7ce9ac8c05ee3f6103","scope_lookup","after_close","padded_end","nonce","not_dispatched","Response status: not_dispatched","","","","false","false","false","","","",""
"c2f8513390035abe8041974683f4768e0f6d23b11ac7da5d5a80b50cf915502b","family-4eb4ca8847da16e35d87","scope_lookup","after_close","named_end","natural","not_dispatched","Response status: not_dispatched","","","","false","false","false","","","",""
"c2fb7932e708a43d7744282c2ffc75f94477092b53a6297f1e595d2b839cb197","family-0eb3f9df620743533159","scope_lookup","after_close","named_end","nonce","not_dispatched","Response status: not_dispatched","","","","false","false","false","","","",""
"c31c5bf119909f0dc8a966fee913fc7f27f0acb1a8d87e31ee0b78f3de477898","family-44000eebac0793223bea","scope_lookup","after_close","padded_end","nonce","not_dispatched","Response status: not_dispatched","","","","false","false","false","","","",""
"c33242b7d5af29685eb331fbed01d08b3da50bc9ae3f2c6a0c1e4eafefd7d2b1","family-d20413898c9a91a666b1","scope_lookup","after_close","braces","natural","not_dispatched","Response status: not_dispatched","","","","false","false","false","","","",""
"c375a90bc7065c153506f5458c1de3a5b2b4a185ca7e97366251b8e2f1dac487","family-4534d46d7d8075579c4f","scope_lookup","after_close","braces","natural","not_dispatched","Response status: not_dispatched","","","","false","false","false","","","",""
"c3862aeb532779a148b284c6a916d125705bdc464f1349c12a3a1c4edc9e8da0","family-488cbb7fd8c9c97aeaf3","scope_lookup","after_close","generic_end","natural","api_rejected","Response status: api_rejected","","","","false","true","true","","","",""
"c39139a6667da1e7fd32a7fc42e4721a7a7d5f25e0bd04e079b23caa53f6cc37","family-9beca0a5b011c108b8fe","scope_lookup","after_close","padded_end","nonce","not_dispatched","Response status: not_dispatched","","","","false","false","false","","","",""
"c3971232650c14acb2c03a116d61244c25f801acd19d3b304c978bb92dae491e","family-502a612c7b5f388e0842","scope_lookup","after_close","generic_end","nonce","not_dispatched","Response status: not_dispatched","","","","false","false","false","","","",""
"c398abb1fdb05e61dc6f65e34257033e005c904be6786d67ba95f5606effb063","family-16f04bf034693b0a2918","scope_lookup","after_close","generic_end","natural","not_dispatched","Response status: not_dispatched","","","","false","false","false","","","",""
"c399ce3696d16ffcb96f09346e7fb0d9c957ffcd29560659eae6f4fdf5a65aef","family-a3756c322259c6e89966","scope_lookup","after_close","braces","nonce","wrong_answer","Expected 3521; received 8846","","","","true","true","true","","","",""
"c3cae6b196ecf5fd0f4b34f9fec7ff40d413b41a5baf7ae563a1456b0fdc3399","family-1c28abaa021ebba4e627","scope_lookup","after_close","typed_end","natural","not_dispatched","Response status: not_dispatched","","","","false","false","false","","","",""
"c3eaad9b59c1d0ce2228a862df2c3ef1ca36a0b63e16bdb5d807f37dd9b5980e","family-9d573f3ede048a825924","scope_lookup","after_close","padded_end","nonce","not_dispatched","Response status: not_dispatched","","","","false","false","false","","","",""
"c40bcec2e6a7a9ad5af9ff220a0282bf290780d3f38c73c83cb29910a0c23786","family-2d405169f2af4e0021bd","scope_lookup","after_close","braces","natural","not_dispatched","Response status: not_dispatched","","","","false","false","false","","","",""
"c4555d7f29f0ddf71d0d8aa28338e402f5db374d6e74fe2a53b74586282faa11","family-9676a7d943289ba56928","scope_lookup","after_close","braces","nonce","not_dispatched","Response status: not_dispatched","","","","false","false","false","","","",""
"c4618ed685be929d8caf0a996eaa384283686ad6680598234d51b5cf0ba74b9c","family-ec9cacca59c06cba4528","scope_lookup","after_close","padded_end","nonce","not_dispatched","Response status: not_dispatched","","","","false","false","false","","","",""
"c466dc71a9b066652ba7eaf54955326c2dc3b8da20d66984939ebed310e3524f","family-aa32c06aefe0097b5d71","scope_lookup","after_close","padded_end","natural","not_dispatched","Response status: not_dispatched","","","","false","false","false","","","",""
"c46d3c3e2d7c71b41841ee3527ad6b5034a6fdb30facaa1d9ae0e178fcc744ee","family-59844afb2ef9a6952066","scope_lookup","after_close","braces","natural","not_dispatched","Response status: not_dispatched","","","","false","false","false","","","",""
"c485a906a1cd9ea2ba7b578850c01a51f0e274fa0e02471e15dd4c8abd60f7de","family-ccea5ca66ad622bb7848","scope_lookup","after_close","braces","natural","not_dispatched","Response status: not_dispatched","","","","false","false","false","","","",""
"c4916c2930a48ae5447114a93924fb48f28c1fa61b8df7dcbbf81640ffb8f693","family-e344908be3ae7cdede46","scope_lookup","after_close","braces","nonce","not_dispatched","Response status: not_dispatched","","","","false","false","false","","","",""
"c4a2edf4a7c26f1d5164ee20332231063caf9f0dd8bc0daec2228ff583fe2a3f","family-11b86705ec9ee34e87c5","scope_lookup","after_close","named_end","nonce","not_dispatched","Response status: not_dispatched","","","","false","false","false","","","",""
"c4bdba42d0e687d8c68ee09c8f4706728c1aae843e8c8606cb2994f50e82ad26","family-7b3bed9c95d2f326c43d","scope_lookup","after_close","generic_end","nonce","not_dispatched","Response status: not_dispatched","","","","false","false","false","","","",""
"c4e1fa7faf8d7a802fbeaae979224a26972c76c048321010c5c4570d7a25e38c","family-425186a1327ddf3eb5ca","scope_lookup","after_close","generic_end","natural","not_dispatched","Response status: not_dispatched","","","","false","false","false","","","",""
"c54df1a5189a0ca94f2fac69354edfa6ec5e75e58413391192b63f4579ead1f8","family-87e1a66408f296411fa5","scope_lookup","after_close","generic_end","natural","not_dispatched","Response status: not_dispatched","","","","false","false","false","","","",""
"c55665372a281473837773051bf65f7d1f6d87b144971ba94dd576e108461e2e","family-3e2147864f0fd49cabea","scope_lookup","after_close","typed_end","natural","not_dispatched","Response status: not_dispatched","","","","false","false","false","","","",""
"c581e96fa4507ee96df54b85874bae4e5a0c5c491809c08438021f02d5a8a6f5","family-ff162c61e24aad4247f3","scope_lookup","after_close","generic_end","natural","not_dispatched","Response status: not_dispatched","","","","false","false","false","","","",""
"c594cd4e5540ca4d2ebbd21c2f42ed85eb5a3e93051d9c6e88c62960e7cb78db","family-c2696942e1a1e990f379","scope_lookup","after_close","named_end","nonce","not_dispatched","Response status: not_dispatched","","","","false","false","false","","","",""
"c5cc09716a8bb7fe4a3e422939e1084f94baee2dc1a613c4687a3d2a9b2092c5","family-92c33d7589ac0b9b9aeb","scope_lookup","after_close","braces","natural","wrong_answer","Expected 6833; received 3713","","","","true","true","true","","","",""
"c5ce1cfe0e06456149fee31836bd382bad12ff5ae30306cacc8240429136ff03","family-1bc856251900eb8d96cc","scope_lookup","after_close","braces","natural","not_dispatched","Response status: not_dispatched","","","","false","false","false","","","",""
"c5ee0ea6ed703e76e6f68aa38820acb241b2366344b5fe19d8b1f51ba284c575","family-0a5d21387c431fa11a72","scope_lookup","after_close","generic_end","nonce","not_dispatched","Response status: not_dispatched","","","","false","false","false","","","",""
"c5f3119d03a1de4bb8656bc57a03db7e360295b611db70c80775c6e0a95977a4","family-60e6b994a57cd0667b2a","scope_lookup","after_close","padded_end","natural","not_dispatched","Response status: not_dispatched","","","","false","false","false","","","",""
"c6047ac7e72bb7384d5ad0b98ba5e831dbfaf3faba59b5e7a9818862ea4ee5ca","family-39cc5f35c08943b49cd0","scope_lookup","after_close","braces","natural","not_dispatched","Response status: not_dispatched","","","","false","false","false","","","",""
"c60c122987108406b31d5bd6defaaa4e8c3e2a7f78e65ff153fd99a61307d4ea","family-1c5cd02f221964d951cf","scope_lookup","after_close","typed_end","natural","not_dispatched","Response status: not_dispatched","","","","false","false","false","","","",""
"c6228b06cd7c8b93e2aa512f129b2dd9af8053fa6038b84c1df303833d795899","family-7c332a40107fc9e0506b","scope_lookup","after_close","padded_end","nonce","not_dispatched","Response status: not_dispatched","","","","false","false","false","","","",""
"c6293fffabc5055c93e5b106e1c4ba9994b14556eb72904ca38a5de52c5639b1","family-1a0a6382fed9ae407f0e","scope_lookup","after_close","braces","nonce","wrong_answer","Expected 3861; received 6439","","","","true","true","true","","","",""
"c62940c12bc6eba79ef5f76c0e591d5c9558875daf094fc5d993857262f409b6","family-b5f5cbc81ad77e199fa2","scope_lookup","after_close","named_end","natural","not_dispatched","Response status: not_dispatched","","","","false","false","false","","","",""
"c64f34dc0575c07c8759362b57cd8dda38667ce0d0f4dab2421ada06de188bee","family-f90464b8fe28208da76f","scope_lookup","after_close","generic_end","natural","wrong_answer","Expected 5237; received 9961","","","","true","true","true","","","",""
"c66e4d523e249226eac87d89bc8b9a5556b1e281a1231cb88237da69ff85d05f","family-f13778db5d945766e013","scope_lookup","after_close","padded_end","natural","not_dispatched","Response status: not_dispatched","","","","false","false","false","","","",""
"c69748a937ea51d024b1bb54fd57f5b61327b0ebe5307fc0125363d2742f9005","family-365f2be098ba49c5211e","scope_lookup","after_close","braces","natural","not_dispatched","Response status: not_dispatched","","","","false","false","false","","","",""
"c69f8ecda6e070839d53c13f13187546c850da138b11a74dd9f382361730216e","family-34637b4b2fcf78aa9be1","scope_lookup","after_close","typed_end","nonce","not_dispatched","Response status: not_dispatched","","","","false","false","false","","","",""
"c6a8a60faf23653b448e76265ff69757adebfd40e893e55baef6dd7d3e57b226","family-81b5c1c97e7277175b1f","scope_lookup","after_close","typed_end","natural","not_dispatched","Response status: not_dispatched","","","","false","false","false","","","",""
"c6ac498a64941dd033673c9cad8576c3237fea226c3213c5ba5326a0425d54ff","family-13b66982c7378039b53f","scope_lookup","after_close","braces","natural","not_dispatched","Response status: not_dispatched","","","","false","false","false","","","",""
"c6adf4a1cc419252ae2a7d3d6cda6bd0f3e07ec91c4bd69239e00aed9e7d941c","family-b3b20e3062fd3c008541","scope_lookup","after_close","generic_end","natural","not_dispatched","Response status: not_dispatched","","","","false","false","false","","","",""
"c6b900c7ff676181ba059bc350d12e482a49aa3c5fce8497ca5d8d8a902d1f0c","family-85a4112782ddb4c549ee","scope_lookup","after_close","braces","natural","not_dispatched","Response status: not_dispatched","","","","false","false","false","","","",""
"c6c40aecf4e5dae461b07c54aceebfc79a707db6af8324ff6d61b319d4ff6bfd","family-4f22130af5b4eb982150","scope_lookup","after_close","named_end","nonce","not_dispatched","Response status: not_dispatched","","","","false","false","false","","","",""
"c6c96945e97c054cd71e27d7f47a8d8a973d8083430ec107c50ae357edb7da40","family-16612feb98c14c90fc9f","scope_lookup","after_close","typed_end","nonce","not_dispatched","Response status: not_dispatched","","","","false","false","false","","","",""
"c6d7d228cca4aec950e8cc2dfb708596407da1a345edfa62d7a4d11f7f2bb0ec","family-be7d9f50059865014983","scope_lookup","after_close","braces","nonce","not_dispatched","Response status: not_dispatched","","","","false","false","false","","","",""
"c6e4d86ba62113fbbef929116564f3e120347a80b610651adb30cfd0a8960745","family-3eabdb043eb316c35b34","scope_lookup","after_close","named_end","nonce","not_dispatched","Response status: not_dispatched","","","","false","false","false","","","",""
"c6f6f6022eec1f8760189a9974d2cfff02ea330ed4d3411cd46aa1bb1822488f","family-43a415fe4fac3c60d4ab","scope_lookup","after_close","braces","nonce","not_dispatched","Response status: not_dispatched","","","","false","false","false","","","",""
"c7068840fb9f980e082254792db0f4f7aaf7142d2044a943c8a19b0fc5ca4ba1","family-5b63e686107fdc9456ad","scope_lookup","after_close","padded_end","nonce","not_dispatched","Response status: not_dispatched","","","","false","false","false","","","",""
"c70bfe6ca28440a5a7862c9a13adc2ddf680fdd8a92ecfdb7d6cdd11ebc9cf53","family-c27c04681a7543f0c625","scope_lookup","after_close","named_end","nonce","wrong_answer","Expected 4612; received 2097","","","","true","true","true","","","",""
"c738c3e10eee60e1bbdea8f08e4c97aac8a42f8da73a23d878167fac32f72cf6","family-2bd2fa1f5e64c58c7269","scope_lookup","after_close","braces","natural","wrong_answer","Expected 1443; received 8950","","","","true","true","true","","","",""
"c73bb197571ed612f9428bed61de6586cd1bde37a400e4a09632271bd26f8af3","family-a57883b3ebf5bdc2734f","scope_lookup","after_close","generic_end","nonce","wrong_answer","Expected 6437; received 7627","","","","true","true","true","","","",""
"c74179c2984d3e1f1973071d4f3c9c9d382c5b10cdc595462aeedea0b31e8501","family-cac713cc9e27f8ff91fc","scope_lookup","after_close","braces","natural","not_dispatched","Response status: not_dispatched","","","","false","false","false","","","",""
"c76422677571ebd1089aea6b1d85a43eb446e550d1dee2f36697111eabfb3dc4","family-a2dff9755a304f00f563","scope_lookup","after_close","typed_end","nonce","not_dispatched","Response status: not_dispatched","","","","false","false","false","","","",""
"c77735f68a4520376c465410eb598880fd794d4dae16f72ec93247d1cffad4f2","family-ef76d0465ec71b6d7c3f","scope_lookup","after_close","named_end","natural","not_dispatched","Response status: not_dispatched","","","","false","false","false","","","",""
"c78c9abe17c673d5d9c239cd0223b8b621648d5232fa1b5914493743c5afbf94","family-2d4ca203b12edfb77065","scope_lookup","after_close","padded_end","nonce","not_dispatched","Response status: not_dispatched","","","","false","false","false","","","",""
"c7c111363087fcabb15405791d924156e94f3a1629b754fa1cd93c10fe34dcfb","family-01e9efb57c6f01a9ab32","scope_lookup","after_close","typed_end","nonce","not_dispatched","Response status: not_dispatched","","","","false","false","false","","","",""
"c7e1d228cf0cea7969c00c8a93390b6f4c2dfc58384bd8cdf5eb548681413f2d","family-24f14ad02f9d79d4e6f7","scope_lookup","after_close","typed_end","nonce","wrong_answer","Expected 6444; received 1182","","","","true","true","true","","","",""
"c810867791772a3325b2ebccd76c67620ee5c155ac2f13eff874ea54a5f4c2e9","family-e6e51e5de948f110de91","scope_lookup","after_close","named_end","natural","not_dispatched","Response status: not_dispatched","","","","false","false","false","","","",""
"c81ebf20686a7bbe057e15b8b7af17fc076857bdc5df6699d03d4580d584a6d7","family-0553395a4573d2904b4c","scope_lookup","after_close","generic_end","natural","not_dispatched","Response status: not_dispatched","","","","false","false","false","","","",""
"c823c38f0d7ca5e1245c67d7b58c8c4f49474646d288b824618ae0f721c4a540","family-ff162c61e24aad4247f3","scope_lookup","after_close","generic_end","nonce","not_dispatched","Response status: not_dispatched","","","","false","false","false","","","",""
"c829cf14b6488488fd5dccc3f865d2116e16a57e2f871a144bcb50e0ef29ec79","family-f5daf0fe2889473ae782","scope_lookup","after_close","padded_end","nonce","not_dispatched","Response status: not_dispatched","","","","false","false","false","","","",""
"c85f06b7be91ad479d8115a0e4d9ced085ad6dd8490690b13fe7c34a4895f7db","family-2637168633a8a5fd7957","scope_lookup","after_close","padded_end","nonce","not_dispatched","Response status: not_dispatched","","","","false","false","false","","","",""
"c866994ca9ac8d3a4f01647bf47cfdee627d5d85fb4b609c2ff28e9fc72a786c","family-09e2113afb71afc93f4f","scope_lookup","after_close","padded_end","natural","not_dispatched","Response status: not_dispatched","","","","false","false","false","","","",""
"c880de0689a473f6086058d1ce2aa5d29c4fe1d37a7bab86c73ff5cb07ef9b19","family-1b4ad064baa5f003980f","scope_lookup","after_close","padded_end","natural","not_dispatched","Response status: not_dispatched","","","","false","false","false","","","",""
"c886dd5912a7c118c71cb64bea0165f520b67483fe4db6f7dda9761c3749a080","family-33ce8cc8dd0f7b7cd8be","scope_lookup","after_close","braces","nonce","wrong_answer","Expected 9727; received 8686","","","","true","true","true","","","",""
"c89bcb6ed7d961937933757e20c8a8018cc13e8d94e4d8eced7ae81ff0b540b6","family-29bae0c51b15fc4b3f39","scope_lookup","after_close","braces","natural","not_dispatched","Response status: not_dispatched","","","","false","false","false","","","",""
"c89fe62bd26ef6f24d7c72fe9c3592eb332212a29fd88251afeb9d9036013fff","family-a687b9583e025493e18e","scope_lookup","after_close","padded_end","natural","not_dispatched","Response status: not_dispatched","","","","false","false","false","","","",""
"c8b49a8c98fb7a67df8f547590c2e21f972742c7eca95c15eadba1995d99752c","family-3572a1853623b4cc2772","scope_lookup","after_close","typed_end","natural","not_dispatched","Response status: not_dispatched","","","","false","false","false","","","",""
"c8baf20a7d818a8ffad1659e9bb65ae843e1682285dc46aaa9883b798f41f74a","family-dfbce2959dabc0ed1bd1","scope_lookup","after_close","typed_end","natural","not_dispatched","Response status: not_dispatched","","","","false","false","false","","","",""
"c8fb3a55bace343ba1a1384c4e5b29b12257aae3728265fe5ba74e5734d0050e","family-d0258380e6658a97ff75","scope_lookup","after_close","generic_end","natural","wrong_answer","Expected 6674; received 5479","","","","true","true","true","","","",""
"c909dc72e6562c55f2d421403b71e8b4514bd110d81629ae3e13b93192db0b95","family-54c1e48a5e373dac734c","scope_lookup","after_close","named_end","natural","not_dispatched","Response status: not_dispatched","","","","false","false","false","","","",""
"c91b95cd158f023290bf385089cd32946b8c5d388b3302cb74f17d4a5ab12603","family-4c55dabdfb255c14990e","scope_lookup","after_close","typed_end","nonce","not_dispatched","Response status: not_dispatched","","","","false","false","false","","","",""
"c91bc7e7050a3247590f18a0ea40d3ef5b39e625d3b9939b05a88a8b2cb7ca3a","family-51b2b2e1e5b6e49579e8","scope_lookup","after_close","generic_end","natural","not_dispatched","Response status: not_dispatched","","","","false","false","false","","","",""
"c9204b807c71bb5da01632411624d8be2659d6b7ee09a557eb428ef9116274fe","family-35072a31b6134c8f283b","scope_lookup","after_close","braces","nonce","not_dispatched","Response status: not_dispatched","","","","false","false","false","","","",""
"c9327fadcc90e2fd7d731738e7722703dabc0d88a0500d450e8a80eabd541b8b","family-d0258380e6658a97ff75","scope_lookup","after_close","padded_end","natural","wrong_answer","Expected 6674; received 1272","","","","true","true","true","","","",""
"c9419cc6c644e916bc11815f97336795282428b81239210fb675c6235e00757e","family-ae1b4ec6df96fb4b7a32","scope_lookup","after_close","padded_end","nonce","not_dispatched","Response status: not_dispatched","","","","false","false","false","","","",""
"c94c42ef18ac02970148441c90a59cfcb4bc00245881057836c98ae4d5e6cf54","family-b3b20e3062fd3c008541","scope_lookup","after_close","typed_end","nonce","api_rejected","Response status: api_rejected","","","","false","true","true","","","",""
"c95129378f6c54537b52558f7f870bbfb3f0318cef164e1b258da14a7db9e032","family-eee77401bb17096401e6","scope_lookup","after_close","braces","nonce","not_dispatched","Response status: not_dispatched","","","","false","false","false","","","",""
"c968231461e5606f0da2e71ac0b6a3de20c41dbaa5974831d0dc775624517122","family-e6e51e5de948f110de91","scope_lookup","after_close","braces","natural","not_dispatched","Response status: not_dispatched","","","","false","false","false","","","",""
"c973baabdae211d1943d1d4b41d44dedeb3a14c29244d3e90353e4db13011e0c","family-82f7c99871edfa451f94","scope_lookup","after_close","typed_end","natural","not_dispatched","Response status: not_dispatched","","","","false","false","false","","","",""
"c98709489c829e5bc4fa3f5b47b89d7ffd89f9d555d3f6d67517fd76c085131f","family-e7e829d4356ce7aa43c2","scope_lookup","after_close","typed_end","natural","api_rejected","Response status: api_rejected","","","","false","true","true","","","",""
"c99c46151cd0b1e79ee04af28ef16be933146040540fbe4343aefe08ddacaedc","family-bd3c2969cbd85fad559f","scope_lookup","after_close","braces","natural","not_dispatched","Response status: not_dispatched","","","","false","false","false","","","",""
"c9be92527d69df55656b790f2b49d13059155670b956f087d92a12fedde17894","family-4c44751ce578f7ecc770","scope_lookup","after_close","generic_end","natural","not_dispatched","Response status: not_dispatched","","","","false","false","false","","","",""
"c9e1f70ace4a8444df4b1073966408b14f26ebd3efbe77d280d5e5307afbeca1","family-12030a7214ba83d0a44e","scope_lookup","after_close","padded_end","natural","not_dispatched","Response status: not_dispatched","","","","false","false","false","","","",""
"c9fa166b8a21d5122079059abae54766b1dcb5c07c73a2c350252728b0f3f409","family-ff6653263c8411054e4f","scope_lookup","after_close","braces","nonce","not_dispatched","Response status: not_dispatched","","","","false","false","false","","","",""
"ca0b1470f266afeb9d229a53283d7306e7ff2e200635c415334a6f22f3fde4eb","family-a4b5c94983eec4913f23","scope_lookup","after_close","named_end","natural","not_dispatched","Response status: not_dispatched","","","","false","false","false","","","",""
"ca36332bb46502ab4881e871a4f8c78ca65219d4ba11b3b8979d93b92126bcb6","family-96d1655b4655b68cc908","scope_lookup","after_close","named_end","natural","not_dispatched","Response status: not_dispatched","","","","false","false","false","","","",""
"ca560890f689f8bd291fab28debfcca829872d74761416c977b49d06774d6c58","family-5f855b35c87e7752fc0f","scope_lookup","after_close","typed_end","nonce","not_dispatched","Response status: not_dispatched","","","","false","false","false","","","",""
"ca6a800f7e0dcdc91d11e00f276072039a36e3a9e9ef314a0d8fc559a8519337","family-fce83fa5b6f1ed2ecae9","scope_lookup","after_close","generic_end","nonce","not_dispatched","Response status: not_dispatched","","","","false","false","false","","","",""
"ca79d813a0cc1b71fa2ff3db662b301e9a43f1f62058fb5d4915b0a7333a0f60","family-db2d2997d96595927d22","scope_lookup","after_close","named_end","natural","not_dispatched","Response status: not_dispatched","","","","false","false","false","","","",""
"ca9b23679765073696b15e76b73891247b85872eae84784a5abf454993889ca0","family-51e3627587c0ace4b236","scope_lookup","after_close","typed_end","natural","not_dispatched","Response status: not_dispatched","","","","false","false","false","","","",""
"caa48f24ba82b090a8da703faf70fa771dd0eaa0c589b770ff2b176e7a90dd2f","family-47a815662d4bac370f57","scope_lookup","after_close","generic_end","natural","not_dispatched","Response status: not_dispatched","","","","false","false","false","","","",""
"cab0679dff835d2eca8ec091fbf8b351d1312a34b8fc8bfa404a85559aa07a87","family-03aa7a8a99449bfa4db5","scope_lookup","after_close","padded_end","nonce","not_dispatched","Response status: not_dispatched","","","","false","false","false","","","",""
"cad09bfb89d430c68006c67b8cd2d6e3ab68d8978c5eaff707a1a047f768f9ee","family-40ac96646937ad42ea39","scope_lookup","after_close","braces","nonce","not_dispatched","Response status: not_dispatched","","","","false","false","false","","","",""
"cada3404fe8104d883ab7ccd7a7a3f8c5f64c7235959b70bd7d2606bc67ed51e","family-0699416dc3b5b7df1a2a","scope_lookup","after_close","named_end","natural","not_dispatched","Response status: not_dispatched","","","","false","false","false","","","",""
"cae4760d9442e0dfe263b629b1b822ca813c08ada1d325c382327f94af9b5475","family-d9dce3002672d6c101f7","scope_lookup","after_close","typed_end","natural","not_dispatched","Response status: not_dispatched","","","","false","false","false","","","",""
"caf1b5a5ecef45ccf7a8370b56dabe23de1888fd216bd6be8c39f0c4caa965f6","family-e2b3d3a1c1963aca578b","scope_lookup","after_close","named_end","nonce","not_dispatched","Response status: not_dispatched","","","","false","false","false","","","",""
"cb1c7ec60438ea63e3846c78a7153ab12b03927c01fad4440a87a90ce822581b","family-592b147512bff6def49b","scope_lookup","after_close","braces","nonce","not_dispatched","Response status: not_dispatched","","","","false","false","false","","","",""
"cb3ea877acfc29064df382664b45fe795004e68f8fe3d0ba1414a1709e7b8e11","family-e6e51e5de948f110de91","scope_lookup","after_close","padded_end","natural","not_dispatched","Response status: not_dispatched","","","","false","false","false","","","",""
"cb6ef2dae0bc715a71770d8b469e60eff2156a1e42f2a6dc464fe6b84d10d7ec","family-fe0fa705a9f02858bb6f","scope_lookup","after_close","padded_end","natural","wrong_answer","Expected 7220; received 7742","","","","true","true","true","","","",""
"cb8302f5d0e801354b4a0c6a4fe03d19fd3317fb27a1c7954a82e10b8da8ed4a","family-73d35b42fea6ed684804","scope_lookup","after_close","named_end","natural","not_dispatched","Response status: not_dispatched","","","","false","false","false","","","",""
"cbbc177068347e3d2c4b1dc75fa8f6876d1faef951bcef8d32c876f4fa1c54f3","family-b44a22afbe017ba651f2","scope_lookup","after_close","generic_end","natural","not_dispatched","Response status: not_dispatched","","","","false","false","false","","","",""
"cbe9f0a9c170c880624e416fb4f08ab7d89052f5c2c878faaba9272a40557ba7","family-750b447a22b873db6093","scope_lookup","after_close","braces","natural","not_dispatched","Response status: not_dispatched","","","","false","false","false","","","",""
"cc0707855e5b13d0d2c00b08717c27cb1195f83b5ee11b6deebafe3adffa615d","family-a2e4fc9b48f060baaad8","scope_lookup","after_close","braces","nonce","not_dispatched","Response status: not_dispatched","","","","false","false","false","","","",""
"cc0f7f9e94b50fdc431fa42011982adc9fac59fca586c62bada22c90db82aaeb","family-01e9efb57c6f01a9ab32","scope_lookup","after_close","braces","natural","not_dispatched","Response status: not_dispatched","","","","false","false","false","","","",""
"cc11af7707ac25084d707d5f449fd0e2cd373ccf5fe42830d1990036b27fb90d","family-3fdeb99b24e318aa28fb","scope_lookup","after_close","typed_end","natural","not_dispatched","Response status: not_dispatched","","","","false","false","false","","","",""
"cc173b1300b8f1cd949118ead2a10e5eeb1062dc28a61246b8a9c0063888ec33","family-44000eebac0793223bea","scope_lookup","after_close","generic_end","nonce","not_dispatched","Response status: not_dispatched","","","","false","false","false","","","",""
"cc1899c8856ab51212ae6dc93add0ae5cb61c85285ffaadb9ca7636daf8061bc","family-0a5d21387c431fa11a72","scope_lookup","after_close","padded_end","nonce","not_dispatched","Response status: not_dispatched","","","","false","false","false","","","",""
"cc27934ae2dd4c4b3edb1318835ea7741fc2046bd8ca96cebf75f2a4b3026f74","family-1a43aa90e10067aecec1","scope_lookup","after_close","generic_end","nonce","not_dispatched","Response status: not_dispatched","","","","false","false","false","","","",""
"cc34f6a8edd9342ac2ee47372e3e7889075e1198abfd5b04f6f087450f763e0a","family-a7268f5d78df48d04f92","scope_lookup","after_close","braces","natural","not_dispatched","Response status: not_dispatched","","","","false","false","false","","","",""
"cc4bee25679558bcecd08613dcf8f464a3103ba3986590f8f8263ea5eb98d329","family-21689227027c8deacb38","scope_lookup","after_close","named_end","nonce","not_dispatched","Response status: not_dispatched","","","","false","false","false","","","",""
"cc587a7ec2ca51e81b2de74d27192ffbbd5bb057c77aac07bebcce1e973fb828","family-7201b5e67b42074251d7","scope_lookup","after_close","typed_end","nonce","not_dispatched","Response status: not_dispatched","","","","false","false","false","","","",""
"cc5f1a8440f769ec8b71aa3af1ac93ed0bcd69f4cf4343f469bce268280b7d61","family-18871ae37697b4a460fe","scope_lookup","after_close","generic_end","natural","wrong_answer","Expected 9744; received 5171","","","","true","true","true","","","",""
"cc6dfd9b76a13065966de53a42b039641cc94f79ac819bdb72e23cfa729f30a7","family-3d5224972b51acdcc52a","scope_lookup","after_close","generic_end","natural","api_rejected","Response status: api_rejected","","","","false","true","true","","","",""
"cc9d42be55d552e37ea6883755fddac6931cb16d6d99a0d31bcfb23bf22413f4","family-aa32c06aefe0097b5d71","scope_lookup","after_close","named_end","natural","not_dispatched","Response status: not_dispatched","","","","false","false","false","","","",""
"cc9fca329d3c3cc99d54a1691d7dc79a3442c1b0dbd6a8fe99b22d4f5ccf8b3e","family-cac713cc9e27f8ff91fc","scope_lookup","after_close","generic_end","nonce","wrong_answer","Expected 4872; received 8412","","","","true","true","true","","","",""
"ccbcb68f8cbd943f73c5c8286280c853dcf300d24f502d297b6032aa998ab204","family-2e30a9559bdf8a168203","scope_lookup","after_close","typed_end","nonce","not_dispatched","Response status: not_dispatched","","","","false","false","false","","","",""
"ccc1de483961ac3f5fc0507083625b802529b9555b54240af30ca2c6948a86e6","family-9c1e8beef9210ff51d2f","scope_lookup","after_close","braces","nonce","not_dispatched","Response status: not_dispatched","","","","false","false","false","","","",""
"cce864ac2333e644f1b89dd2d650c6ef6acbc5c1d4b4f0c7f9d293f06d5e5953","family-3e04b47f55388c0d1b5c","scope_lookup","after_close","braces","natural","not_dispatched","Response status: not_dispatched","","","","false","false","false","","","",""
"cd189e2f1211621bea2689edf1d43392fb7985cc0583c51851da65af2667efff","family-7d1ba8f33e9b6e39234c","scope_lookup","after_close","padded_end","natural","not_dispatched","Response status: not_dispatched","","","","false","false","false","","","",""
"cd301ba00ccf39d46934f7b2501c19413acdee01b9207077f2d67712d417880e","family-bd4099cd056789e21e20","scope_lookup","after_close","named_end","natural","not_dispatched","Response status: not_dispatched","","","","false","false","false","","","",""
"cd30c2f537edabfd22bd16e992ee3de04202955bd7dfa94b33a605397c56d104","family-e739721766419f8ad9dd","scope_lookup","after_close","padded_end","natural","not_dispatched","Response status: not_dispatched","","","","false","false","false","","","",""
"cd4fed4bbea42afbfcfc24af0342b9ceaed37510ddcda1cad6a3e9aabda169b5","family-c27c04681a7543f0c625","scope_lookup","after_close","generic_end","natural","not_dispatched","Response status: not_dispatched","","","","false","false","false","","","",""
"cd66dd32cc572e0d6e481c428d63bf5cbeba2e54fc3358d304c5cd8c45302598","family-9eefc660f35e8050ac2d","scope_lookup","after_close","padded_end","nonce","wrong_answer","Expected 1430; received 7692","","","","true","true","true","","","",""
"cd70faa386022f2eded2ccf48d3420047698208ec6993b223c0657856f0d09bb","family-117dbfae30e5fb76090b","scope_lookup","after_close","generic_end","natural","not_dispatched","Response status: not_dispatched","","","","false","false","false","","","",""
"cd79bc55f9e833b0d3b8fd72d67f6e45304fc0420fde0c9f35f1cfec61c8e39a","family-47a815662d4bac370f57","scope_lookup","after_close","braces","nonce","not_dispatched","Response status: not_dispatched","","","","false","false","false","","","",""
"cd7bdc461d6bb831190ed4717dd981f88c6bd394ff2553ca7a34de6b08a42aef","family-dde08e4020268c442b03","scope_lookup","after_close","named_end","natural","not_dispatched","Response status: not_dispatched","","","","false","false","false","","","",""
"cd7ca02f17bbe4a8e0031ac9cd711b8675ca499e584146d53cbeacf6ba5c4a97","family-c4dde46d058037719010","scope_lookup","after_close","generic_end","nonce","not_dispatched","Response status: not_dispatched","","","","false","false","false","","","",""
"cd7eecffaedd2565783d9a2a6b10f7b52cd611bcc6689cf83d4cc32aeaeb863f","family-8d7855852b7553d710fb","scope_lookup","after_close","named_end","nonce","not_dispatched","Response status: not_dispatched","","","","false","false","false","","","",""
"cda8b5f15812c005d713efd320344dffd10d81767233174bbdb21bb671e184e3","family-a22670a9df47816a1d78","scope_lookup","after_close","generic_end","nonce","not_dispatched","Response status: not_dispatched","","","","false","false","false","","","",""
"cdb636073a46762aaf7e732ef071d7ef5a74277320a22eaf8ac3fe4a82868c48","family-425ce91e3d14b4429bdb","scope_lookup","after_close","braces","natural","wrong_answer","Expected 9630; received 6572","","","","true","true","true","","","",""
"cde0049c739711f0b227a554fc473df64d64ff998e87ee84ddf62cb5398f1b9f","family-68a86497b058a64904a6","scope_lookup","after_close","named_end","nonce","not_dispatched","Response status: not_dispatched","","","","false","false","false","","","",""
"ce0816df29a09ab98f8dcb919b8e7728f4be4794268d6e8cd4bb2bad25e433fd","family-e739721766419f8ad9dd","scope_lookup","after_close","named_end","nonce","api_rejected","Response status: api_rejected","","","","false","true","true","","","",""
"ce3a3931f57158078f5ebfb2e5f682da2516f19d392b013c0e96b069c30e15be","family-d3a289c3533cedc1c30c","scope_lookup","after_close","typed_end","nonce","not_dispatched","Response status: not_dispatched","","","","false","false","false","","","",""
"ce5054604a7806e2d209855ef3cc6dec4b153ae2519c61241699aa37d71bca90","family-4658eeed1046c7a0d6b5","scope_lookup","after_close","named_end","natural","not_dispatched","Response status: not_dispatched","","","","false","false","false","","","",""
"cebb693451398a84de55298d0d82971deab62e86456b79d2d3c0e20ab84c1d97","family-adb07efb005c6f501c6d","scope_lookup","after_close","named_end","nonce","not_dispatched","Response status: not_dispatched","","","","false","false","false","","","",""
"cec0d831723fbe79fad4606bd0b1aa24f572a8be559d004e54592a05dba2a8f2","family-4b6c2e38351ea351c486","scope_lookup","after_close","padded_end","nonce","not_dispatched","Response status: not_dispatched","","","","false","false","false","","","",""
"cec34e4462f862ff4ba8c2cd78e4332170ddf762469aebec9589571809192d1d","family-cc273e9877adf84990a7","scope_lookup","after_close","generic_end","nonce","not_dispatched","Response status: not_dispatched","","","","false","false","false","","","",""
"cec66379365ce89096222a5e48d88298664e263548c930ac3bf1d6a9b16df88b","family-916b36b95f1c26e349fe","scope_lookup","after_close","braces","nonce","wrong_answer","Expected 1094; received 2673","","","","true","true","true","","","",""
"cec94cae7e68f6dc562be72516c761a4126131e45a59669450e407a889b7923e","family-0023ad6970e24716db3b","scope_lookup","after_close","typed_end","natural","wrong_answer","Expected 6569; received 5776","","","","true","true","true","","","",""
"cef55da426c8b80efef3cd45a244b131b5b62f2fc0bc1f7497aa7b95e526b20c","family-e29b5f4538e67d7e4ec0","scope_lookup","after_close","generic_end","natural","not_dispatched","Response status: not_dispatched","","","","false","false","false","","","",""
"cf248836e90327e81ca8afb7ae89dcaf1ab50c84a053bba3e182930300d20528","family-bd3c2969cbd85fad559f","scope_lookup","after_close","typed_end","natural","not_dispatched","Response status: not_dispatched","","","","false","false","false","","","",""
"cf7aade6c57fdb65e2b542cf4dc3b052404a5eaca3d9d2be0e185bc2b1a8f44d","family-295bca20a17148c007d1","scope_lookup","after_close","generic_end","nonce","not_dispatched","Response status: not_dispatched","","","","false","false","false","","","",""
"cfc047416abb7af40954a0a6510d8ea633d0a0e5cf95323f16eb76a52d041817","family-4f09c00bd3e6cfadf50a","scope_lookup","after_close","braces","natural","not_dispatched","Response status: not_dispatched","","","","false","false","false","","","",""
"cfcc9b5d6f21e7a4b84e2cabcf0912c8529cdc5d8dcb50ce25c2788f7f612761","family-ff0608c18843ac780fd4","scope_lookup","after_close","braces","natural","wrong_answer","Expected 7941; received 8225","","","","true","true","true","","","",""
"cfd9b09e1e48b8e5ea89359c90089bfd45fb60f74388e697539e24bbd0a01a11","family-56378884ef7b40bfc27d","scope_lookup","after_close","typed_end","nonce","not_dispatched","Response status: not_dispatched","","","","false","false","false","","","",""
"d00ed4109bf2ebd793c0c060c62fa1900cf0f429db82ee65d037a19eaee10fc9","family-519cc0f8028f69d657bb","scope_lookup","after_close","named_end","natural","not_dispatched","Response status: not_dispatched","","","","false","false","false","","","",""
"d01e6656876e1ddabf54607bbf9fcca62359d42839d93dccd80ca652bf58b74f","family-e29b5f4538e67d7e4ec0","scope_lookup","after_close","generic_end","nonce","not_dispatched","Response status: not_dispatched","","","","false","false","false","","","",""
"d039b5e6da7ea1a12be65bf50927723020c749ef361b838a3c2bae0baef29ae1","family-6e20618a04a8d6d4f550","scope_lookup","after_close","typed_end","natural","wrong_answer","Expected 2926; received 9073","","","","true","true","true","","","",""
"d0414b9729bb06f614f3c4f2f4b14312098a5fd1bc18971dbbcf3733847749e9","family-519cc0f8028f69d657bb","scope_lookup","after_close","typed_end","natural","not_dispatched","Response status: not_dispatched","","","","false","false","false","","","",""
"d07a55b117cbe5957f3f6581cca7672497f78c99bb844a5bc8956e2c1ebf63d2","family-e5ca796e3782d6f2cb04","scope_lookup","after_close","generic_end","nonce","not_dispatched","Response status: not_dispatched","","","","false","false","false","","","",""
"d07d6cc40b324b1eabc34ef56fe547bd4e1efb71ffbf9d3cf217c372e5a6e987","family-82a951c68b26c1e33a1f","scope_lookup","after_close","braces","natural","not_dispatched","Response status: not_dispatched","","","","false","false","false","","","",""
"d09eabf7932826889384fd5094e6258a00a0f9c5728dada4091ba8eaeb75c856","family-9e74934a045b9bf738e8","scope_lookup","after_close","padded_end","natural","not_dispatched","Response status: not_dispatched","","","","false","false","false","","","",""
"d0b398f6f6f60f89b658f63e4ad19cd9a290a09e04c8dd6681e829b3e29d65b8","family-c6fd7e21c3cb3a5952a5","scope_lookup","after_close","padded_end","nonce","not_dispatched","Response status: not_dispatched","","","","false","false","false","","","",""
"d0b7353580e6147d0392e25885113605a034f9246a42d83e8679ad0732dba0c3","family-f7962885e6f9398aeb2b","scope_lookup","after_close","padded_end","nonce","wrong_answer","Expected 4660; received 8546","","","","true","true","true","","","",""
"d0cca15d11a464cec49c8957c7dc76350f51feccd928fcd13d803c62c8e34910","family-7714405fa2a1d3a1c132","scope_lookup","after_close","generic_end","nonce","not_dispatched","Response status: not_dispatched","","","","false","false","false","","","",""
"d0e278508058dd3f580d2416154a63c48ca9a296edfd5d3f1f04d636fd9ac170","family-68fcc1c9f5945998c0cb","scope_lookup","after_close","padded_end","natural","api_rejected","Response status: api_rejected","","","","false","true","true","","","",""
"d0e4fdb1684abac246bebdb963b5620084bcc4fcbf03c1b9530573bc61dcd337","family-e5ca796e3782d6f2cb04","scope_lookup","after_close","typed_end","nonce","not_dispatched","Response status: not_dispatched","","","","false","false","false","","","",""
"d0f94cf0a8c5662b5e1cb9af353d0a0c189808b7055ee70c6b149a50a7615bcf","family-c30589a166aa1f1ae939","scope_lookup","after_close","generic_end","natural","not_dispatched","Response status: not_dispatched","","","","false","false","false","","","",""
"d138bffb7dcde50e67ab28fad9dfa351a91d85dcc9bd153c13104804d20566a3","family-fe94f52290d7fe43bad8","scope_lookup","after_close","generic_end","natural","api_rejected","Response status: api_rejected","","","","false","true","true","","","",""
"d141025df22a9af447a0fb8a147ba8e1987068b7e313023a551588d00397255d","family-edfae4a2ef501e054d9e","scope_lookup","after_close","braces","nonce","not_dispatched","Response status: not_dispatched","","","","false","false","false","","","",""
"d14d50adc4bc6b2142c7f5ead88ae73289046600f47d51a2f49dcc1f82e8e44c","family-5f8adf71a8b33aeea343","scope_lookup","after_close","named_end","natural","not_dispatched","Response status: not_dispatched","","","","false","false","false","","","",""
"d191cf0b6b1a167914506d52f0b15d568955e7eb035d77941a84a7398d616363","family-7d1ba8f33e9b6e39234c","scope_lookup","after_close","generic_end","natural","not_dispatched","Response status: not_dispatched","","","","false","false","false","","","",""
"d1921635a143a145695d5f36bfad192c7a067ea823a851c4a59b97fbd041f164","family-5f2d457cfb5501bd52e9","scope_lookup","after_close","typed_end","natural","wrong_answer","Expected 4356; received 5182","","","","true","true","true","","","",""
"d19f36d6315be4e256ab62f526a64b4c821a2a503e98cbc0dbd515ab96cfd77b","family-4f4d496d00088890da68","scope_lookup","after_close","padded_end","nonce","not_dispatched","Response status: not_dispatched","","","","false","false","false","","","",""
"d1b08388422fbe11ac2dbf04b63e069ec5409b75578b7bfc0549b44ce831d4b8","family-c04a143fff0ef2058d04","scope_lookup","after_close","typed_end","natural","not_dispatched","Response status: not_dispatched","","","","false","false","false","","","",""
"d1ef4ccf687550f20c95ba2e147bdd55479ee78742cb795d4e3d4ec8a43784a3","family-a66ea7cf7777d523fa0a","scope_lookup","after_close","typed_end","natural","not_dispatched","Response status: not_dispatched","","","","false","false","false","","","",""
"d1f0ebbf87d3a9a43de4a422b3bd26e8920087aac5204b3ccc8d6e65b19adaf0","family-3b456337da1a545436e8","scope_lookup","after_close","named_end","nonce","not_dispatched","Response status: not_dispatched","","","","false","false","false","","","",""
"d1f7fddd0e3320238d55d27441d8b2cbe6b27adf20287729da865b47a07860ad","family-ae1b4ec6df96fb4b7a32","scope_lookup","after_close","padded_end","natural","not_dispatched","Response status: not_dispatched","","","","false","false","false","","","",""
"d20ef73cd4f0f71b818620d8ee191b1e6e152b5deef8bf062f3f96fd8ed18cef","family-f9a76d59ee7a6cf3f7b1","scope_lookup","after_close","typed_end","natural","not_dispatched","Response status: not_dispatched","","","","false","false","false","","","",""
"d2123e3d9926950cb8326c87d23059df5c72650dd236457fb7ef156ca7d86403","family-d548c5f900182242bf0c","scope_lookup","after_close","braces","natural","not_dispatched","Response status: not_dispatched","","","","false","false","false","","","",""
"d21306a2aa8a25be6624237d5942dc80cf63684fc41bf468c9c9aa1850eaf13f","family-6e20618a04a8d6d4f550","scope_lookup","after_close","named_end","natural","wrong_answer","Expected 2926; received 9073","","","","true","true","true","","","",""
"d22b486edbcddcf4d494dfe5a07ce5d6da102ea11ca4eb392dd5ad85281ed8d8","family-ed3aeac54a08bc1c993b","scope_lookup","after_close","braces","natural","not_dispatched","Response status: not_dispatched","","","","false","false","false","","","",""
"d22e20fdc936171ab0cea8c580b5f383023ab757bc62667ba22a123fc5008891","family-129b9045f90a457ec9e7","scope_lookup","after_close","typed_end","nonce","api_rejected","Response status: api_rejected","","","","false","true","true","","","",""
"d256b2f080044f88144cd9bc420b2c35b32b0f24ee0a98ba01f2bca6003fb039","family-829103e7b348846aba6b","scope_lookup","after_close","padded_end","natural","not_dispatched","Response status: not_dispatched","","","","false","false","false","","","",""
"d27f90e11de00d0933be00ef042289a797143d279b1cac0d68c2546cde524ba5","family-8322b45b5e04b1b792c9","scope_lookup","after_close","braces","nonce","wrong_answer","Expected 1020; received 5670","","","","true","true","true","","","",""
"d289a5bd9dd5f818e3f2d4cb9105aa63e060acad1df3c7109421e1378b020b84","family-2bd2fa1f5e64c58c7269","scope_lookup","after_close","padded_end","nonce","not_dispatched","Response status: not_dispatched","","","","false","false","false","","","",""
"d291e8a6e8b2cc2473138c49ab0564390fa10b4e3877a5c62f653986e0146436","family-99d58b7d7e77fb56cd14","scope_lookup","after_close","generic_end","nonce","not_dispatched","Response status: not_dispatched","","","","false","false","false","","","",""
"d2ab64e51e54a6415753192748ae7c80736d7d7e922f0a5d663f5ca8046474b5","family-750b447a22b873db6093","scope_lookup","after_close","typed_end","nonce","wrong_answer","Expected 3169; received 6820","","","","true","true","true","","","",""
"d2af2c3c3a0eacf377331cd74b67c9257f00aff3f03b6fca9bcf350aa3695003","family-1fc89de4b2b652d176d6","scope_lookup","after_close","named_end","nonce","not_dispatched","Response status: not_dispatched","","","","false","false","false","","","",""
"d2b1f2426c6964996df20a592d94f0512d0485ac9e3a31e444cfd8da67c30bcc","family-fddf2ce4f0547d7c496d","scope_lookup","after_close","named_end","natural","not_dispatched","Response status: not_dispatched","","","","false","false","false","","","",""
"d2d391d78fdcd0207cb3c2835c9b5ff740d9b8c78b2228a8689e1c346e9d83df","family-75d140f1737cb4123b79","scope_lookup","after_close","generic_end","nonce","not_dispatched","Response status: not_dispatched","","","","false","false","false","","","",""
"d2dc1cc8dcdde607491461578887a7fc2f28ba6c14be9854f0e83147f55d6e45","family-33ce8cc8dd0f7b7cd8be","scope_lookup","after_close","generic_end","natural","not_dispatched","Response status: not_dispatched","","","","false","false","false","","","",""
"d2e96615978c59de4b8b0e8322649733a97479b9d98a4d136bc81abd15016328","family-0553395a4573d2904b4c","scope_lookup","after_close","padded_end","natural","not_dispatched","Response status: not_dispatched","","","","false","false","false","","","",""
"d2f2a707bf95c888d299edf4c1e4978bd89a664f184cd8af1e8c2f7dbb4dee44","family-51e3627587c0ace4b236","scope_lookup","after_close","typed_end","nonce","not_dispatched","Response status: not_dispatched","","","","false","false","false","","","",""
"d2f770fb2a87310a2372848579d8d44e08a434d21288a1a3a39d7e95b45930b4","family-ccea5ca66ad622bb7848","scope_lookup","after_close","braces","nonce","wrong_answer","Expected 9901; received 6554","","","","true","true","true","","","",""
"d2faaae1fae61f26896c523bcf13f782f5acc21632311a652712d9d1b4b186ea","family-12406704a3b5d2f6a2ec","scope_lookup","after_close","generic_end","nonce","not_dispatched","Response status: not_dispatched","","","","false","false","false","","","",""
"d3118376f435b7410f853b27002747f1ba1f004105d30255adf405e90e7c1a18","family-130bfd53f821d0de9f25","scope_lookup","after_close","padded_end","natural","not_dispatched","Response status: not_dispatched","","","","false","false","false","","","",""
"d337de6aeb772f2d5f8605ce58cdeb7c27ce80a6668b8e3c82a936d335de6137","family-ae1b4ec6df96fb4b7a32","scope_lookup","after_close","typed_end","nonce","not_dispatched","Response status: not_dispatched","","","","false","false","false","","","",""
"d36493a18bb19df7e62075b034ce4d294b583ad9fce94ebd1a0cc4468f7699e7","family-e344908be3ae7cdede46","scope_lookup","after_close","braces","natural","wrong_answer","Expected 9932; received 5758","","","","true","true","true","","","",""
"d3e6b9998622ae340086a66b639890997112dd578be1d2932fde1e3a36bc5c16","family-cc6d2196d5575c5c3662","scope_lookup","after_close","generic_end","natural","not_dispatched","Response status: not_dispatched","","","","false","false","false","","","",""
"d3f86e5be51ba500ac49921773c3fe8a49cf9379b596e37812a5355570497121","family-ac0e7b0a234fe1648a1a","scope_lookup","after_close","padded_end","natural","not_dispatched","Response status: not_dispatched","","","","false","false","false","","","",""
"d3fd6913eaa6efddbc47f40d8ffc0809b754cbc484e4271e43f07180a47d5809","family-072d1e0bc080d2e112f2","scope_lookup","after_close","named_end","natural","not_dispatched","Response status: not_dispatched","","","","false","false","false","","","",""
"d429ca214d553d4bb49762435f944419751f54337b1d9d7e8069f510065f2deb","family-1a0a6382fed9ae407f0e","scope_lookup","after_close","padded_end","natural","not_dispatched","Response status: not_dispatched","","","","false","false","false","","","",""
"d43d83912b02d74389e6ddabfbd77c44c5432c259120c612336092d6744057d8","family-097b5d6e676871957e62","scope_lookup","after_close","generic_end","nonce","not_dispatched","Response status: not_dispatched","","","","false","false","false","","","",""
"d445b414e18a355e52fb65085a5c410b6247f646bbb41f43bc4fba0085ff1af9","family-41d3c9284eb15090d4b0","scope_lookup","after_close","braces","natural","not_dispatched","Response status: not_dispatched","","","","false","false","false","","","",""
"d4604a1e5e58ed9834e0fdfa0c83abe0ccf796882b9bebeb532884acad646072","family-e60de6e573b393ef1d7f","scope_lookup","after_close","named_end","nonce","not_dispatched","Response status: not_dispatched","","","","false","false","false","","","",""
"d46797796f731ab4818c3c6c02edf3c31f6e3d7306e22acaa82f6be788eb34b3","family-d5126bc6627b66b4a0d3","scope_lookup","after_close","padded_end","nonce","not_dispatched","Response status: not_dispatched","","","","false","false","false","","","",""
"d49a0f7680659a0d9468dc657a656253fb65036fc6eaaa0ec219f94ad703bd16","family-1c5cd02f221964d951cf","scope_lookup","after_close","typed_end","nonce","not_dispatched","Response status: not_dispatched","","","","false","false","false","","","",""
"d4aca42a72de3f872bcaf0280e4b4a8faadec86a2c4e1a76b57739473583bd40","family-129b9045f90a457ec9e7","scope_lookup","after_close","padded_end","nonce","api_rejected","Response status: api_rejected","","","","false","true","true","","","",""
"d4d21338fde52a26cfa0268d6174c2b8c3c23f5fc1f2f8070cd8f9289bff75e4","family-c04a143fff0ef2058d04","scope_lookup","after_close","named_end","natural","not_dispatched","Response status: not_dispatched","","","","false","false","false","","","",""
"d4d6785175dfb8f6aa7dbd498aef44d8a57b99bd7f85fb4a24244935baac3157","family-12406704a3b5d2f6a2ec","scope_lookup","after_close","padded_end","natural","not_dispatched","Response status: not_dispatched","","","","false","false","false","","","",""
"d507bb99c57ba9b19fe3d169cfb56d5d719bafb0b39da34de9374d93a3ad2eec","family-8f317ad0879df221e04d","scope_lookup","after_close","padded_end","nonce","not_dispatched","Response status: not_dispatched","","","","false","false","false","","","",""
"d5290eb6625cf40099256391e0846ceab1f97e4e4f78a3176335b8e371ffd044","family-a22d4782996ff05714d6","scope_lookup","after_close","braces","natural","not_dispatched","Response status: not_dispatched","","","","false","false","false","","","",""
"d53b3f72713c0fbbeabd60154b75a567e999ce333b0f309e3777522f4335833c","family-5f2d457cfb5501bd52e9","scope_lookup","after_close","typed_end","nonce","not_dispatched","Response status: not_dispatched","","","","false","false","false","","","",""
"d53c5eb3cdf3fd6a07227b2c0a06a6b7e1bd5324266c5442480966db674a9a3a","family-6b934504950f4c81f5db","scope_lookup","after_close","generic_end","nonce","not_dispatched","Response status: not_dispatched","","","","false","false","false","","","",""
"d54ac5d30206a26a5d67d57e68bcc4d62a2e2f3133fa1836138374dce7d4dff1","family-365f2be098ba49c5211e","scope_lookup","after_close","typed_end","natural","not_dispatched","Response status: not_dispatched","","","","false","false","false","","","",""
"d59a730f23f6911ba4b6a7ec8fa1df7322f00a7de3da7ec389a786dcf5e2df69","family-21eec90c5fb8eca8b0b3","scope_lookup","after_close","named_end","nonce","not_dispatched","Response status: not_dispatched","","","","false","false","false","","","",""
"d5a9f1e66e69ad5b7ef6721aaf802a514f9f6e26a9d96bdd29bf3da09e458fd4","family-295bca20a17148c007d1","scope_lookup","after_close","braces","nonce","not_dispatched","Response status: not_dispatched","","","","false","false","false","","","",""
"d5aebc5a7f49922f95635e9dfa4a9c436015883fea0aed3c7da3a070b471d4f0","family-8cee1c486947aa25cb4a","scope_lookup","after_close","named_end","natural","not_dispatched","Response status: not_dispatched","","","","false","false","false","","","",""
"d5c0405b2344b39d24219cede2b3cc65e98857484d794720c1b1749791d68a0b","family-8d7855852b7553d710fb","scope_lookup","after_close","generic_end","nonce","not_dispatched","Response status: not_dispatched","","","","false","false","false","","","",""
"d5f87c214ce40cf36e09837841e381bda1e90a011393efe3573366d221253912","family-c4815f06eb99e1526852","scope_lookup","after_close","generic_end","natural","not_dispatched","Response status: not_dispatched","","","","false","false","false","","","",""
"d5f8defda5d8297bf348b29a83f6426926b3eaad7442007b4382d702abee1e99","family-425186a1327ddf3eb5ca","scope_lookup","after_close","named_end","nonce","not_dispatched","Response status: not_dispatched","","","","false","false","false","","","",""
"d6093e65bea7792ef24cc00253af1c13798eb31a429e264cf095248c4df13bed","family-3572a1853623b4cc2772","scope_lookup","after_close","braces","nonce","not_dispatched","Response status: not_dispatched","","","","false","false","false","","","",""
"d60b7309664401bdd6a8fba3fd4d391c89f6ca652ad9324cf475fa863412224e","family-37e71f85dfa4b5415e42","scope_lookup","after_close","typed_end","natural","not_dispatched","Response status: not_dispatched","","","","false","false","false","","","",""
"d66460c4b94b41a40e1ca6c2442e20be26930619b94861d2ca4c5047e2788ae7","family-1c5cd02f221964d951cf","scope_lookup","after_close","named_end","natural","not_dispatched","Response status: not_dispatched","","","","false","false","false","","","",""
"d6757dd905400a943d01cb167f32de0b1e675ca3c83505f38278659d232dc0a7","family-243eb03802ed1e0be805","scope_lookup","after_close","braces","nonce","not_dispatched","Response status: not_dispatched","","","","false","false","false","","","",""
"d6786b2f70f25c1e0e7f61f2d629dffac1587f8d12effd258195aff6e2e2e429","family-66e8267de10ae2e904ab","scope_lookup","after_close","typed_end","natural","not_dispatched","Response status: not_dispatched","","","","false","false","false","","","",""
"d68f38c473cf29e9f7c139f5acb933c60e8b7097d7a3676bdce1350f431d5109","family-ff162c61e24aad4247f3","scope_lookup","after_close","braces","natural","not_dispatched","Response status: not_dispatched","","","","false","false","false","","","",""
"d69a42aa8165d529b4ebc154859df0a34b1dc057c2158e28cf5284329e41f42e","family-fda958a3ab72cffd8620","scope_lookup","after_close","padded_end","natural","not_dispatched","Response status: not_dispatched","","","","false","false","false","","","",""
"d6a57e6da64b63f81cf1683d19fa2a245eddeca704287aa64fdfcda7f004daab","family-ee26d9b9847840e2c0b2","scope_lookup","after_close","braces","natural","not_dispatched","Response status: not_dispatched","","","","false","false","false","","","",""
"d6b98e1afed13dfdf08db28a848e7d7501c0a74ca468d3091aebbd17b6843e98","family-f857e73b644ab2c812fd","scope_lookup","after_close","named_end","natural","not_dispatched","Response status: not_dispatched","","","","false","false","false","","","",""
"d6e23d2a29d3a30ff21893ee5920084bd1c768120624fa6a9046cc012b36349f","family-c2696942e1a1e990f379","scope_lookup","after_close","named_end","natural","not_dispatched","Response status: not_dispatched","","","","false","false","false","","","",""
"d6e2e1de54354cf42d07f5f8029ab5fcab7758cb36b884145d6c34af34db23fd","family-8805107cd8eb92a3c679","scope_lookup","after_close","padded_end","natural","not_dispatched","Response status: not_dispatched","","","","false","false","false","","","",""
"d71e801ef3a05196368afe65af8faf99edb5f6ba43595143c7b350b41fba7ebc","family-e6c95f67787066ff838f","scope_lookup","after_close","named_end","natural","wrong_answer","Expected 8290; received 1888","","","","true","true","true","","","",""
"d71f033e254b9498603dbe15f3672680c0809295a7498084fbbc91445f54ca29","family-4dc1c52649d2db1dcaf8","scope_lookup","after_close","padded_end","natural","not_dispatched","Response status: not_dispatched","","","","false","false","false","","","",""
"d71f4f33e2faed47fc413251fff01cfd79b78c54c11b766995ef285015f92096","family-e6e51e5de948f110de91","scope_lookup","after_close","generic_end","nonce","not_dispatched","Response status: not_dispatched","","","","false","false","false","","","",""
"d725bde074e4677c8f9670a6764d3bb0194577d189e89f6e039dd403371f56b8","family-e9227cc87b94745443d1","scope_lookup","after_close","padded_end","nonce","not_dispatched","Response status: not_dispatched","","","","false","false","false","","","",""
"d7611f772412b042cdd68e2c1dd26a487a896f63a92e78785e2c3f260f018107","family-4534d46d7d8075579c4f","scope_lookup","after_close","padded_end","natural","not_dispatched","Response status: not_dispatched","","","","false","false","false","","","",""
"d7710963b1a49bcaaa48171e379466328ddf85a1e50451070ef9d7195e06d5e8","family-4e40ebdbf21668261ca0","scope_lookup","after_close","braces","natural","not_dispatched","Response status: not_dispatched","","","","false","false","false","","","",""
"d78f8e173f032cbb7b999f79277aa27dc9ec8ae488f8c5ba679773c44914851b","family-d35ab87452430bf63fef","scope_lookup","after_close","generic_end","nonce","wrong_answer","Expected 8192; received 5145","","","","true","true","true","","","",""
"d7abc9499c0444746fe1235ab0d3029d23dfb002f9028249679eed0f30b6ec16","family-c3f9452e889ae7c58a90","scope_lookup","after_close","generic_end","nonce","not_dispatched","Response status: not_dispatched","","","","false","false","false","","","",""
"d7c0518f2b549609221392a75ab5b00139aff16828532c603626f35a50441d3b","family-a163b39b443aa35544cf","scope_lookup","after_close","named_end","natural","not_dispatched","Response status: not_dispatched","","","","false","false","false","","","",""
"d7cad8c241e933e0e3a7ac9e5d31feb016ca8eee02804327a384c957ad5cbd95","family-30f5d3d803eca2836da5","scope_lookup","after_close","braces","nonce","wrong_answer","Expected 8149; received 8656","","","","true","true","true","","","",""
"d7f4c4994cea65232543d5053b35804612bbdf820b838f018bc70c99df78d310","family-73a7c567db3e9ee9bd58","scope_lookup","after_close","padded_end","natural","not_dispatched","Response status: not_dispatched","","","","false","false","false","","","",""
"d81222c0fa8fb884b7f5c03feb0a12cd16a3b3eb2281c27db76ce8dfd9cd177a","family-c40d8d6e3375c4e86995","scope_lookup","after_close","generic_end","nonce","not_dispatched","Response status: not_dispatched","","","","false","false","false","","","",""
"d821e56ce9739cbcbd6c14b89eb9b1577b3c44345ccdd36d313a182afe191f27","family-1c28abaa021ebba4e627","scope_lookup","after_close","padded_end","natural","not_dispatched","Response status: not_dispatched","","","","false","false","false","","","",""
"d8362ec68664a415d7d189bb9a760de6940c7dfa82aaaffed79a776f13b27873","family-0acf2d0f70648c07f8ce","scope_lookup","after_close","named_end","natural","not_dispatched","Response status: not_dispatched","","","","false","false","false","","","",""
"d84c59ce02c313416c17f7359ca5e3864ff023620ec49d17f0d4e399a21bc4c7","family-cc06674a939534da2c13","scope_lookup","after_close","generic_end","natural","not_dispatched","Response status: not_dispatched","","","","false","false","false","","","",""
"d8634796984b71da5edd544e28e4c9881eef60eacc39f7a7d81d464f84dfd527","family-955653fffd20313bf19f","scope_lookup","after_close","generic_end","nonce","not_dispatched","Response status: not_dispatched","","","","false","false","false","","","",""
"d8817e8b39c068443522e2e4b2b13d476679322e0c78c1cf3854ffe4939ae279","family-43a415fe4fac3c60d4ab","scope_lookup","after_close","padded_end","nonce","not_dispatched","Response status: not_dispatched","","","","false","false","false","","","",""
"d885c9e7b0ba3d850b1aac267ee2a03282b8038d3f454302b9f6fabf70f571c1","family-5f659e890d327754e519","scope_lookup","after_close","braces","nonce","not_dispatched","Response status: not_dispatched","","","","false","false","false","","","",""
"d8a3fd623dc0d7deccfa033e3634b7a56b52bbc565510345b584db57e58c739c","family-d5126bc6627b66b4a0d3","scope_lookup","after_close","typed_end","natural","not_dispatched","Response status: not_dispatched","","","","false","false","false","","","",""
"d8b03683a7bbf173151db079dfe8a08acf2f77c8df62e7749c289d6d0b977817","family-c3d013e43b09c78a77fe","scope_lookup","after_close","generic_end","nonce","not_dispatched","Response status: not_dispatched","","","","false","false","false","","","",""
"d8c25887bb36b84fa5e11522a6a33e1b290a89036e0abb1ebf563589bbac37ce","family-01cdf46109fd1bc56e5f","scope_lookup","after_close","typed_end","nonce","not_dispatched","Response status: not_dispatched","","","","false","false","false","","","",""
"d8d56f8a86c48f67981d8e4a29454d683264c0f7d53f9931a9f0d8aa82220c0c","family-ef76d0465ec71b6d7c3f","scope_lookup","after_close","named_end","nonce","not_dispatched","Response status: not_dispatched","","","","false","false","false","","","",""
"d8dc139d5f9c1e63aa0730c409f5f18275dad2b8240400f5cc2fc944b205ae7c","family-4e0a075e10dfff7929d9","scope_lookup","after_close","typed_end","nonce","not_dispatched","Response status: not_dispatched","","","","false","false","false","","","",""
"d90eff25b1d779241208f1baf87292756ae09e3787c47711648772fa8d8986e7","family-3d511f5256d7b37daa4a","scope_lookup","after_close","padded_end","natural","not_dispatched","Response status: not_dispatched","","","","false","false","false","","","",""
"d91c41a8164f484a1b523a8c30028097cf893865c9b91c277236cc0b6fd93b51","family-8e4dcf3ae32c0f100166","scope_lookup","after_close","braces","nonce","wrong_answer","Expected 9594; received 3068","","","","true","true","true","","","",""
"d935733cf418c4bd498c3f68bcee6ee9be91bfb1a8cdb68cab0c4d92bf725f06","family-b5f5cbc81ad77e199fa2","scope_lookup","after_close","named_end","nonce","not_dispatched","Response status: not_dispatched","","","","false","false","false","","","",""
"d9660e6f63dcb161a945d2aa046ccba6bddb651ce2aece4a8357c722ea10e554","family-791d8e7050a732628f6a","scope_lookup","after_close","typed_end","natural","not_dispatched","Response status: not_dispatched","","","","false","false","false","","","",""
"d979ffc240160e4c054b7d8bb04ff20b96bce3f58f695f8815b11aa2124e3de0","family-243eb03802ed1e0be805","scope_lookup","after_close","named_end","natural","not_dispatched","Response status: not_dispatched","","","","false","false","false","","","",""
"d97cb974c97d185cb2cedd09374053b2cb964f9b8dce6ff0a9fc323c250be505","family-3572a1853623b4cc2772","scope_lookup","after_close","typed_end","nonce","not_dispatched","Response status: not_dispatched","","","","false","false","false","","","",""
"d9ab83b5d44238c64c97c14e498874d3072144e4f60d864e6768ca48f2fc399a","family-502a612c7b5f388e0842","scope_lookup","after_close","generic_end","natural","not_dispatched","Response status: not_dispatched","","","","false","false","false","","","",""
"d9b6d668f6e166a4f82d2a186587e60069419e6333665a99bd68a420fcd54331","family-243eb03802ed1e0be805","scope_lookup","after_close","named_end","nonce","not_dispatched","Response status: not_dispatched","","","","false","false","false","","","",""
"d9b82a169650a1bd1d9417b775a78d0fc69554d074e8a232b195778fa044ca9c","family-16f04bf034693b0a2918","scope_lookup","after_close","braces","natural","not_dispatched","Response status: not_dispatched","","","","false","false","false","","","",""
"d9fa38978190eb6a975a82709990f55fdcc8fd8e5076c6db234a970464c81705","family-9b8621ec48603358539d","scope_lookup","after_close","typed_end","natural","not_dispatched","Response status: not_dispatched","","","","false","false","false","","","",""
"da43c9a52f3160d8c7ec27f5c17b4bb296361c5342807116130d30ba09b0fcd4","family-2cbd58099ec594d466b1","scope_lookup","after_close","named_end","natural","not_dispatched","Response status: not_dispatched","","","","false","false","false","","","",""
"da67f09adb6536cf8f4803f225defaf04a676a0054c05dd6f00507c7b5b886e5","family-b799eb6f588205d3bb69","scope_lookup","after_close","generic_end","natural","wrong_answer","Expected 7509; received 7939","","","","true","true","true","","","",""
"da998f17c51b1aa407dd519aa83f7946298619a7c9ee0953a4ecda33a088afde","family-97d643b383d36270df12","scope_lookup","after_close","padded_end","nonce","not_dispatched","Response status: not_dispatched","","","","false","false","false","","","",""
"dac147469a3dc2931beb36529857b063775496c9bed51801623b27ab1683dfb5","family-fe0fa705a9f02858bb6f","scope_lookup","after_close","braces","natural","wrong_answer","Expected 7220; received 1378","","","","true","true","true","","","",""
"db10ecdd0899f660f1b9126a664503995788fc32bd8bc725ffd57bb3da691377","family-dbf800c44ba620013de4","scope_lookup","after_close","named_end","nonce","not_dispatched","Response status: not_dispatched","","","","false","false","false","","","",""
"db1464afa69b40a8a90fd993fd6fd60d8ff510300c3b1ba8531f99896ac192a3","family-9e74934a045b9bf738e8","scope_lookup","after_close","typed_end","natural","not_dispatched","Response status: not_dispatched","","","","false","false","false","","","",""
"db1e12f8519de7d3995c4511b44938fbeb1d84bf4530f8ccd684c75ff8efe50c","family-3572a1853623b4cc2772","scope_lookup","after_close","named_end","nonce","not_dispatched","Response status: not_dispatched","","","","false","false","false","","","",""
"db271bc19736fe924f128b40cec6b0d064e3b567c45ed85f6e478beff312339a","family-9d6e50e771e053fd4b63","scope_lookup","after_close","braces","natural","not_dispatched","Response status: not_dispatched","","","","false","false","false","","","",""
"db2a072e17bf357ed11d6a676922b2c6f4679c01eab2cbebb66d445341332b17","family-425186a1327ddf3eb5ca","scope_lookup","after_close","braces","nonce","not_dispatched","Response status: not_dispatched","","","","false","false","false","","","",""
"db4af434de6ecc98e702bfb145907670d2d1a3e0a78b42913d25eaf5753c071e","family-ee26d9b9847840e2c0b2","scope_lookup","after_close","typed_end","natural","not_dispatched","Response status: not_dispatched","","","","false","false","false","","","",""
"db5202c74f2274bc985cfd96e24ca3fa4fb741dbd726af91603753058dd4e88e","family-82f7c99871edfa451f94","scope_lookup","after_close","braces","natural","not_dispatched","Response status: not_dispatched","","","","false","false","false","","","",""
"db5a42a76893ecee8058c18403ea2ebf09c523ca24481fcf8994f1515659d8eb","family-4f4d496d00088890da68","scope_lookup","after_close","named_end","natural","not_dispatched","Response status: not_dispatched","","","","false","false","false","","","",""
"db668ec2928875ecaa4682b041d20196fdcae605d8484ee6756a2afa8079b77b","family-0699416dc3b5b7df1a2a","scope_lookup","after_close","generic_end","natural","not_dispatched","Response status: not_dispatched","","","","false","false","false","","","",""
"db707ac96ecdd7c1b44bd3dc6cd3eb30898a2d61c8340a1ea7e418af071cc410","family-dc6c1d22763b1c4111e4","scope_lookup","after_close","braces","natural","not_dispatched","Response status: not_dispatched","","","","false","false","false","","","",""
"dbb2afa73342915e95263c3f336d484d6876ac1394bcdabbeaf1a818c7e71da4","family-85f33245ba7589a7ec72","scope_lookup","after_close","padded_end","natural","not_dispatched","Response status: not_dispatched","","","","false","false","false","","","",""
"dbc4329aa7e30bf3970f4d5d9c732b5c0a8f9d1682e6a50ed2f4f146a9911d8c","family-73a7c567db3e9ee9bd58","scope_lookup","after_close","generic_end","nonce","not_dispatched","Response status: not_dispatched","","","","false","false","false","","","",""
"dbcc327f454b7f0a0bc60b4b8f807442b290497a10e5b20d1139b87fad153b2d","family-40e8465255e9a32d9a35","scope_lookup","after_close","generic_end","nonce","not_dispatched","Response status: not_dispatched","","","","false","false","false","","","",""
"dbcd7cebfbaf547e43afa8d8231b60407bebb09243a87913af8d1e7d8feb4532","family-1ad1a54830bc8740173d","scope_lookup","after_close","braces","nonce","wrong_answer","Expected 4881; received 4254","","","","true","true","true","","","",""
"dc093d4408b17fcd2e575f20144585e1e41a57ddd2f6962e1e15340c8b2d7882","family-b3fbb8c02b86ad28311d","scope_lookup","after_close","braces","nonce","not_dispatched","Response status: not_dispatched","","","","false","false","false","","","",""
"dc12b042ab9c8bd9dfb8d6c50a416e6d203bc8a75199db93e4610427cee3c670","family-4e24c4b756f53a42f700","scope_lookup","after_close","braces","natural","not_dispatched","Response status: not_dispatched","","","","false","false","false","","","",""
"dc2826862fd2f458ae5be880122a6cd7ad35052addaa301ae7cc9288224b528f","family-f5d8991ff4c863b620db","scope_lookup","after_close","braces","nonce","not_dispatched","Response status: not_dispatched","","","","false","false","false","","","",""
"dc3dc29351f01101e43b5bce0ba6f16f90f68aafbc72f4037115980611451f85","family-fbff6f169402a84ea98a","scope_lookup","after_close","braces","natural","wrong_answer","Expected 3750; received 7275","","","","true","true","true","","","",""
"dc6e7d3f7eb3cb924fa2dc784d7a401f5913b3a1a90bf55bd2b5dea79a75beed","family-ac0e7b0a234fe1648a1a","scope_lookup","after_close","typed_end","natural","not_dispatched","Response status: not_dispatched","","","","false","false","false","","","",""
"dc927a87cbca06f062ea3da966af44c12515ac48b7f8149f545d05e127d47944","family-8705b6cd1076ed4db29d","scope_lookup","after_close","padded_end","natural","wrong_answer","Expected 2623; received 5488","","","","true","true","true","","","",""
"dcc36d6333d997ee2477e4891a9ed8fea83c1bb4a19ae89f79ea81b3c5079efb","family-7916dd00c9fd2d346478","scope_lookup","after_close","typed_end","natural","not_dispatched","Response status: not_dispatched","","","","false","false","false","","","",""
"dcd14555f1cf07dd564ee38635d2d5141414c5c93eaeb25ac8a8bfdb12806e64","family-2ecd8dcf917c14af12c2","scope_lookup","after_close","padded_end","natural","not_dispatched","Response status: not_dispatched","","","","false","false","false","","","",""
"dcfec3ea38afc6e3aa0eea9c42c3b41c6da26116244210dafd4bcb661c67f829","family-d1851b2f24c3cbd63595","scope_lookup","after_close","generic_end","natural","not_dispatched","Response status: not_dispatched","","","","false","false","false","","","",""
"dd060262d0e12041ff69d5c4a263f9963a060259e6b124ccf42c400b88437637","family-12030a7214ba83d0a44e","scope_lookup","after_close","generic_end","nonce","not_dispatched","Response status: not_dispatched","","","","false","false","false","","","",""
"dd12e42362652d6b21e4f39129f68b195c281de47201cc187e90889f096b4ee0","family-09e2113afb71afc93f4f","scope_lookup","after_close","braces","natural","not_dispatched","Response status: not_dispatched","","","","false","false","false","","","",""
"dd4233f1946dd7dd2a14329d89f38c998b60de0afceb95ebb3d33297916bb583","family-117dbfae30e5fb76090b","scope_lookup","after_close","named_end","natural","not_dispatched","Response status: not_dispatched","","","","false","false","false","","","",""
"dd53c66605c0a2aa319e56ec156e17137899e27e3fe06c569be945c275aa4480","family-204407a2b2d51b42853b","scope_lookup","after_close","generic_end","nonce","wrong_answer","Expected 6191; received 8357","","","","true","true","true","","","",""
"dd81b0cb2760c65c72da1e35f85077204ad334bcbe97ad236caf080cc1f1add4","family-f4cdff2456bf22066318","scope_lookup","after_close","padded_end","nonce","not_dispatched","Response status: not_dispatched","","","","false","false","false","","","",""
"dd86a62f42ba41a6fc38035ae035e71c78ca9848b42e7748749309895c0b1a71","family-b44a22afbe017ba651f2","scope_lookup","after_close","named_end","natural","not_dispatched","Response status: not_dispatched","","","","false","false","false","","","",""
"dda562dae19f040aefcdf2461a68b215ff0882f84ff738ca6aab8d425cde19b2","family-24f14ad02f9d79d4e6f7","scope_lookup","after_close","padded_end","natural","not_dispatched","Response status: not_dispatched","","","","false","false","false","","","",""
"ddd80bd1108d0c0d6cc7e40979e99eeb68654b01694d94258d13e8a6cf8e79f8","family-3d511f5256d7b37daa4a","scope_lookup","after_close","named_end","nonce","not_dispatched","Response status: not_dispatched","","","","false","false","false","","","",""
"de0d0e6a0279be256779d6338b0b6becedb4f85853f4121fb67e6c12b99d1803","family-9ee42096d80d1a44f8a9","scope_lookup","after_close","padded_end","natural","wrong_answer","Expected 4675; received 4028","","","","true","true","true","","","",""
"de0fa32d82b66e1b96eae2bee32e0dee58645305c24ba8761c81971b1aa4d604","family-f3dd9c204daa74691d3b","scope_lookup","after_close","typed_end","natural","not_dispatched","Response status: not_dispatched","","","","false","false","false","","","",""
"de10b92b68dadf9cb3effb17d4c2036e93987170e73b828c03c56536592689d1","family-53dc9a159913bfc3b333","scope_lookup","after_close","braces","nonce","not_dispatched","Response status: not_dispatched","","","","false","false","false","","","",""
"de24de9f344ab48053c15b1e5de9a0860a3ac4abf9fefa798dbe4e89d3aefacc","family-16612feb98c14c90fc9f","scope_lookup","after_close","braces","nonce","not_dispatched","Response status: not_dispatched","","","","false","false","false","","","",""
"de6a26ad6147b0732ce16dc768a5785f13972bc6d0210814c6872e3b201ed712","family-bd3c2969cbd85fad559f","scope_lookup","after_close","typed_end","nonce","not_dispatched","Response status: not_dispatched","","","","false","false","false","","","",""
"dea5611a59249adf8adab67d8daf26e1d511bc7a8df7a04ab80c1844b06309b6","family-61e96575b08bb913752d","scope_lookup","after_close","padded_end","nonce","not_dispatched","Response status: not_dispatched","","","","false","false","true","","","",""
"dea811fcce9367f6465c4dd9215857adabbab12f22c8f960b4711f4d961d4f1a","family-b9a22dc1cabbc23bf307","scope_lookup","after_close","named_end","nonce","not_dispatched","Response status: not_dispatched","","","","false","false","false","","","",""
"dec1ab47b6421862f8de782e04cf035bd10a05eba304f0cd6b915566844607b7","family-d5126bc6627b66b4a0d3","scope_lookup","after_close","braces","nonce","not_dispatched","Response status: not_dispatched","","","","false","false","false","","","",""
"ded7662c89fb06cdaa7945f83cb4044a36879d07dcca560cf9ae02696a1e7790","family-e90df32c0ee7b57970ce","scope_lookup","after_close","padded_end","nonce","not_dispatched","Response status: not_dispatched","","","","false","false","false","","","",""
"df000e05b5a123388da626d048bd8afe67db666c832ea496f6183f16c46f3c91","family-33d06007ef4e7628aa64","scope_lookup","after_close","typed_end","natural","wrong_answer","Expected 2815; received 6952","","","","true","true","true","","","",""
"df183dc24af1d07edc25c9508d96657a2cf8fc24dd1bb5ef2586c3397f3d02b8","family-3d511f5256d7b37daa4a","scope_lookup","after_close","generic_end","nonce","not_dispatched","Response status: not_dispatched","","","","false","false","false","","","",""
"df32d79c9d726a6216fac3938be2facd9b25255148fc0e81de25e0eab67f8fb8","family-acbb52af2f9a3ad666fc","scope_lookup","after_close","named_end","natural","wrong_answer","Expected 8476; received 1925","","","","true","true","true","","","",""
"df3c1c2084d88ba960507ddcd7665af0fe3c56ca71304e4d439b2e16de2e7ac6","family-1c5cd02f221964d951cf","scope_lookup","after_close","named_end","nonce","not_dispatched","Response status: not_dispatched","","","","false","false","false","","","",""
"df3c6535ce1c086e510029349aa557883b4a7272228253f2769e86c294ecbcff","family-c4815f06eb99e1526852","scope_lookup","after_close","braces","natural","not_dispatched","Response status: not_dispatched","","","","false","false","false","","","",""
"df541a2f2ebd6c53fcbe172a83b2c7dc7d3016f510d897eba4c30c960916d3da","family-b8920e7c3544f61f890d","scope_lookup","after_close","padded_end","natural","wrong_answer","Expected 9708; received 4820","","","","true","true","true","","","",""
"df73d8eb460a4f88e88fd25d94dc04f2d56e1458c01b3d7475aff8523ea0cd00","family-4e24c4b756f53a42f700","scope_lookup","after_close","typed_end","natural","not_dispatched","Response status: not_dispatched","","","","false","false","false","","","",""
"dfc2e6c0c7fcf51ae7a85f70cc7d15ba9d4239ac0768cc01e44730e7913cc244","family-3786ff057f064432f7cc","scope_lookup","after_close","generic_end","nonce","not_dispatched","Response status: not_dispatched","","","","false","false","false","","","",""
"dfe6066e53963d2d37998ca70c1866f11fdfa21c1aaaf1450ba4a5c167f80e6c","family-e226dd8076f648550c78","scope_lookup","after_close","typed_end","nonce","wrong_answer","Expected 4513; received 5432","","","","true","true","true","","","",""
"dfe61661e10ed5205348e9107023b780f5d7ee77649e5ab9ecbc177d9358c523","family-ad42e2d8dffbd5ea2a89","scope_lookup","after_close","named_end","natural","wrong_answer","Expected 1699; received 4256","","","","true","true","true","","","",""
"dfe8fcb730654ed2cbde39635ee881511ae7d4eb63b72bc7faa01d18c4eae102","family-7c6644e9597e713f6c74","scope_lookup","after_close","braces","natural","not_dispatched","Response status: not_dispatched","","","","false","false","false","","","",""
"dfea84fadbe47ab5ccf837c08c76a896d6154655de57e02d5f6aace13ea65109","family-e29b5f4538e67d7e4ec0","scope_lookup","after_close","typed_end","nonce","not_dispatched","Response status: not_dispatched","","","","false","false","false","","","",""
"dffa76994abe30be300f5d988653cb99a92cab03c54d1687d27ea763ba5f1c9a","family-41d3c9284eb15090d4b0","scope_lookup","after_close","named_end","natural","not_dispatched","Response status: not_dispatched","","","","false","false","false","","","",""
"e018a59778feb2e7c0b6163158a03b300739539e5135a5297de259ca16c9e391","family-21eec90c5fb8eca8b0b3","scope_lookup","after_close","generic_end","nonce","not_dispatched","Response status: not_dispatched","","","","false","false","false","","","",""
"e0360cebe3845749379840567e83b8aeeb9097f21e2ef2141dcc4bc6426ee3b6","family-39b34286e97d73941dae","scope_lookup","after_close","typed_end","nonce","not_dispatched","Response status: not_dispatched","","","","false","false","false","","","",""
"e03c4ff63edcc6facff0b3bd05aa017fc4b0d01c76b52d14942c8b1d42d48b4b","family-cfcb8ecfa67e83347672","scope_lookup","after_close","typed_end","natural","not_dispatched","Response status: not_dispatched","","","","false","false","false","","","",""
"e049e3d2aff0f4929f90de443eb8a80c33c75295b8b99cc8bdcb8f68b73d0198","family-b80ff48f070c0107ca5a","scope_lookup","after_close","named_end","nonce","not_dispatched","Response status: not_dispatched","","","","false","false","false","","","",""
"e0554929c09c3312713b8d0c650c6d672ce514b94279a22e3ec60c47e5259eaf","family-9d2eaf161c441a592a78","scope_lookup","after_close","braces","natural","wrong_answer","Expected 6937; received 4828","","","","true","true","true","","","",""
"e0616422adaa1fbdc325d31b4412369b985719c4411af390409cff4b6a1e6a89","family-c2696942e1a1e990f379","scope_lookup","after_close","padded_end","nonce","not_dispatched","Response status: not_dispatched","","","","false","false","false","","","",""
"e067b35cea33b6ac8c0662b18835eed94a3a5880a658304d28e2f06cc7567acb","family-c6e69f1599d6465947ae","scope_lookup","after_close","braces","nonce","wrong_answer","Expected 5349; received 1047","","","","true","true","true","","","",""
"e080476eeee3b79cca16d359117f82ce2034baffc6a19b7c24a22e1116859d8a","family-13b66982c7378039b53f","scope_lookup","after_close","padded_end","natural","not_dispatched","Response status: not_dispatched","","","","false","false","false","","","",""
"e08cedbde30563665eeceb814a4d3435b5c95e515d4d83956613a5304f04f15f","family-6e20618a04a8d6d4f550","scope_lookup","after_close","braces","nonce","wrong_answer","Expected 2926; received 5386","","","","true","true","true","","","",""
"e0c421915ee5a3d5c929f0e72d4182f83c23cf92f97df12df3ac15c5e57933fc","family-952de2a9f9b54ad8c738","scope_lookup","after_close","braces","natural","wrong_answer","Expected 5523; received 6985","","","","true","true","true","","","",""
"e0d3b15797f9a1fd353d54e4e6f51227312c67646299fe94775c56a33bfc5a79","family-cc06674a939534da2c13","scope_lookup","after_close","named_end","natural","not_dispatched","Response status: not_dispatched","","","","false","false","false","","","",""
"e0eb7bfcd28dca6ad9bcec92dd37abd98f23d0529a3d3c3341f5da121c59759e","family-c40d8d6e3375c4e86995","scope_lookup","after_close","braces","nonce","not_dispatched","Response status: not_dispatched","","","","false","false","false","","","",""
"e0fd78df67bd83cb3cc207ed41ea845e45674b43098fcffb03c0bdd6fadd4303","family-b04e693befb371d76c76","scope_lookup","after_close","braces","nonce","not_dispatched","Response status: not_dispatched","","","","false","false","false","","","",""
"e116b13844a8762123b0d9a3bf1e11b8cae140384b23691cce93d808a497ad6f","family-970fcc791975ca15fd0f","scope_lookup","after_close","padded_end","natural","not_dispatched","Response status: not_dispatched","","","","false","false","false","","","",""
"e123b7e70b98220aaed4fb0f17e73b7b60812cb1ac38d9659b476ba61283941e","family-7e7292c1f798ebb57a6f","scope_lookup","after_close","typed_end","natural","not_dispatched","Response status: not_dispatched","","","","false","false","false","","","",""
"e1c6ea548257ddcdc0f4add3e3861d5d7e90a0eaeebb2380ee95915e17336209","family-edfae4a2ef501e054d9e","scope_lookup","after_close","padded_end","nonce","not_dispatched","Response status: not_dispatched","","","","false","false","false","","","",""
"e1f06e463d73110ae11cc5217ab65cb771891de714d489b2f92c6e162c6b8dcc","family-dc6c1d22763b1c4111e4","scope_lookup","after_close","generic_end","nonce","wrong_answer","Expected 4029; received 5415","","","","true","true","true","","","",""
"e204adddfd2b0bfecc2c9b2180807a7bbbcd12fdbc5beef7b61eaaeaaba4efa5","family-51e3627587c0ace4b236","scope_lookup","after_close","generic_end","natural","not_dispatched","Response status: not_dispatched","","","","false","false","false","","","",""
"e20d1c4bcbe974447f40716805b6a765147d4b5e02b2d46281bd8b1a7c9ccb11","family-3aeadfaeea80262198b8","scope_lookup","after_close","generic_end","natural","not_dispatched","Response status: not_dispatched","","","","false","false","false","","","",""
"e212f2d3f2f31b1edcb1470ac0daa32cf6a297a0deb08c45cea1167bf69c7a13","family-5aed1cb46c579b4a8853","scope_lookup","after_close","generic_end","natural","not_dispatched","Response status: not_dispatched","","","","false","false","false","","","",""
"e233465e2ebd46503811e07ab7c390763b4ef77a744ffa21f0699d8c8a1ca8ac","family-488cbb7fd8c9c97aeaf3","scope_lookup","after_close","padded_end","natural","api_rejected","Response status: api_rejected","","","","false","true","true","","","",""
"e2473f35b0c1e7e1fd752cfbf9317ff1c3d759726be5afa3748528ea36b06b9c","family-cc6c2ed2c3954f97d9ec","scope_lookup","after_close","padded_end","natural","not_dispatched","Response status: not_dispatched","","","","false","false","false","","","",""
"e2577998bb7be9999228c05fc035f5455a768380a1cf499fc0f1db2fda544dac","family-3e2147864f0fd49cabea","scope_lookup","after_close","braces","natural","not_dispatched","Response status: not_dispatched","","","","false","false","false","","","",""
"e25ba8140f659e588c328e6e2ea224b4d948ed029147a8dde5e37a73ab3d8fc3","family-9a33a41793445f3ab44a","scope_lookup","after_close","padded_end","natural","not_dispatched","Response status: not_dispatched","","","","false","false","false","","","",""
"e25e978a2a447792abf25c3585fb1c6d2cec4027fbaad8df4c830b1293424021","family-66e8267de10ae2e904ab","scope_lookup","after_close","padded_end","natural","not_dispatched","Response status: not_dispatched","","","","false","false","false","","","",""
"e267a9b4f912e5c63fb2de78ceb453fda03970d6bf9698eccf3ca1a7cb1691fa","family-204407a2b2d51b42853b","scope_lookup","after_close","named_end","nonce","wrong_answer","Expected 6191; received 8357","","","","true","true","true","","","",""
"e27ba621971d0896e29bf1fa7581e729aea60d8b069ad3fd8a71184b4dc81b47","family-ecf47f012083117c0103","scope_lookup","after_close","generic_end","natural","not_dispatched","Response status: not_dispatched","","","","false","false","false","","","",""
"e28a3aabb52bfa41f754b2ddc86fe18dbd8254ae268815068e5a183bca95a64d","family-1dbfb1b8c95dbebbd795","scope_lookup","after_close","typed_end","nonce","wrong_answer","Expected 5388; received 1047","","","","true","true","true","","","",""
"e295f669365a307a91447fc211b2048e0a81149a09979505d0953b85decc82f3","family-9e74934a045b9bf738e8","scope_lookup","after_close","padded_end","nonce","not_dispatched","Response status: not_dispatched","","","","false","false","false","","","",""
"e29fcb33b17dab68627fdb0018d9fdb97d6083ec1e0069d651c0d894fe2c10df","family-ef76d0465ec71b6d7c3f","scope_lookup","after_close","typed_end","nonce","not_dispatched","Response status: not_dispatched","","","","false","false","false","","","",""
"e2ae27617348932551152d48e22654aca6f7c95cacca562cebc72254620515e4","family-d8ffa213a5ce309b4edd","scope_lookup","after_close","generic_end","natural","not_dispatched","Response status: not_dispatched","","","","false","false","false","","","",""
"e2b70b4eb0ba3bdc8de3686163ad89934359546f89bd451f6f0d440300dd97fa","family-b04e693befb371d76c76","scope_lookup","after_close","named_end","natural","not_dispatched","Response status: not_dispatched","","","","false","false","false","","","",""
"e2cab91ef68476ecbd986ccc91ea4976de72c7b12cb7d94a5757c862d31205d0","family-97d643b383d36270df12","scope_lookup","after_close","generic_end","nonce","not_dispatched","Response status: not_dispatched","","","","false","false","false","","","",""
"e2e467df6e749e9e764e2e6849036533a56fa9f73c0efefe6878fc339bba3941","family-bd53ff891a04e9d7707a","scope_lookup","after_close","typed_end","natural","not_dispatched","Response status: not_dispatched","","","","false","false","false","","","",""
"e3214f1efc9c579b9f5de29278f94d82070927654666eac7b1c6b0468e337b68","family-d20413898c9a91a666b1","scope_lookup","after_close","generic_end","natural","not_dispatched","Response status: not_dispatched","","","","false","false","false","","","",""
"e332c3e697574b5c8351f74b5bca4fd5e5469e1cfd4f38738813ec3bdbec8377","family-8d5bfa027298888e3095","scope_lookup","after_close","typed_end","natural","not_dispatched","Response status: not_dispatched","","","","false","false","false","","","",""
"e35a1fd0c2129f95e39ea98ac8a1c30ca187b705d6d30bbe704ace051973a6eb","family-7da70a34495f8d91e728","scope_lookup","after_close","padded_end","nonce","not_dispatched","Response status: not_dispatched","","","","false","false","false","","","",""
"e362e06a64cc27545bbfba20e759d018dfe44d0365804c1946090fdfcc09625e","family-35e80d3bdf46a8332d22","scope_lookup","after_close","padded_end","nonce","not_dispatched","Response status: not_dispatched","","","","false","false","false","","","",""
"e386c5d3e102dd19aee1f631a2d4b5b82caf4d0f6d9b23ecb57ef56fe1fe3116","family-c7dc42abcd7928aa1fd7","scope_lookup","after_close","padded_end","nonce","not_dispatched","Response status: not_dispatched","","","","false","false","false","","","",""
"e3981e266b48e668b4755de29bbf076c86a2ffe87ab1164a9c98d013e8950c0e","family-952de2a9f9b54ad8c738","scope_lookup","after_close","generic_end","nonce","wrong_answer","Expected 5523; received 2324","","","","true","true","true","","","",""
"e39971cee1efec196500ae8a757ac8c8532d350387020de05aa676ef9d8ea16e","family-be7d9f50059865014983","scope_lookup","after_close","typed_end","nonce","not_dispatched","Response status: not_dispatched","","","","false","false","false","","","",""
"e39abd70120299b2ffe8a4a829c45ca01f61e470393e571605b17f6d4d8c1816","family-f1a8bfef505962af7ac8","scope_lookup","after_close","braces","natural","not_dispatched","Response status: not_dispatched","","","","false","false","false","","","",""
"e3a644ff61ef5ec37bf8a97aba740f67189163c1e3d9c0fce53ba5e576bb96f2","family-c27c04681a7543f0c625","scope_lookup","after_close","braces","natural","not_dispatched","Response status: not_dispatched","","","","false","false","false","","","",""
"e3a74b6a5eb5f9f23689bbef1c3ae95438879436e461dd7997782eb9ec2be4c4","family-c7b024cb458a5cd8d45e","scope_lookup","after_close","braces","nonce","not_dispatched","Response status: not_dispatched","","","","false","false","false","","","",""
"e3b8693a19521bb4b178e5fb0d1dda17201a041f90bf495e58fff8a7f9e0cb02","family-1ad1a54830bc8740173d","scope_lookup","after_close","named_end","natural","not_dispatched","Response status: not_dispatched","","","","false","false","false","","","",""
"e3f75719ac5b6a5c3e9cea773ece06030d1ce07db4ce1d9aef4b1912aed262be","family-204407a2b2d51b42853b","scope_lookup","after_close","padded_end","natural","not_dispatched","Response status: not_dispatched","","","","false","false","false","","","",""
"e41ee41be9c18c63bb784790d13e97805260f4752d4f84fdb900caecbb0f7bab","family-4e24c4b756f53a42f700","scope_lookup","after_close","braces","nonce","not_dispatched","Response status: not_dispatched","","","","false","false","false","","","",""
"e422139160970bc3eebf57ba73057f55bdf9238210685e911ac339d0a9f0b64c","family-0a5d21387c431fa11a72","scope_lookup","after_close","named_end","nonce","not_dispatched","Response status: not_dispatched","","","","false","false","false","","","",""
"e432bfe078e7dafd87ff99220fd8cc1c7c80acc9f6fa65352c6d4f4652da6d55","family-4eb4ca8847da16e35d87","scope_lookup","after_close","braces","natural","not_dispatched","Response status: not_dispatched","","","","false","false","false","","","",""
"e443ae1638958cabe1769938bffa721c7015a18a5daaca21a813b32814914f95","family-f4cdff2456bf22066318","scope_lookup","after_close","generic_end","nonce","not_dispatched","Response status: not_dispatched","","","","false","false","false","","","",""
"e47c4ec40e5565b6bdd9e418feee3b674bb0c5792421ddaf064143d459698b08","family-a381d57d0a2e1cdd71d3","scope_lookup","after_close","generic_end","natural","wrong_answer","Expected 4170; received 3888","","","","true","true","true","","","",""
"e4c6666da050391145b8c8a67632280d79625e2df509d395f345a9848c33359e","family-5a408af884ed5164903c","scope_lookup","after_close","padded_end","natural","wrong_answer","Expected 1050; received 9896","","","","true","true","true","","","",""
"e5044a8d1188406e08e0425774976651c38ef7948a252f451353685c86dc7230","family-8b4c7bc58c89409a8af0","scope_lookup","after_close","braces","nonce","wrong_answer","Expected 4583; received 8522","","","","true","true","true","","","",""
"e512901b95ae3ac19e176c9e0c7a2d5d2de4aec0b4851539bbfcb2ad5771a608","family-adb07efb005c6f501c6d","scope_lookup","after_close","braces","nonce","not_dispatched","Response status: not_dispatched","","","","false","false","false","","","",""
"e52130c5784d83b8e1e20cb059f4eb6a8b9a77e286eda9fc5a4cbab09989e56f","family-66e8267de10ae2e904ab","scope_lookup","after_close","braces","natural","not_dispatched","Response status: not_dispatched","","","","false","false","false","","","",""
"e526aaedd99078f1cfb4adebad1036e543b4c992bc96afc3ecfaf995c1de149e","family-0eb3f9df620743533159","scope_lookup","after_close","padded_end","nonce","not_dispatched","Response status: not_dispatched","","","","false","false","false","","","",""
"e52ced1a128a7f2407f64012310d3e2c182c5b053f7dea158b8ef6e2aa357ff5","family-d790b8721b3020bd3181","scope_lookup","after_close","named_end","natural","not_dispatched","Response status: not_dispatched","","","","false","false","false","","","",""
"e558ced9b5e524a403491db3113bab59791470b3583ec3ca5a671576f21fa0bc","family-2a7134667340fdbaebf0","scope_lookup","after_close","typed_end","natural","not_dispatched","Response status: not_dispatched","","","","false","false","false","","","",""
"e561f0e542780a4778e3318bbabb6a157500fff2592a67c8ff45e3d48edfd972","family-f067f0b23cbe71f81397","scope_lookup","after_close","padded_end","natural","not_dispatched","Response status: not_dispatched","","","","false","false","false","","","",""
"e58d3fb9615561206e0bbe3a50257d206089d55227d849bfbb348d2d9269a139","family-2cf9c0e1acc961b2e786","scope_lookup","after_close","named_end","nonce","not_dispatched","Response status: not_dispatched","","","","false","false","false","","","",""
"e5972ef7cd15b63c5df32028be5bc7b7b9e9e0c29c42ff7ecd90dd85893b9fec","family-6b66a4e96816de483a6d","scope_lookup","after_close","braces","natural","not_dispatched","Response status: not_dispatched","","","","false","false","false","","","",""
"e59effe3984e96c57275566af724550886e2584433c941b9d179510b5bfdd53b","family-4e24c4b756f53a42f700","scope_lookup","after_close","padded_end","natural","not_dispatched","Response status: not_dispatched","","","","false","false","false","","","",""
"e5b22781f1495ba6e4c43f2bc4e1f57795fd191c9178dfa176136c3ad62b960e","family-7c332a40107fc9e0506b","scope_lookup","after_close","named_end","nonce","not_dispatched","Response status: not_dispatched","","","","false","false","false","","","",""
"e5b486112dfb4e694ae9619a7a888edcd05d5d900c459385dd29fbec1c3bba2f","family-a687b9583e025493e18e","scope_lookup","after_close","braces","natural","not_dispatched","Response status: not_dispatched","","","","false","false","false","","","",""
"e5d521cd6a9a58d5ffa38728e998bd0a0ae9afabb66e29bf3813815735c46a7a","family-9b8621ec48603358539d","scope_lookup","after_close","generic_end","natural","not_dispatched","Response status: not_dispatched","","","","false","false","false","","","",""
"e5de2dd1b26e872b0f36ac8de361f8fabf5ff9a98743655532bb8a4225911ad9","family-5b63e686107fdc9456ad","scope_lookup","after_close","named_end","nonce","not_dispatched","Response status: not_dispatched","","","","false","false","false","","","",""
"e5ef7cf09b1bca5056123a45ae30744831f97ef426186e600eb33afd2055af53","family-e2b3d3a1c1963aca578b","scope_lookup","after_close","braces","nonce","not_dispatched","Response status: not_dispatched","","","","false","false","false","","","",""
"e5f948cb0016e8bb6343ee41d15299c9b1734b4e95fc0c3fc73e87b9990f8ba4","family-68fcc1c9f5945998c0cb","scope_lookup","after_close","generic_end","natural","api_rejected","Response status: api_rejected","","","","false","true","true","","","",""
"e658324f1e4329be29fed5fab65958a98617e809fa05d6dee4bbf94cea53000c","family-919b45a05cb705222416","scope_lookup","after_close","braces","natural","not_dispatched","Response status: not_dispatched","","","","false","false","true","","","",""
"e67cfebadf4b14002ec7ad879db30cb612a973bc1eb537add739c9c777dfac78","family-4f09c00bd3e6cfadf50a","scope_lookup","after_close","padded_end","natural","not_dispatched","Response status: not_dispatched","","","","false","false","false","","","",""
"e68f49533d2b6270e1acf400518feaaf91004a824a3b0a04375906dcdc3420ac","family-79e766a93eab7f966441","scope_lookup","after_close","named_end","nonce","not_dispatched","Response status: not_dispatched","","","","false","false","false","","","",""
"e691edecc09aaa2d4ad366d636a5f3e84867535dadc83e391baba0662cb3b053","family-117639ec340885b3ffc1","scope_lookup","after_close","generic_end","natural","not_dispatched","Response status: not_dispatched","","","","false","false","false","","","",""
"e69eac9091f0a3430d1276dda629b2b1f00f5e5c7bf43069f7cc28f1773f6eda","family-965e957e4d8298784a4e","scope_lookup","after_close","braces","natural","not_dispatched","Response status: not_dispatched","","","","false","false","false","","","",""
"e69ee50a7c1f3b48525fb8ea02f3beb097578605db65ede31c2eabe2d45f6f36","family-9651f0409341bdf5680a","scope_lookup","after_close","named_end","natural","not_dispatched","Response status: not_dispatched","","","","false","false","false","","","",""
"e6c7caa3de2bec4e8ede2ba2ef764005ec5aeb1fc22850b2160eaa2aaac40308","family-a163b39b443aa35544cf","scope_lookup","after_close","named_end","nonce","not_dispatched","Response status: not_dispatched","","","","false","false","false","","","",""
"e6e3a9c2103a6fb5646e8f71e235891a27887ab232b31027029eb4e900ad62c8","family-51e3627587c0ace4b236","scope_lookup","after_close","padded_end","nonce","not_dispatched","Response status: not_dispatched","","","","false","false","false","","","",""
"e6e8bafff2cd1576ee51c1f33c2b7ad58f80351877b3a72e6d5cfef8d7f83264","family-56378884ef7b40bfc27d","scope_lookup","after_close","generic_end","natural","not_dispatched","Response status: not_dispatched","","","","false","false","false","","","",""
"e70c8a806bc1d1d931b27ecc352be27d859685fd210506f0e84d7adceb449617","family-c7dc42abcd7928aa1fd7","scope_lookup","after_close","braces","nonce","not_dispatched","Response status: not_dispatched","","","","false","false","false","","","",""
"e73fa0a33408b06a466f0972e7fc69722ad3a866ff59874dccf9665bd5c8338d","family-1bc856251900eb8d96cc","scope_lookup","after_close","typed_end","natural","not_dispatched","Response status: not_dispatched","","","","false","false","false","","","",""
"e771abaf88e23c84538bfe2c40a63b2d230bc94843dfad6fb8d7e5ba594b8923","family-d6fbc2c230d22a868b4e","scope_lookup","after_close","typed_end","natural","not_dispatched","Response status: not_dispatched","","","","false","false","false","","","",""
"e7873d2c84c23161372275a8f40678151b0532d11f44099daf39fd433fa337aa","family-f5d8991ff4c863b620db","scope_lookup","after_close","named_end","nonce","not_dispatched","Response status: not_dispatched","","","","false","false","false","","","",""
"e797b0022745322bb308c363667c39e84e168b2d51f57995be07d34664e2452c","family-a2ece4fbdba8feaddd6b","scope_lookup","after_close","braces","natural","api_rejected","Response status: api_rejected","","","","false","true","true","","","",""
"e7b24df4e98f9fed4f1b3b1f41a3e56d802a8d6bc054b9f40d608282eb3bbe86","family-2d4ca203b12edfb77065","scope_lookup","after_close","generic_end","nonce","not_dispatched","Response status: not_dispatched","","","","false","false","false","","","",""
"e7cc08e58d50a14c4c3d14a1c7e9beea6359c3904df6a89867c1afb0a9fd7f66","family-1e1e9805ed1c537d286d","scope_lookup","after_close","named_end","nonce","not_dispatched","Response status: not_dispatched","","","","false","false","false","","","",""
"e7d4757e5151eee78598725c6802e697b54362ec99e1bd6a1af1cef6f9d688a1","family-ae1b4ec6df96fb4b7a32","scope_lookup","after_close","generic_end","nonce","not_dispatched","Response status: not_dispatched","","","","false","false","false","","","",""
"e7eeeeb91f79a023de34655d764a0f328c0db3f62c9b1c185d250d56b267bab2","family-6bd2730ce8334ea9ef86","scope_lookup","after_close","braces","natural","not_dispatched","Response status: not_dispatched","","","","false","false","false","","","",""
"e7f0dedd3dc2d36d928c15f39ccb97f4e564b3d3bee2e5164db463395483058e","family-c4dde46d058037719010","scope_lookup","after_close","padded_end","nonce","not_dispatched","Response status: not_dispatched","","","","false","false","false","","","",""
"e815670f5030ff99aa6752afbfe643a9b80124c6e70fc8f5fde3037a7bc20cb0","family-82a951c68b26c1e33a1f","scope_lookup","after_close","generic_end","natural","not_dispatched","Response status: not_dispatched","","","","false","false","false","","","",""
"e82e00d39069232621486c2bba8a986019e11b52a619e2f53c6fa8f6a0caedfe","family-1e1e9805ed1c537d286d","scope_lookup","after_close","braces","nonce","not_dispatched","Response status: not_dispatched","","","","false","false","false","","","",""
"e858bb77c244891c01720f3d5e121d3dbe793db6570beed9546bae1112ea4cb1","family-ff162c61e24aad4247f3","scope_lookup","after_close","braces","nonce","not_dispatched","Response status: not_dispatched","","","","false","false","false","","","",""
"e883a2923093c58c250452f4a023002ad12673cb6216c9a4e23fdf4cb3142076","family-11cf59caaf680b0c7817","scope_lookup","after_close","named_end","nonce","not_dispatched","Response status: not_dispatched","","","","false","false","false","","","",""
"e899a104b8d51e156f2892e46a767aabd957339cfafd7838dc33a1563ebf059d","family-829d414067d60b06cdd7","scope_lookup","after_close","padded_end","nonce","not_dispatched","Response status: not_dispatched","","","","false","false","false","","","",""
"e89c4e459591c4f6337274bd2a641e45f57b9bc9d0f4f1e7648fc9650d66f685","family-dbf800c44ba620013de4","scope_lookup","after_close","typed_end","nonce","not_dispatched","Response status: not_dispatched","","","","false","false","false","","","",""
"e8ce26f0579ca1919f21e36bc2b443a40f56557b41a88c9a8bed992e07ceddfd","family-3aeadfaeea80262198b8","scope_lookup","after_close","typed_end","natural","not_dispatched","Response status: not_dispatched","","","","false","false","false","","","",""
"e8efa6186fd5d5e38df0a4a40b2c074452c46c70651d40589604ed4699c5593a","family-1e1e9805ed1c537d286d","scope_lookup","after_close","padded_end","nonce","not_dispatched","Response status: not_dispatched","","","","false","false","false","","","",""
"e9169bb41fd18436a7ab5e5a54b29b944390e8a3389a9a8c3672e64ae529fd5d","family-d548c5f900182242bf0c","scope_lookup","after_close","typed_end","natural","not_dispatched","Response status: not_dispatched","","","","false","false","false","","","",""
"e91e6eebc2bc8e2ea482e821673ee6f8dfb01d6e98e365718c544e3310fc85a9","family-47a815662d4bac370f57","scope_lookup","after_close","braces","natural","not_dispatched","Response status: not_dispatched","","","","false","false","false","","","",""
"e921ac6d9e6fb5d1faabe2efa4f4ce42783afbef2501e3322d4cba2f6d074eaa","family-46ce55c6614c9d7aa40d","scope_lookup","after_close","padded_end","natural","wrong_answer","Expected 9089; received 6071","","","","true","true","true","","","",""
"e9360338555b0ab4aa6d54f3d2f7bc97ea29ee919d1c195ba5b3723050161049","family-d5f537a60742210bf1e3","scope_lookup","after_close","braces","natural","not_dispatched","Response status: not_dispatched","","","","false","false","false","","","",""
"e94cd2f9f0a136aeab85f3557f918d1c2f81efc28bb999d135ba3ed181d50bc2","family-80c89211d1f0ead58843","scope_lookup","after_close","generic_end","nonce","not_dispatched","Response status: not_dispatched","","","","false","false","false","","","",""
"e9589f5353e98664f93ca2bdd39e5d83baefaf056351cd33f85d448641543c9b","family-f1a8bfef505962af7ac8","scope_lookup","after_close","named_end","nonce","not_dispatched","Response status: not_dispatched","","","","false","false","false","","","",""
"e9b29a121b4c1fa8f08717db7075648970fc83b6eb82029a399f44198bb1d6b8","family-810d18124d25c8e6e5df","scope_lookup","after_close","typed_end","natural","not_dispatched","Response status: not_dispatched","","","","false","false","false","","","",""
"e9eccb6adbbbb932ec8d397e7376ee5364943fce5bca803bc1eb4c1f2a3372c9","family-1b4ad064baa5f003980f","scope_lookup","after_close","generic_end","nonce","not_dispatched","Response status: not_dispatched","","","","false","false","false","","","",""
"e9f335eb7eb6c7dedb63ff9d56dddbb3f750cefcedfa52e1e9bc754df0e4f63d","family-be7d9f50059865014983","scope_lookup","after_close","braces","natural","not_dispatched","Response status: not_dispatched","","","","false","false","false","","","",""
"ea1916759b3a65c23a173e1cfc2e06717126be3606b8cfa106cc59fb48f06c6d","family-4046f51e619d48a84570","scope_lookup","after_close","padded_end","nonce","not_dispatched","Response status: not_dispatched","","","","false","false","false","","","",""
"ea92c55b01238b9476b580fda1601d446ef6e53f81d8172f3d12fd9f3e9f0e92","family-1a43aa90e10067aecec1","scope_lookup","after_close","braces","natural","not_dispatched","Response status: not_dispatched","","","","false","false","false","","","",""
"eac23ba5aa71dfd890590aa101507831b7e0edf7a8ae7fce40408bbd5fed7894","family-1b4ad064baa5f003980f","scope_lookup","after_close","typed_end","nonce","not_dispatched","Response status: not_dispatched","","","","false","false","false","","","",""
"ead6d06d9cb4df5a791a73f1968b2d4e2c67779759e64f950c18ecbfd72432d5","family-3d511f5256d7b37daa4a","scope_lookup","after_close","typed_end","natural","not_dispatched","Response status: not_dispatched","","","","false","false","false","","","",""
"eade77a8ed8fd695509acaae62e2cdfb2704a19f79cbb35342ab36b21544b08c","family-e9227cc87b94745443d1","scope_lookup","after_close","braces","nonce","not_dispatched","Response status: not_dispatched","","","","false","false","false","","","",""
"eae84d67a3c700b034e17567cd0c28aee60743dc15d62d5e65361dfd7e31ba22","family-425186a1327ddf3eb5ca","scope_lookup","after_close","padded_end","nonce","not_dispatched","Response status: not_dispatched","","","","false","false","false","","","",""
"eaf57ecd424fdd7dc057a34b99d66964df9f9f54550574ace71d7ef04ba5ffb6","family-12406704a3b5d2f6a2ec","scope_lookup","after_close","generic_end","natural","not_dispatched","Response status: not_dispatched","","","","false","false","false","","","",""
"eb2dfce58f285ffef165e0347ee32e6ce8a464b47703504b31fb3c8ee69b6f7b","family-1c28abaa021ebba4e627","scope_lookup","after_close","generic_end","nonce","not_dispatched","Response status: not_dispatched","","","","false","false","false","","","",""
"eb33d5f3746d62dca2fef36a98578bcfb8a7431010475ccb7584d30cc34b38b8","family-952de2a9f9b54ad8c738","scope_lookup","after_close","generic_end","natural","wrong_answer","Expected 5523; received 6985","","","","true","true","true","","","",""
"eb43169d9e3dc007535fe9c11ded6a0c024028bc7b49937205212eddf183ddd2","family-c3d013e43b09c78a77fe","scope_lookup","after_close","named_end","nonce","not_dispatched","Response status: not_dispatched","","","","false","false","false","","","",""
"eb4407808f4c4b61ce5c256a0df95f851903a9e4fb0fe76fc5969777f50c869a","family-8ba864c7229e72b635fa","scope_lookup","after_close","named_end","natural","not_dispatched","Response status: not_dispatched","","","","false","false","false","","","",""
"eb5b6c0f2c827dfa592d5c341f588d7d7059e1c5471cd62a3b6890bf17924c6a","family-809010a4c0beca08e048","scope_lookup","after_close","padded_end","nonce","not_dispatched","Response status: not_dispatched","","","","false","false","false","","","",""
"eb6f85011c10d85d139a64d9fee101a101890c8ab386ada2ddeeae51b0ff82be","family-35e80d3bdf46a8332d22","scope_lookup","after_close","typed_end","nonce","not_dispatched","Response status: not_dispatched","","","","false","false","false","","","",""
"eb8e7479a742ef4e4aec16cffb707abea7205d0d4ad8735e614aa2e98b7496af","family-a3756c322259c6e89966","scope_lookup","after_close","generic_end","natural","not_dispatched","Response status: not_dispatched","","","","false","false","false","","","",""
"eb9ccaba3400b9dc6f520596b6faf242ca78c6925ea025af1b631c9c33cbf1e7","family-a687b9583e025493e18e","scope_lookup","after_close","typed_end","nonce","not_dispatched","Response status: not_dispatched","","","","false","false","false","","","",""
"ebaa680bdc39b037babbeef99c468d2f9f78d061b86519210de810b851cefe52","family-bd3c2969cbd85fad559f","scope_lookup","after_close","generic_end","natural","not_dispatched","Response status: not_dispatched","","","","false","false","false","","","",""
"ebc85084322969300a33b4eaf9ecbfeda6ebc92938b555d238ecaecc45681f23","family-4e24c4b756f53a42f700","scope_lookup","after_close","padded_end","nonce","not_dispatched","Response status: not_dispatched","","","","false","false","false","","","",""
"ec09b9b449da6709cab0663e25d2b1044f6f27016571a3896b46fe2394b2e923","family-0ee3c9dccae742e0bc4c","scope_lookup","after_close","generic_end","natural","not_dispatched","Response status: not_dispatched","","","","false","false","false","","","",""
"ec1cd7994a32c9da27112ae1013c4977bcb1e61b685d08ef4f625a1defc40fd4","family-82f7c99871edfa451f94","scope_lookup","after_close","named_end","natural","not_dispatched","Response status: not_dispatched","","","","false","false","false","","","",""
"ec3d1b0e8ebf2591cd406a7e99ac4186e342c9929511fa3cb5cb9ec618198bd7","family-6b66a4e96816de483a6d","scope_lookup","after_close","typed_end","natural","not_dispatched","Response status: not_dispatched","","","","false","false","false","","","",""
"ec62d969029b4763bb6fbee4695f4682553b8c9d298dd3367078d9de26b60175","family-5f8adf71a8b33aeea343","scope_lookup","after_close","typed_end","natural","not_dispatched","Response status: not_dispatched","","","","false","false","false","","","",""
"ec691ee0ac5e9ec7d754ba2ce6c6a18847eb842300c581dfb446e0e6529e9f47","family-b47dfd60e0b99470e408","scope_lookup","after_close","padded_end","natural","not_dispatched","Response status: not_dispatched","","","","false","false","false","","","",""
"ec98d017c2292b85404fa114948cc4bbbc5bb0ce5bdb209c162be97bc416bccd","family-a22670a9df47816a1d78","scope_lookup","after_close","named_end","nonce","not_dispatched","Response status: not_dispatched","","","","false","false","false","","","",""
"eca532ca9778e7ba1452df90b7c150adcbdc1888fa38a41f1dd0cbc8e0ae75bf","family-211a3caa2cbd61ae5771","scope_lookup","after_close","named_end","natural","wrong_answer","Expected 6559; received 3635","","","","true","true","true","","","",""
"eca983b88286d1e8c809658639f069d0de0bd60fe2d62aa5f39c493761c61da9","family-3eabdb043eb316c35b34","scope_lookup","after_close","typed_end","nonce","not_dispatched","Response status: not_dispatched","","","","false","false","false","","","",""
"ecba82829de5659ca4e86b5e76ee4095897555fe0899c201d6f4c6c01881d3f1","family-be7d9f50059865014983","scope_lookup","after_close","typed_end","natural","not_dispatched","Response status: not_dispatched","","","","false","false","false","","","",""
"ecbb1288b6ace2fa7f1b42245f150e3058139683bf3f67206e0dfb8aaae88cc3","family-54c1e48a5e373dac734c","scope_lookup","after_close","braces","nonce","not_dispatched","Response status: not_dispatched","","","","false","false","false","","","",""
"ecbe8167a8b21b11e6bf6805fd4e5a746167fcb0a2c888392f65d629bd2a005e","family-d20413898c9a91a666b1","scope_lookup","after_close","named_end","natural","not_dispatched","Response status: not_dispatched","","","","false","false","false","","","",""
"ecd20d84eed454b8b3606a2d7d718a11667aea69883a33d6427d51b128ce8ebe","family-7600bece242271768ead","scope_lookup","after_close","padded_end","nonce","not_dispatched","Response status: not_dispatched","","","","false","false","false","","","",""
"ecd8ea0bac3ec0a0aedf46c8b310ead6ea15485b0905e61171f438c4e57241ac","family-66e8267de10ae2e904ab","scope_lookup","after_close","generic_end","natural","not_dispatched","Response status: not_dispatched","","","","false","false","false","","","",""
"ece83f2d4fa8f0e79c84599fde3e8f569e3bfb2d633bc895ac962a9c0fbc6025","family-3999856e1484a99e30ab","scope_lookup","after_close","padded_end","natural","not_dispatched","Response status: not_dispatched","","","","false","false","false","","","",""
"ece9ffc26ec1571ea1b4dff599f2cbd5436b36ce154bea48278beab99acb1333","family-d76894d5e7f919b735f3","scope_lookup","after_close","braces","natural","not_dispatched","Response status: not_dispatched","","","","false","false","false","","","",""
"ecedb410e8e1a5534a122611238f72a3b567718c9cca31811588f68436cf5d4a","family-88d674c755828117bb4b","scope_lookup","after_close","braces","nonce","not_dispatched","Response status: not_dispatched","","","","false","false","false","","","",""
"ecf07c32ea5a4f82277c60e51d4cfa819da22ac64f421b07656e0c17dd25feb5","family-810d18124d25c8e6e5df","scope_lookup","after_close","generic_end","natural","not_dispatched","Response status: not_dispatched","","","","false","false","false","","","",""
"ed2b1abd70e4e12407bb1322653362bbdfb274b6583c4a2932a7429b4a533d8d","family-ccea5ca66ad622bb7848","scope_lookup","after_close","named_end","natural","not_dispatched","Response status: not_dispatched","","","","false","false","false","","","",""
"ed3c37556325c30f9652fce42881f44d212ceaeaab3abaf5ed7d911b12cbb183","family-33ce8cc8dd0f7b7cd8be","scope_lookup","after_close","padded_end","nonce","wrong_answer","Expected 9727; received 8686","","","","true","true","true","","","",""
"ed3c4456fe56520f4b88d2f97b1684fb623dec55073d2c1dc0f0f1900555df39","family-1270ade5663f5ae56168","scope_lookup","after_close","generic_end","natural","not_dispatched","Response status: not_dispatched","","","","false","false","false","","","",""
"ed61410a54146146aa9098b2caec96fbdccc8cc7a60876ff83fa67e08439cb9e","family-9061b3702b95d74a7ca2","scope_lookup","after_close","braces","natural","not_dispatched","Response status: not_dispatched","","","","false","false","false","","","",""
"ed982986c9dea5ed18242c3e3dbb5a61b7cbe5733e24820feddc6886630cedee","family-f5daf0fe2889473ae782","scope_lookup","after_close","named_end","natural","wrong_answer","Expected 1440; received 7936","","","","true","true","true","","","",""
"ed9cc917e917bdd387d43a21bc635388e4a53f3f9e8616f84e175e7f58fc6740","family-9d573f3ede048a825924","scope_lookup","after_close","generic_end","nonce","not_dispatched","Response status: not_dispatched","","","","false","false","false","","","",""
"edb3bcbb126d93fcc9b47e3c4d226a734f8c10627765856a1b0346e117f39018","family-c04f5b74646ddaeba01f","scope_lookup","after_close","named_end","nonce","wrong_answer","Expected 1371; received 7746","","","","true","true","true","","","",""
"edd5c2681f567a0ab1a5135665541f29622d0987ad8d6800dca51fe6716ac085","family-d76894d5e7f919b735f3","scope_lookup","after_close","typed_end","natural","not_dispatched","Response status: not_dispatched","","","","false","false","false","","","",""
"eddaaf95d7568b1cbf7a67c20ae4687a24651dcd93e64fee5391c2bbb28130a4","family-56378884ef7b40bfc27d","scope_lookup","after_close","braces","nonce","not_dispatched","Response status: not_dispatched","","","","false","false","false","","","",""
"ede01912e89fda7ab80b6752bbcea59abf8f9ddbaccb691affbd24031ba45146","family-3e04b47f55388c0d1b5c","scope_lookup","after_close","padded_end","natural","not_dispatched","Response status: not_dispatched","","","","false","false","false","","","",""
"edeff5903fd5905fdf3e6ec5d725010d665e60aa8dc2f0f74910b98b7aaf55d2","family-dc6c1d22763b1c4111e4","scope_lookup","after_close","named_end","natural","not_dispatched","Response status: not_dispatched","","","","false","false","false","","","",""
"edf1b5828a946539ae9e60040cc0dbe279e3760dd0d6d36730cd582d3614391b","family-c7dc42abcd7928aa1fd7","scope_lookup","after_close","generic_end","nonce","not_dispatched","Response status: not_dispatched","","","","false","false","false","","","",""
"ee0df3994d2d71d5de832e248856c5e6e0794191182ef10cc670f03eb55e6382","family-48abd2d50bb258341298","scope_lookup","after_close","braces","nonce","not_dispatched","Response status: not_dispatched","","","","false","false","false","","","",""
"ee30f420a8427b0ea762325a0ef7ba0a929ee55010347251cfa59ac0a890ce09","family-33ce8cc8dd0f7b7cd8be","scope_lookup","after_close","named_end","natural","not_dispatched","Response status: not_dispatched","","","","false","false","false","","","",""
"ee31b98b606ca0add55138584ed7fa72089e46ddb623268dd3fc8ed44ef8c6f0","family-4f22130af5b4eb982150","scope_lookup","after_close","braces","natural","not_dispatched","Response status: not_dispatched","","","","false","false","false","","","",""
"ee32ca62595a972384f729e925bb447f929702756c5a6e0911456faa6874b81d","family-81b5c1c97e7277175b1f","scope_lookup","after_close","braces","natural","not_dispatched","Response status: not_dispatched","","","","false","false","false","","","",""
"ee38cbcf2f547607df882b98fb72b282cffeee9e663c5e2bfc3a95b7bb5c9344","family-e35cf05c60de2a1bfffb","scope_lookup","after_close","braces","nonce","not_dispatched","Response status: not_dispatched","","","","false","false","false","","","",""
"ee491b4d5f865f1cab189f51a8304a380ed744468dc5d6e7934c8be18963890d","family-ab82262840047decc0cc","scope_lookup","after_close","padded_end","nonce","not_dispatched","Response status: not_dispatched","","","","false","false","false","","","",""
"ee4efcefe630ea513b22317c5005035258f080d1ca99757002d458f9a762515d","family-6e68c8034354e9d15e22","scope_lookup","after_close","generic_end","nonce","wrong_answer","Expected 8867; received 3065","","","","true","true","true","","","",""
"ee5fa27dabb6cf76174b7c7c8a5c2c345cdcbee3b7eb4830b14211a9fa31c5fd","family-7714405fa2a1d3a1c132","scope_lookup","after_close","padded_end","nonce","not_dispatched","Response status: not_dispatched","","","","false","false","false","","","",""
"ee6f3a0f3a88401687e65083d0bceec8721639e8d7698bcc09b0f1922d5be9b5","family-0390d75d26d3cf166849","scope_lookup","after_close","generic_end","nonce","not_dispatched","Response status: not_dispatched","","","","false","false","false","","","",""
"ee72d7348bbbf2ac55cf70bb73d748ce6b0ee4e8ccd9d64c0a9b67a8a10ee143","family-9d6e50e771e053fd4b63","scope_lookup","after_close","padded_end","natural","not_dispatched","Response status: not_dispatched","","","","false","false","false","","","",""
"ee989494215276a047cf019ea4d858cc2a17e06bc4bc283853fc6aec4af883c6","family-51b2b2e1e5b6e49579e8","scope_lookup","after_close","typed_end","natural","not_dispatched","Response status: not_dispatched","","","","false","false","false","","","",""
"eedf646c1bb4cf1a55e40b1e4c0ab55bea1694d8ad037f73cb9ecac1be227ded","family-5cc46da926f300fc886f","scope_lookup","after_close","padded_end","natural","not_dispatched","Response status: not_dispatched","","","","false","false","false","","","",""
"eee3c5fe8e73827af5885c61099779e80b7452d5502d43fd68e0071d6273d63b","family-7916dd00c9fd2d346478","scope_lookup","after_close","generic_end","natural","not_dispatched","Response status: not_dispatched","","","","false","false","false","","","",""
"eee86f6426083825808b8c8fecf295bf1cbe2c0e715f22a1236786dd9e2979d2","family-5cc46da926f300fc886f","scope_lookup","after_close","generic_end","natural","not_dispatched","Response status: not_dispatched","","","","false","false","false","","","",""
"eeed16f49834a935a0827c11cd16231db6fc212d461b7509a627061faadb6545","family-6bd2730ce8334ea9ef86","scope_lookup","after_close","typed_end","natural","not_dispatched","Response status: not_dispatched","","","","false","false","false","","","",""
"eef2a7697497e2c42aabdb0b5992995a0a0df2cb9057155ded4f0709fd6ca332","family-d5387a27f98b64653076","scope_lookup","after_close","named_end","nonce","not_dispatched","Response status: not_dispatched","","","","false","false","false","","","",""
"ef017ca6782a8b958f9e68210f0516bba6d85489a30cba9c2fcf754797fe44e6","family-db2d2997d96595927d22","scope_lookup","after_close","generic_end","natural","not_dispatched","Response status: not_dispatched","","","","false","false","false","","","",""
"ef0d00cc17bcbabbe2565c599d9e6b999caee340ec091536ec3d279d239b2ce8","family-12406704a3b5d2f6a2ec","scope_lookup","after_close","typed_end","nonce","not_dispatched","Response status: not_dispatched","","","","false","false","false","","","",""
"ef4118d37d4f012cae0abdc120d4e86db4761b3231381df2188c719ffc88eaa7","family-33ce8cc8dd0f7b7cd8be","scope_lookup","after_close","braces","natural","not_dispatched","Response status: not_dispatched","","","","false","false","false","","","",""
"ef6392d484872d737d638cbfce78431cefccbb63ca496535eb25eb55b14f6dfa","family-295bca20a17148c007d1","scope_lookup","after_close","padded_end","nonce","not_dispatched","Response status: not_dispatched","","","","false","false","false","","","",""
"ef7132f6e9f85e728deb743026a29b4b384d9dbb6e3f6cd9353af6986ca6d7ee","family-dde08e4020268c442b03","scope_lookup","after_close","generic_end","natural","not_dispatched","Response status: not_dispatched","","","","false","false","false","","","",""
"ef72ca4fa206a5ba330557d79161852e21e4c068aed875ae1f97641a765b111b","family-8b035bce4ca204e57955","scope_lookup","after_close","typed_end","natural","not_dispatched","Response status: not_dispatched","","","","false","false","false","","","",""
"ef7f79aebb3717309eeb3a3dde5bbf544653ea0b6785c30c3d1729608e59e8d3","family-952de2a9f9b54ad8c738","scope_lookup","after_close","named_end","natural","wrong_answer","Expected 5523; received 6985","","","","true","true","true","","","",""
"ef9072e86811e91a40ec664d2abea652209aa93b737f3176fae0fb0f5019299f","family-c6fd7e21c3cb3a5952a5","scope_lookup","after_close","typed_end","nonce","not_dispatched","Response status: not_dispatched","","","","false","false","false","","","",""
"efaa379eb080051f10286f47df65995f0f0c3f54043fcc3b7fbc61128ab66e7a","family-93d892d460906fd39f72","scope_lookup","after_close","named_end","natural","not_dispatched","Response status: not_dispatched","","","","false","false","false","","","",""
"efae530e03359a8b9db03e43802df241ff46e9b69240300315cdb0321971a68d","family-79e766a93eab7f966441","scope_lookup","after_close","generic_end","nonce","not_dispatched","Response status: not_dispatched","","","","false","false","false","","","",""
"efb6bbfbe257b9b3ddfc326e5bf704c67167fa3dcf4e03c2caf720b9d19b66b0","family-580cadd5fc56726c6b8b","scope_lookup","after_close","braces","nonce","not_dispatched","Response status: not_dispatched","","","","false","false","false","","","",""
"efe4f66ec74e52e7b8c8953610b1b6ce1d97bfadc66a73e7ebb54dae12b93cf5","family-5f659e890d327754e519","scope_lookup","after_close","named_end","nonce","not_dispatched","Response status: not_dispatched","","","","false","false","false","","","",""
"efe583d03f713c284376ac3e9926a7be061db595c0bdba90244265715bd1f9eb","family-8de1019cd6cb55d42696","scope_lookup","after_close","braces","nonce","wrong_answer","Expected 6478; received 2217","","","","true","true","true","","","",""
"effa61874e0352f6e3588965b9c3dc7ccd27e2ace2f1a09e00705b3c81548dca","family-80c89211d1f0ead58843","scope_lookup","after_close","padded_end","nonce","not_dispatched","Response status: not_dispatched","","","","false","false","false","","","",""
"f01a0a8e013ec415044e4134cc70562d6a79f4f3267afb851b14fa5df63122d3","family-8d7855852b7553d710fb","scope_lookup","after_close","braces","nonce","not_dispatched","Response status: not_dispatched","","","","false","false","false","","","",""
"f068abfc088da506781145884f4f3699a0c3df4a1bd7d1df09942e97e2443ceb","family-e2b3d3a1c1963aca578b","scope_lookup","after_close","padded_end","nonce","not_dispatched","Response status: not_dispatched","","","","false","false","false","","","",""
"f06ba31e7e1c85520089a4ef566aa852bdb6ac752179eb377c285b71ce6a19e6","family-89700d68a60bdc6f667b","scope_lookup","after_close","padded_end","nonce","not_dispatched","Response status: not_dispatched","","","","false","false","false","","","",""
"f087bd3562314090d2fd10081dbf0591f78bed0f08d412eedd309180134e7c19","family-2cf9c0e1acc961b2e786","scope_lookup","after_close","braces","nonce","not_dispatched","Response status: not_dispatched","","","","false","false","false","","","",""
"f08ea22db576d498e9ccbbd4f9ae6225d588e42b28ced518b6b5b3ca528f13e3","family-dc6c1d22763b1c4111e4","scope_lookup","after_close","generic_end","natural","not_dispatched","Response status: not_dispatched","","","","false","false","false","","","",""
"f0a808adddefd1d2afe7f60978d26cdb2987800495ad6a3215844d23fd9d791d","family-bb74c2c8f2e292c33a1f","scope_lookup","after_close","padded_end","natural","not_dispatched","Response status: not_dispatched","","","","false","false","false","","","",""
"f0bf441ecb15e3625e33fe7375b1a969c5bda593904b24e079d592ce87ebd5fc","family-2d405169f2af4e0021bd","scope_lookup","after_close","padded_end","nonce","not_dispatched","Response status: not_dispatched","","","","false","false","false","","","",""
"f0c05185199d4d22951771ca43787978d922093b35dfd5cda3c7c9ed434a7704","family-01e9efb57c6f01a9ab32","scope_lookup","after_close","generic_end","natural","not_dispatched","Response status: not_dispatched","","","","false","false","false","","","",""
"f105b17b29e0d375ead98ef6076961cb7ca4b50525e6101c674c7ad2f436a42f","family-0a5d21387c431fa11a72","scope_lookup","after_close","braces","nonce","not_dispatched","Response status: not_dispatched","","","","false","false","false","","","",""
"f12e415aa26ad98b71f2acec3454ae8223518978de190285656e3af785d5f78f","family-d73915a3207b34792ae8","scope_lookup","after_close","named_end","natural","not_dispatched","Response status: not_dispatched","","","","false","false","false","","","",""
"f13a08130b5ff16280891113174e228b05612f677efde6807639d129a15f27c9","family-ed3aeac54a08bc1c993b","scope_lookup","after_close","typed_end","natural","not_dispatched","Response status: not_dispatched","","","","false","false","false","","","",""
"f13dc805b9c74280296585b34e841492fee9a1e3b25f9a0f90d7d56864af01aa","family-2cf9c0e1acc961b2e786","scope_lookup","after_close","padded_end","nonce","not_dispatched","Response status: not_dispatched","","","","false","false","false","","","",""
"f1aeef8591c03dcbfe2b229ad6f61abcf6be723e9184dcc33372453e2893d1b0","family-b06c38dda0f6ef2944fd","scope_lookup","after_close","braces","nonce","not_dispatched","Response status: not_dispatched","","","","false","false","false","","","",""
"f1d240435ce26400626b6127479c77d82fce84f3620fa4fdb0c395b1a266d316","family-9d573f3ede048a825924","scope_lookup","after_close","named_end","nonce","not_dispatched","Response status: not_dispatched","","","","false","false","false","","","",""
"f1dee91858e684890bbe3c527144a179c72ca5780e21786502ea2559fdd02568","family-18871ae37697b4a460fe","scope_lookup","after_close","typed_end","natural","wrong_answer","Expected 9744; received 9380","","","","true","true","true","","","",""
"f1e44fd66b4c24a6de6fe3fbc0099596aebcdeecb8d65713f1277c13ced69e89","family-750b447a22b873db6093","scope_lookup","after_close","generic_end","natural","not_dispatched","Response status: not_dispatched","","","","false","false","false","","","",""
"f1f9f6487018becc28ce379f97321a505ea2dd88b7709b94632b5c0c1e42e860","family-5692f376b50f8b4c637c","scope_lookup","after_close","braces","natural","not_dispatched","Response status: not_dispatched","","","","false","false","false","","","",""
"f222bd4a1028c0ef39ec8f612b713670ff5c3fa9b56a5a091ccad5731326fcb4","family-3d511f5256d7b37daa4a","scope_lookup","after_close","braces","natural","not_dispatched","Response status: not_dispatched","","","","false","false","false","","","",""
"f224f131155e947d10b8068bac09c184ef868dbbc003d4ac4e970c4c9ad62794","family-e16df58183f0df0d937b","scope_lookup","after_close","generic_end","nonce","not_dispatched","Response status: not_dispatched","","","","false","false","false","","","",""
"f26ba54311d3075e84ab167dd720f7c8046b89c9fb9fea27016147583031d6ac","family-d54f0d62964d2adb1f25","scope_lookup","after_close","named_end","nonce","not_dispatched","Response status: not_dispatched","","","","false","false","false","","","",""
"f2755890aa9c689ec81e31a75d1846f720cd26f667cfb981ded7253f06e98c3e","family-9a4e8a8b04175285a80b","scope_lookup","after_close","padded_end","nonce","not_dispatched","Response status: not_dispatched","","","","false","false","false","","","",""
"f2957ad9a3eb0186cfe65071a7354dab2710eb781dddbe066176bc89065cfb30","family-13b66982c7378039b53f","scope_lookup","after_close","typed_end","natural","not_dispatched","Response status: not_dispatched","","","","false","false","false","","","",""
"f29a49a8e4b81cb5ea18a5b8a2ec1650d88914303b335d66d3bde986d1f900eb","family-aa53edb64586a280de93","scope_lookup","after_close","generic_end","natural","not_dispatched","Response status: not_dispatched","","","","false","false","false","","","",""
"f29c0888ce875fe1bb72e7cfebfc50bb34bb61124373c3a3beb1116aba2bef60","family-fbff6f169402a84ea98a","scope_lookup","after_close","generic_end","natural","wrong_answer","Expected 3750; received 2824","","","","true","true","true","","","",""
"f29ed95bfeeedf1a98f5e6f7cf67c2be9043e40115ac785f85153be6510f7bad","family-e90df32c0ee7b57970ce","scope_lookup","after_close","generic_end","nonce","not_dispatched","Response status: not_dispatched","","","","false","false","false","","","",""
"f2ed780af81fe7e51703323c8528638c2cc5a50dad754087db09db0ae94893b8","family-4534d46d7d8075579c4f","scope_lookup","after_close","typed_end","natural","not_dispatched","Response status: not_dispatched","","","","false","false","false","","","",""
"f2f13979b7fc5eaa51c1de26d4fa8cac16f29c471c4cb528653d53ebdf0444ec","family-44019720ca29bd23a85d","scope_lookup","after_close","typed_end","natural","not_dispatched","Response status: not_dispatched","","","","false","false","false","","","",""
"f2f239a9f1cb7c2af25b458b35c1c60cda818f7e2c48158c5ffae28736aa555a","family-809010a4c0beca08e048","scope_lookup","after_close","braces","nonce","not_dispatched","Response status: not_dispatched","","","","false","false","false","","","",""
"f3248629877e1e7cabe9d45cf7c05aec286aa2476d6069cb92e5e73a7ce07310","family-2ecd8dcf917c14af12c2","scope_lookup","after_close","generic_end","natural","not_dispatched","Response status: not_dispatched","","","","false","false","false","","","",""
"f32ea7888a8c552a89db047e29cc3945b32f2e94f1c5ba179ad526ffa6931a65","family-0198f4746b66227e0715","scope_lookup","after_close","braces","natural","wrong_answer","Expected 9250; received 9150","","","","true","true","true","","","",""
"f3406ed094ce04cf13a919db4eda4300d1de55880ed4199d68ebeb5b3f0c2563","family-e4e4bee44810a636c443","scope_lookup","after_close","typed_end","nonce","not_dispatched","Response status: not_dispatched","","","","false","false","false","","","",""
"f35b9773c485aeda5d6addd411d8d5c792eaf87c661e1159736271227dd7c3e4","family-b04e693befb371d76c76","scope_lookup","after_close","generic_end","natural","not_dispatched","Response status: not_dispatched","","","","false","false","false","","","",""
"f35d4cc1f3fb1f4bd149085e0a710dff99790a45b9c0662823003e2c63aeec04","family-5d8149123d768f9fdb94","scope_lookup","after_close","braces","natural","not_dispatched","Response status: not_dispatched","","","","false","false","false","","","",""
"f36922fe9ab6b82836766729da4f5521ddb1eb7995c2484b486d2bacd37d24d1","family-809010a4c0beca08e048","scope_lookup","after_close","typed_end","nonce","not_dispatched","Response status: not_dispatched","","","","false","false","false","","","",""
"f3710bb279023cf673b1bb6a620cc8209240485aeb89e22cf74e26bd80acbfa3","family-e086c39bac25407a6368","scope_lookup","after_close","named_end","nonce","not_dispatched","Response status: not_dispatched","","","","false","false","false","","","",""
"f37462bf02b139cb855848d513eb9b206b90bcca631cf021db8dc6e24d418788","family-51e3627587c0ace4b236","scope_lookup","after_close","padded_end","natural","not_dispatched","Response status: not_dispatched","","","","false","false","false","","","",""
"f376afbb677314ba5e0d94a6d0a43359d7c5f3edd8121169a44b0e4e84fd85b1","family-920fbd14523f796a7fa8","scope_lookup","after_close","braces","nonce","wrong_answer","Expected 3792; received 9223","","","","true","true","true","","","",""
"f3874ec724e636633421e9dae9644128d823de1aa2685d363c806af8269da9b1","family-47a815662d4bac370f57","scope_lookup","after_close","typed_end","natural","not_dispatched","Response status: not_dispatched","","","","false","false","false","","","",""
"f3922676ea2f7db7b7da02c416bbd057b0040b3c7c1e04f9a40576e895aa97b7","family-bb74c2c8f2e292c33a1f","scope_lookup","after_close","braces","nonce","not_dispatched","Response status: not_dispatched","","","","false","false","false","","","",""
"f3c48577b5c5ae3bd1b7fa2c2441ba881fbfc4f6aaf3af3db4151a6f7a45dc6c","family-7600bece242271768ead","scope_lookup","after_close","braces","nonce","not_dispatched","Response status: not_dispatched","","","","false","false","false","","","",""
"f3e5e1c2232aa260bb0afc7dfde1c79e07b9571403a4415b05b3ac7f50a08d55","family-fe7ce9ac8c05ee3f6103","scope_lookup","after_close","typed_end","nonce","not_dispatched","Response status: not_dispatched","","","","false","false","false","","","",""
"f3f4cc96700a80709f8e60aca298d767c82db8bb5b94e263d940c930549370d0","family-911c2a1d7665926faab3","scope_lookup","after_close","generic_end","natural","wrong_answer","Expected 8409; received 7539","","","","true","true","true","","","",""
"f3f9a98407171955547496106351a4b7468d6024a6fcf3f27195b3f0052bb27c","family-38fb12e8ac73b3acdc07","scope_lookup","after_close","padded_end","natural","not_dispatched","Response status: not_dispatched","","","","false","false","false","","","",""
"f40478404d2e6bedde81a4d617fff440dae743916ba9387e40c1d99bfbece8d8","family-b20a529e15d4299fb7b4","scope_lookup","after_close","generic_end","nonce","not_dispatched","Response status: not_dispatched","","","","false","false","false","","","",""
"f408d664e0225fe32474cfcbd29ae6e62d3f0a26355e40c62cfa7c07c81f8964","family-37305e71acc5b7ddf8cf","scope_lookup","after_close","typed_end","nonce","wrong_answer","Expected 9080; received 3993","","","","true","true","true","","","",""
"f41280bc53b41d72f5d208a68ba9c3307feeb6c0b46debe4dbbc7d988b110783","family-1069e84739245add00bb","scope_lookup","after_close","braces","nonce","wrong_answer","Expected 5784; received 8808","","","","true","true","true","","","",""
"f414a953cc40b6314a0c45301598e327fd446b19906fc05577a245e32f4a81b5","family-e6e51e5de948f110de91","scope_lookup","after_close","typed_end","nonce","not_dispatched","Response status: not_dispatched","","","","false","false","false","","","",""
"f4429da9738aaaf8183cfa80c7bca66934d6266f382967ac85e1fc35e00411bc","family-920fbd14523f796a7fa8","scope_lookup","after_close","braces","natural","wrong_answer","Expected 3792; received 9223","","","","true","true","true","","","",""
"f451549be02824ef1be87282fecf345baa0958aa9704d45e60796988d4cd11b3","family-dc6c1d22763b1c4111e4","scope_lookup","after_close","typed_end","natural","not_dispatched","Response status: not_dispatched","","","","false","false","false","","","",""
"f469983ce721ad032bedeb0a5d2e7285e9d0afc6c718377f7dd4ce58f2372768","family-cc6d2196d5575c5c3662","scope_lookup","after_close","braces","natural","not_dispatched","Response status: not_dispatched","","","","false","false","false","","","",""
"f491344cf29533d6bd974ac4b2ee0689d61a663c355c12b4a1cea6eb9cf2cc25","family-24f14ad02f9d79d4e6f7","scope_lookup","after_close","generic_end","natural","not_dispatched","Response status: not_dispatched","","","","false","false","false","","","",""
"f4a03c9eed2d135cddf5ed264f4a3afd22a5aa19175ecbab638d6010d7b8b1df","family-502a612c7b5f388e0842","scope_lookup","after_close","braces","nonce","not_dispatched","Response status: not_dispatched","","","","false","false","false","","","",""
"f4a2abce683d8eff0a191187b868e65461a74c3220daa2561b7dd0209d0ceef4","family-37e71f85dfa4b5415e42","scope_lookup","after_close","named_end","natural","not_dispatched","Response status: not_dispatched","","","","false","false","false","","","",""
"f4cfbd6ea9dcc70580f508c8bf83f18deacea37f27e22795ad0cd69d5b3a3190","family-e5ca796e3782d6f2cb04","scope_lookup","after_close","padded_end","nonce","not_dispatched","Response status: not_dispatched","","","","false","false","false","","","",""
"f5036e98a7a04b3cd4435d82f6c0ba3df242a39d8c6616a3837b19ba0d3f05ca","family-73d35b42fea6ed684804","scope_lookup","after_close","braces","natural","not_dispatched","Response status: not_dispatched","","","","false","false","false","","","",""
"f51d351d948d67aff32fcd027ab0d8ba3123f6693c8aa8695123e1d9c8d997c2","family-09e2113afb71afc93f4f","scope_lookup","after_close","generic_end","natural","not_dispatched","Response status: not_dispatched","","","","false","false","false","","","",""
"f548f3186f71ef76ed8c2d2d4e228bdb9fd6f5c658c6e7e08521c7933f01d87a","family-3999856e1484a99e30ab","scope_lookup","after_close","named_end","natural","not_dispatched","Response status: not_dispatched","","","","false","false","false","","","",""
"f5528fb393401ccca7c0828533145fb21a6b20342e4fa098c41387d872021e9c","family-ad42e2d8dffbd5ea2a89","scope_lookup","after_close","braces","nonce","not_dispatched","Response status: not_dispatched","","","","false","false","false","","","",""
"f5572c4050593263cb5980b49c5010271f4c6a9fbdbca3b75356a41010521712","family-d20413898c9a91a666b1","scope_lookup","after_close","padded_end","nonce","not_dispatched","Response status: not_dispatched","","","","false","false","false","","","",""
"f58a4dae2ab110725eccf395116e9402d064fd60aaa0e56cb5049c0e7bb529ee","family-21b2b004974640e420be","scope_lookup","after_close","padded_end","natural","not_dispatched","Response status: not_dispatched","","","","false","false","false","","","",""
"f58aebbc32aec61e5f2f53f86b2fb0c384f14b899c700322ef376b42be9809fc","family-f13778db5d945766e013","scope_lookup","after_close","braces","natural","not_dispatched","Response status: not_dispatched","","","","false","false","false","","","",""
"f5aef6a7a6944494c4baacaf5ac5249f8d9117df29d53c511307d9002ab818f9","family-9a4e8a8b04175285a80b","scope_lookup","after_close","named_end","natural","not_dispatched","Response status: not_dispatched","","","","false","false","false","","","",""
"f5c915dcea6dd67c3f6763a4326336b84a97e90ba0dc5f4905b7295bcb2c635c","family-4eb4ca8847da16e35d87","scope_lookup","after_close","padded_end","natural","not_dispatched","Response status: not_dispatched","","","","false","false","false","","","",""
"f624c006fd744c3260a3a7a63c77bf1c5ed8204676fc02d366be6b6f4d012374","family-1b4ad064baa5f003980f","scope_lookup","after_close","braces","natural","not_dispatched","Response status: not_dispatched","","","","false","false","false","","","",""
"f64622d1a079dd22d88a2544bf9965097605d6037cfad1e3673290c2dff808f1","family-39cc5f35c08943b49cd0","scope_lookup","after_close","padded_end","natural","not_dispatched","Response status: not_dispatched","","","","false","false","false","","","",""
"f646ea0c1fa8833b5c4e25f9dd8d391aa77a0a7a83e4c711f3383b724a265af7","family-a67f94e51bc258654d99","scope_lookup","after_close","typed_end","natural","not_dispatched","Response status: not_dispatched","","","","false","false","false","","","",""
"f651cc472618baa3b5f77aa66f6a42efce42840793e98c9a19f188f62f60ffd9","family-44019720ca29bd23a85d","scope_lookup","after_close","padded_end","nonce","not_dispatched","Response status: not_dispatched","","","","false","false","false","","","",""
"f65a005ea78dc0f6f679d9f780b6638a4c8fb7a30edfa8deadbcafcc6620901d","family-f9acda05511dc179e7bc","scope_lookup","after_close","padded_end","natural","not_dispatched","Response status: not_dispatched","","","","false","false","false","","","",""
"f66c0d665650a63770f185ffbc1d9440d2e0e1397af2664cd8897ae320b0dab1","family-e16df58183f0df0d937b","scope_lookup","after_close","braces","nonce","not_dispatched","Response status: not_dispatched","","","","false","false","false","","","",""
"f683f8ab0575d156d914acf327a9d5cc6d86a3f187fd86534866431dc4036e88","family-ce9db8827c2d4c2b2d7f","scope_lookup","after_close","generic_end","natural","not_dispatched","Response status: not_dispatched","","","","false","false","false","","","",""
"f69631fab6157c5ed1b3bff1f82a091fb82e5e108da546d2573312dafab1a03b","family-d1d59a338a5cd025894e","scope_lookup","after_close","generic_end","natural","not_dispatched","Response status: not_dispatched","","","","false","false","false","","","",""
"f6c0f0ad86a324e9c96a9ca44dfd0d76706c6c372277f46eb2cd448bf289b4d7","family-d5f537a60742210bf1e3","scope_lookup","after_close","generic_end","nonce","not_dispatched","Response status: not_dispatched","","","","false","false","false","","","",""
"f6d44aab4151e537fd202fa3cb8a5cc7f7bbcb7aff5acfe83774bb19675b1af9","family-99d58b7d7e77fb56cd14","scope_lookup","after_close","generic_end","natural","not_dispatched","Response status: not_dispatched","","","","false","false","false","","","",""
"f6d74c9e30c095a4e76e0756d926a79e43bfe380bfe62dd7d0999fc472e2697a","family-916b36b95f1c26e349fe","scope_lookup","after_close","typed_end","natural","not_dispatched","Response status: not_dispatched","","","","false","false","false","","","",""
"f6e2fe711992cb742016e134aad7a9aecc4dc12378b54f338c507269568ca48e","family-01cdf46109fd1bc56e5f","scope_lookup","after_close","generic_end","nonce","not_dispatched","Response status: not_dispatched","","","","false","false","false","","","",""
"f6f523d23df7f1bd1b76689fb4720caac5252225513e5b1952490fb1996f63e9","family-2a7134667340fdbaebf0","scope_lookup","after_close","named_end","natural","not_dispatched","Response status: not_dispatched","","","","false","false","false","","","",""
"f7002d19256970c4e25749ca6f2bec68cda55c27071a32cc25fead7fdbd06e65","family-395a36ccb45429d15df5","scope_lookup","after_close","braces","nonce","wrong_answer","Expected 7169; received 8878","","","","true","true","true","","","",""
"f704ed29119982b6aa46803b929426a6ba3677825e9c359fc7cfea252a6ba721","family-a7268f5d78df48d04f92","scope_lookup","after_close","generic_end","nonce","not_dispatched","Response status: not_dispatched","","","","false","false","false","","","",""
"f70b36d683bfcc1c4ebbbc97992edd5a9e93a02d335230e9199947004a58b95d","family-7d1ba8f33e9b6e39234c","scope_lookup","after_close","named_end","natural","not_dispatched","Response status: not_dispatched","","","","false","false","false","","","",""
"f70d0d082915c5319438b94e165a90cfe4163ae0a3b8368d24ec351618c7696f","family-29b1a41423991f061c26","scope_lookup","after_close","braces","nonce","not_dispatched","Response status: not_dispatched","","","","false","false","false","","","",""
"f71fa3ba657824d797d1fb995b0158e84ceed852eb4afbc828082102bcc21f37","family-9846f2b11bff195d64b8","scope_lookup","after_close","generic_end","natural","not_dispatched","Response status: not_dispatched","","","","false","false","false","","","",""
"f73576113b29cb71418590c82ba52b15306c59c933e88dd0d50338ac9c48f849","family-7201b5e67b42074251d7","scope_lookup","after_close","padded_end","natural","wrong_answer","Expected 4021; received 7891","","","","true","true","true","","","",""
"f749566fe16a724e556c74c0c88476d6b48ca55dd72f576c341cbb18063edb13","family-77a73299bac04e5e2f03","scope_lookup","after_close","named_end","natural","not_dispatched","Response status: not_dispatched","","","","false","false","false","","","",""
"f751b55f2c4335baf4988f20a411afc5155f46f65a9a8e42446627971aa90ae6","family-a9903e773d88e2f691f8","scope_lookup","after_close","braces","nonce","wrong_answer","Expected 7835; received 5270","","","","true","true","true","","","",""
"f76e1dc5267e9c3e6ded0907dff7b6991dde33698ab890391905ebe01c39999c","family-d5126bc6627b66b4a0d3","scope_lookup","after_close","named_end","nonce","not_dispatched","Response status: not_dispatched","","","","false","false","false","","","",""
"f773dbfe2dd0c689a4dfb963e676145c5bd4ae495bd12cea64f24b36443af8c7","family-88d674c755828117bb4b","scope_lookup","after_close","padded_end","natural","not_dispatched","Response status: not_dispatched","","","","false","false","false","","","",""
"f77733d390e59c480fdac2a76c4ed0ccc6d24cab0c7e68dfd6cf386855d54ab5","family-2cf9c0e1acc961b2e786","scope_lookup","after_close","braces","natural","api_rejected","Response status: api_rejected","","","","false","true","true","","","",""
"f7a70cc373d66fc60ec33f1b50e2f71aec0caf0ea8fef669747450f947ff238b","family-1bc856251900eb8d96cc","scope_lookup","after_close","padded_end","natural","not_dispatched","Response status: not_dispatched","","","","false","false","false","","","",""
"f7d7e16f1fac18fb6867d52b015dac8a6e02491eb2701df3649f26d5d0fc7149","family-dde08e4020268c442b03","scope_lookup","after_close","typed_end","natural","not_dispatched","Response status: not_dispatched","","","","false","false","false","","","",""
"f7f8afc7a0035a779b971780ba22eaa7e9fc4269ce94b2f6d1f5bd37f775690b","family-fbff6f169402a84ea98a","scope_lookup","after_close","braces","nonce","not_dispatched","Response status: not_dispatched","","","","false","false","false","","","",""
"f8033fe62abc210f1f1147d9ce71b586557f77e2e1fb4001810875c2978bec10","family-d35ab87452430bf63fef","scope_lookup","after_close","named_end","nonce","wrong_answer","Expected 8192; received 1972","","","","true","true","true","","","",""
"f803c66e095376cda56e257c07303b3c5525cfe3130d8a992c69d8ee3dc0b48b","family-dd71275464ad95776c4a","scope_lookup","after_close","named_end","natural","wrong_answer","Expected 4016; received 9569","","","","true","true","true","","","",""
"f80ed62dc19d235270d5c2cd1b49b4b874a4899f82f4e1633d384f120871c745","family-dfbce2959dabc0ed1bd1","scope_lookup","after_close","generic_end","natural","not_dispatched","Response status: not_dispatched","","","","false","false","false","","","",""
"f81727c11da9d8252300c0178151a37e3c3c9dfa466c68983f9fd8b73b56ddf7","family-9cb91149a5d178ddc1b8","scope_lookup","after_close","braces","natural","not_dispatched","Response status: not_dispatched","","","","false","false","false","","","",""
"f82a71eaa09781d908ef344293cedfd9eabc58a0c8e2862bbf43a9543f1ce1cc","family-5d8149123d768f9fdb94","scope_lookup","after_close","named_end","natural","not_dispatched","Response status: not_dispatched","","","","false","false","false","","","",""
"f831e48c057cbeffe8ced98cdb0eef0397a660a4db541d8f2820ed7071e809be","family-1c5cd02f221964d951cf","scope_lookup","after_close","padded_end","nonce","not_dispatched","Response status: not_dispatched","","","","false","false","false","","","",""
"f833ab4597f5e2921041c90335b3c99ffb253532c9150e52af8699af5f749347","family-afba5579c1fbf62fab82","scope_lookup","after_close","named_end","natural","not_dispatched","Response status: not_dispatched","","","","false","false","false","","","",""
"f8554236756f0ba0cb76ae0a3aca0010f7d264cba1b5a8fe0e416c0bdb01da5a","family-502a612c7b5f388e0842","scope_lookup","after_close","typed_end","nonce","not_dispatched","Response status: not_dispatched","","","","false","false","false","","","",""
"f857131cbe559e38f46a062c30029d5b844be2eac39b2dc46f5c1392a7f8ff71","family-1a0a6382fed9ae407f0e","scope_lookup","after_close","braces","natural","not_dispatched","Response status: not_dispatched","","","","false","false","false","","","",""
"f86d775912884efe4de9f4eebeb38cfe29e1188c0abac670e5415f224e209a67","family-2d743a2dd39850fe48a6","scope_lookup","after_close","typed_end","nonce","not_dispatched","Response status: not_dispatched","","","","false","false","false","","","",""
"f870c0ed738945b5f5435f4f25ccbc4bbf935ecc7c8de2149f1f3d2b2591025f","family-01e9efb57c6f01a9ab32","scope_lookup","after_close","named_end","nonce","not_dispatched","Response status: not_dispatched","","","","false","false","false","","","",""
"f88922278b9f0d90f0422b945fc2c51d3b8fe27c52685371adfbb7bf6d6a5d2b","family-8b035bce4ca204e57955","scope_lookup","after_close","generic_end","nonce","not_dispatched","Response status: not_dispatched","","","","false","false","false","","","",""
"f88a2bff64050225ae007b189252febc04cf23fc5b8c5289e1d69a70abe86eba","family-43a415fe4fac3c60d4ab","scope_lookup","after_close","generic_end","nonce","not_dispatched","Response status: not_dispatched","","","","false","false","false","","","",""
"f88eaf5073eb68b71a900cb5f980b718986607222c88ff3a47ef6dd41dbe41b8","family-d5f537a60742210bf1e3","scope_lookup","after_close","generic_end","natural","not_dispatched","Response status: not_dispatched","","","","false","false","false","","","",""
"f896229e9c4b80b55dc754c408e78a7534b7c5b1f002376c5e920d58f039608e","family-0390d75d26d3cf166849","scope_lookup","after_close","typed_end","nonce","not_dispatched","Response status: not_dispatched","","","","false","false","false","","","",""
"f89f6ca7c0e57d93266a4c222c4a1563d0ff33e624d99546c2ea58c09dccd6e6","family-0699416dc3b5b7df1a2a","scope_lookup","after_close","typed_end","nonce","wrong_answer","Expected 4327; received 1239","","","","true","true","true","","","",""
"f8a37cfe044e9204df0146101b2a1346a9a0b14cea835d178b1156416ad1e144","family-b8c9c3484eb15e1d36ec","scope_lookup","after_close","typed_end","nonce","wrong_answer","Expected 3947; received 9047","","","","true","true","true","","","",""
"f8db8bfa28c35cf464bbcdf960748ce9ecf0c7974ac4b5c8a7556f5aef3f6d8c","family-502a612c7b5f388e0842","scope_lookup","after_close","padded_end","nonce","not_dispatched","Response status: not_dispatched","","","","false","false","false","","","",""
"f8e064ef16e1b9dc0f76819696a83be7c6ba4fec7c8722409b45f6fdad54b0be","family-db2d2997d96595927d22","scope_lookup","after_close","braces","natural","not_dispatched","Response status: not_dispatched","","","","false","false","false","","","",""
"f92a43fa61e8d13dc4204692d22ffc4633917aaaec83d778457701acae458a64","family-919b45a05cb705222416","scope_lookup","after_close","generic_end","natural","ambiguous_outcome","Response status: ambiguous_outcome","","","","false","true","true","","","",""
"f936b28632939c4dbf242ae8ebb59d7425f061e8f97c88ff817f74ed3290e6cb","family-f9acda05511dc179e7bc","scope_lookup","after_close","braces","natural","not_dispatched","Response status: not_dispatched","","","","false","false","false","","","",""
"f94ae277a7ff4010d7a595666997305661f4116ac537a91c4814269c37efef3e","family-5f659e890d327754e519","scope_lookup","after_close","braces","natural","not_dispatched","Response status: not_dispatched","","","","false","false","false","","","",""
"f94b7dfee70c093537c016033845dbeedea465347d878a73a4aa804584ef0d62","family-b5f5cbc81ad77e199fa2","scope_lookup","after_close","padded_end","nonce","not_dispatched","Response status: not_dispatched","","","","false","false","false","","","",""
"f9516a08d3d52765cc71acfcfcce436027f48a8d6b619dd9d3b5800e898aeacf","family-c40d8d6e3375c4e86995","scope_lookup","after_close","padded_end","natural","not_dispatched","Response status: not_dispatched","","","","false","false","false","","","",""
"f951e89dad0de5d2fb9f54294eb2604e4b79a1449a5d81d04805e6df1600ad50","family-a314d3de007bcf14f176","scope_lookup","after_close","braces","natural","not_dispatched","Response status: not_dispatched","","","","false","false","false","","","",""
"f958644285e326f02d8cd9ba0159ed12602c0ad51f644c1e7d62dc0ffe4b94bd","family-35fc0de59b53ac51a0f5","scope_lookup","after_close","generic_end","natural","not_dispatched","Response status: not_dispatched","","","","false","false","false","","","",""
"f9696cbd6727b7607e46a9dc09c7b5ac7d6b4b6135ce3f8bcf2e25cfc64a721c","family-243eb03802ed1e0be805","scope_lookup","after_close","padded_end","nonce","not_dispatched","Response status: not_dispatched","","","","false","false","false","","","",""
"f97089bca74a009a89a83700067a36327f7f0b7815436400279269dc323f2a35","family-c2443995dc6c2d3e49fa","scope_lookup","after_close","padded_end","nonce","not_dispatched","Response status: not_dispatched","","","","false","false","false","","","",""
"f974845a51ffdab9c1f7e83ae1c592fbeaa3c389a4d3d2b51e24e5f57cd50134","family-82a951c68b26c1e33a1f","scope_lookup","after_close","named_end","natural","not_dispatched","Response status: not_dispatched","","","","false","false","false","","","",""
"f974fef00dfe25c5d6d5a42701b6ccdfeb7c602b50e4ca7455d13d41ddb6f414","family-b2b3ce1cf84d98d0409a","scope_lookup","after_close","generic_end","nonce","not_dispatched","Response status: not_dispatched","","","","false","false","false","","","",""
"f99ae505bff3e52e723aecd13fdff1d2a061958b80d4c92a2d36d4c50fa62760","family-85066ac232eae9818a46","scope_lookup","after_close","generic_end","natural","api_rejected","Response status: api_rejected","","","","false","true","true","","","",""
"f9ace181e66c30b271376f37f5c18e9fcbbff86d511713a6c150cc9630677b05","family-4f22130af5b4eb982150","scope_lookup","after_close","padded_end","nonce","not_dispatched","Response status: not_dispatched","","","","false","false","false","","","",""
"f9ae26c4ee030e330028b269eba93847e7664ee2f1ff5d4be12758ed1d6957ac","family-3d511f5256d7b37daa4a","scope_lookup","after_close","typed_end","nonce","not_dispatched","Response status: not_dispatched","","","","false","false","false","","","",""
"fa44febc9288172c0252f720222f6821da719c47fd6d1c69db5f3cd85046b5c0","family-54c1e48a5e373dac734c","scope_lookup","after_close","padded_end","natural","not_dispatched","Response status: not_dispatched","","","","false","false","false","","","",""
"fa4ab2c1c8239842f0573afa847118293c1e88ee283598c60fe5ebc2faee7669","family-aa32c06aefe0097b5d71","scope_lookup","after_close","typed_end","nonce","not_dispatched","Response status: not_dispatched","","","","false","false","false","","","",""
"fa5ba17954c735a7c80f3e46a28574ce9800a9d05fe1ef938ff69b95b90c00a3","family-3786ff057f064432f7cc","scope_lookup","after_close","named_end","nonce","not_dispatched","Response status: not_dispatched","","","","false","false","false","","","",""
"fa6e01074ffe1cfe4302ff1a6cbbd1b5cbbe50c1f0b43cfc0ceca1f888544fc3","family-243eb03802ed1e0be805","scope_lookup","after_close","generic_end","nonce","not_dispatched","Response status: not_dispatched","","","","false","false","false","","","",""
"fa8257a28980ae26d9cd38b93a3ba2fe96df7edc07943084fd626523311e2ae7","family-cc6d2196d5575c5c3662","scope_lookup","after_close","named_end","natural","not_dispatched","Response status: not_dispatched","","","","false","false","false","","","",""
"fa90b7a0072802cc004587080428a5bf8239db8b72181b53fd04ded19706eac3","family-ab82262840047decc0cc","scope_lookup","after_close","generic_end","natural","wrong_answer","Expected 9030; received 1544","","","","true","true","true","","","",""
"faa02bd3be5eed066c41306677a0860357132824956156977d206488db49f52e","family-117dbfae30e5fb76090b","scope_lookup","after_close","braces","natural","not_dispatched","Response status: not_dispatched","","","","false","false","false","","","",""
"faa1b076f1db78859d2abbc9895a97d84c15abb7f4e7730ee6fc1c7cbd0d8f30","family-b06c38dda0f6ef2944fd","scope_lookup","after_close","generic_end","natural","not_dispatched","Response status: not_dispatched","","","","false","false","false","","","",""
"faa1dee1bfbdc1f8c4b0a066b805d77a394d551811750aa7d1d8e1a7a262deea","family-2f1c1a229278501ea898","scope_lookup","after_close","padded_end","nonce","not_dispatched","Response status: not_dispatched","","","","false","false","false","","","",""
"faa4c2bbac438220a82f9b1dacdd107fd800350f0360aa1fdfccb2711c180dcd","family-dd63645388b6be942096","scope_lookup","after_close","named_end","nonce","not_dispatched","Response status: not_dispatched","","","","false","false","false","","","",""
"fabd3207fd226577ce4772c00b0773aa335bc081277092063d4f506d89f61a18","family-5d8149123d768f9fdb94","scope_lookup","after_close","generic_end","nonce","not_dispatched","Response status: not_dispatched","","","","false","false","false","","","",""
"fafc795659d8ac726dd2cafc0d84cd95f67a5d16775f542d2561aef00c5000fa","family-89700d68a60bdc6f667b","scope_lookup","after_close","typed_end","natural","not_dispatched","Response status: not_dispatched","","","","false","false","false","","","",""
"fb01d9bf789d9262ec7c03d72f006462c16d50139464eb675f21b954a817e712","family-21eec90c5fb8eca8b0b3","scope_lookup","after_close","typed_end","nonce","not_dispatched","Response status: not_dispatched","","","","false","false","false","","","",""
"fb2895874be08b0262ab40ef145361c60f53c205975b32d01211c2c96bcc8508","family-3d511f5256d7b37daa4a","scope_lookup","after_close","padded_end","nonce","not_dispatched","Response status: not_dispatched","","","","false","false","false","","","",""
"fb2eef0b328607334ec61a94cb38e3de619d8df60e3ad49f1715de23ea18271b","family-37091b20ad081d82704e","scope_lookup","after_close","generic_end","nonce","not_dispatched","Response status: not_dispatched","","","","false","false","false","","","",""
"fb35acfc1477e3346e0044a96c592f6294869ba05c90c2edff5f175f1bdc0076","family-1a43aa90e10067aecec1","scope_lookup","after_close","typed_end","natural","not_dispatched","Response status: not_dispatched","","","","false","false","false","","","",""
"fb4645d304e5ec4eaed19e9942d3951bf07ae12a1c5dadff6d481121c2890b75","family-c40d8d6e3375c4e86995","scope_lookup","after_close","typed_end","nonce","not_dispatched","Response status: not_dispatched","","","","false","false","false","","","",""
"fb595981501f4d4730078cfd0204c5a144dc4fe534686497aa0f8d5d37d972d5","family-51b2b2e1e5b6e49579e8","scope_lookup","after_close","padded_end","natural","not_dispatched","Response status: not_dispatched","","","","false","false","false","","","",""
"fb5a36de4ee9f304b11476b3cefdf84377dc69b70d9f99332189ebe4f224abe3","family-e7e829d4356ce7aa43c2","scope_lookup","after_close","braces","natural","api_rejected","Response status: api_rejected","","","","false","true","true","","","",""
"fb5e43a510fe1f471ef18b3213fe10d6b71e5dab1588da66711d8e53ecf5e4a3","family-0bb91de880bf72a9b291","scope_lookup","after_close","generic_end","nonce","not_dispatched","Response status: not_dispatched","","","","false","false","false","","","",""
"fb7cdc8b5dcc7be2f9b6edcce171dc352e2d36d998a21cd9b69a1c73a71aedd9","family-9676a7d943289ba56928","scope_lookup","after_close","typed_end","nonce","not_dispatched","Response status: not_dispatched","","","","false","false","false","","","",""
"fb7f9ff89ee9d16f091d9db2575afafd4f7b99c634278749662829f85fecccdc","family-2e30a9559bdf8a168203","scope_lookup","after_close","typed_end","natural","wrong_answer","Expected 9920; received 2129","","","","true","true","true","","","",""
"fbaa67123c993ef860ef76ba977270a1d76abe90d995c2bd5ea20d362276d400","family-810d18124d25c8e6e5df","scope_lookup","after_close","named_end","natural","not_dispatched","Response status: not_dispatched","","","","false","false","false","","","",""
"fbadf5ff6a299dc88e09420d50e83a6843d053bd086d129f9dc00ecbc360b824","family-e4e4bee44810a636c443","scope_lookup","after_close","padded_end","nonce","not_dispatched","Response status: not_dispatched","","","","false","false","false","","","",""
"fbcb0d320d2487ee37c16dcbe4d4b990273d052444eff6f15f0cc48ef5b5317a","family-8de1019cd6cb55d42696","scope_lookup","after_close","generic_end","natural","not_dispatched","Response status: not_dispatched","","","","false","false","false","","","",""
"fbfebce90d699bc4a4e2d3e246495e46abe57edf526390ee3af57ea22b879bdc","family-9199473c19eda7b608cb","scope_lookup","after_close","braces","natural","not_dispatched","Response status: not_dispatched","","","","false","false","false","","","",""
"fc0f843171fc7f5e5cc72f28b8d8026bda54bbc71a3b23af3a29f2c132cbb831","family-ed3aeac54a08bc1c993b","scope_lookup","after_close","padded_end","natural","not_dispatched","Response status: not_dispatched","","","","false","false","false","","","",""
"fc183fab335c415b345f602a11a7ba1761db4883611037bc157dcd38600eacda","family-0c9fedbc4cc9199707f7","scope_lookup","after_close","generic_end","nonce","wrong_answer","Expected 1439; received 6248","","","","true","true","true","","","",""
"fc5c973853dac614c25d62a34a19145ac66501b1eec89e31340c13d2a1e9fb11","family-654c2abcfdd479f01dbb","scope_lookup","after_close","typed_end","nonce","not_dispatched","Response status: not_dispatched","","","","false","false","false","","","",""
"fc5fd46b9ff9a3fd547eaf2480272f3718abeaa785fe9d239b765395c49f91f1","family-d7f7040bf9a5524af36a","scope_lookup","after_close","generic_end","natural","api_rejected","Response status: api_rejected","","","","false","true","true","","","",""
"fc6340ceea2b7af9630033cadba00ace645a16b5aaaf60d038ae1c53de984359","family-f9acda05511dc179e7bc","scope_lookup","after_close","padded_end","nonce","not_dispatched","Response status: not_dispatched","","","","false","false","false","","","",""
"fc799dd4555299cd0ef46918169087d78ab6e963035e1a16ae43ca3e017ea5ee","family-08c52b86fbe08975e453","scope_lookup","after_close","braces","natural","wrong_answer","Expected 7949; received 9981","","","","true","true","true","","","",""
"fc856bd672d312f09758478ff3c63bba499d205632a330e53f1d7550f9e85376","family-3b456337da1a545436e8","scope_lookup","after_close","generic_end","nonce","not_dispatched","Response status: not_dispatched","","","","false","false","false","","","",""
"fcc2e61fdf58ae69546be91c77566c24ea9733b99e4659b4ce633a974b47a8f4","family-e739721766419f8ad9dd","scope_lookup","after_close","generic_end","nonce","api_rejected","Response status: api_rejected","","","","false","true","true","","","",""
"fcd54747d8cf58ed3486c8875d1defb9461cc02d5b7ef60c7d0a4cd59aeaada8","family-7fa2468fa2c89ec41258","scope_lookup","after_close","braces","nonce","wrong_answer","Expected 7568; received 1337","","","","true","true","true","","","",""
"fcdfc5cea76018e3da99cdd5ffdd00768fe21456aa0f8b6765bba5ce9abde5ad","family-425186a1327ddf3eb5ca","scope_lookup","after_close","named_end","natural","not_dispatched","Response status: not_dispatched","","","","false","false","false","","","",""
"fce6aa6f148da962376e36006a92829b7d2cb78935fdb3ffcb34bafc337f3a4c","family-aa32c06aefe0097b5d71","scope_lookup","after_close","padded_end","nonce","not_dispatched","Response status: not_dispatched","","","","false","false","false","","","",""
"fcedd05741d3781c099ee27098f96426ee4014fed578516fc27bd71633354134","family-d548c5f900182242bf0c","scope_lookup","after_close","generic_end","nonce","not_dispatched","Response status: not_dispatched","","","","false","false","false","","","",""
"fcf6b1fbcb5182932ddda2da370b527eb6cb3639394883b1f3076c158a9a9f39","family-7f74e48ed7f247650ffb","scope_lookup","after_close","typed_end","nonce","not_dispatched","Response status: not_dispatched","","","","false","false","false","","","",""
"fd05b2f56ab27b3db31a1b0cc09400c01e123b63533644e5ddd6e7b639262c7a","family-e4e4bee44810a636c443","scope_lookup","after_close","braces","nonce","not_dispatched","Response status: not_dispatched","","","","false","false","false","","","",""
"fd3e3c689f8cb74dbb34f2d577d3e8d7a4100155733dedc6ce281da1e6ce6f48","family-7da70a34495f8d91e728","scope_lookup","after_close","braces","nonce","not_dispatched","Response status: not_dispatched","","","","false","false","false","","","",""
"fd4b09beb5a2981dad8af03a1fff80022640a93664786675502dba9de847f5c6","family-b3fbb8c02b86ad28311d","scope_lookup","after_close","named_end","natural","not_dispatched","Response status: not_dispatched","","","","false","false","false","","","",""
"fd4ed30549b9a9ddd131447594e9a156f3e0da5d780935a712bd91056145bdd8","family-c04a143fff0ef2058d04","scope_lookup","after_close","braces","nonce","not_dispatched","Response status: not_dispatched","","","","false","false","false","","","",""
"fd74ee5bbb9d484df62ed0395144167c963315eb749238ff34ce4a9c97b20505","family-fb85b657ca85ca0c01d2","scope_lookup","after_close","typed_end","nonce","not_dispatched","Response status: not_dispatched","","","","false","false","false","","","",""
"fd7e22bd6de5342eef2d9a9ae02cbfb69d16673fd7a786384f81775d60fba67c","family-e29b5f4538e67d7e4ec0","scope_lookup","after_close","padded_end","natural","not_dispatched","Response status: not_dispatched","","","","false","false","false","","","",""
"fd86e8983d223172060128dcc712b95d037673b6869a2a294f37e40b0c0b406a","family-2e30a9559bdf8a168203","scope_lookup","after_close","braces","nonce","not_dispatched","Response status: not_dispatched","","","","false","false","false","","","",""
"fdb76734ae6cc461b7dc0e94d06caa2ed0e6955681336fed1f971fa8bb2439c5","family-f9196425b0fb748978de","scope_lookup","after_close","typed_end","nonce","wrong_answer","Expected 1548; received 4952","","","","true","true","true","","","",""
"fdca88844d5fe4e19ae91e93860fde955104420e35ef644517c3f023292818d9","family-3999856e1484a99e30ab","scope_lookup","after_close","padded_end","nonce","not_dispatched","Response status: not_dispatched","","","","false","false","false","","","",""
"fe06c6c6a0f188e3f75f45ffcb968671bc318938afff3b5226e9603ca68e9143","family-38fb12e8ac73b3acdc07","scope_lookup","after_close","generic_end","natural","not_dispatched","Response status: not_dispatched","","","","false","false","false","","","",""
"fe12b005d4b7e0a8a6d23d7dfd9df5bbac7a8cf26923992aaa4f808d31af78c5","family-3eabdb043eb316c35b34","scope_lookup","after_close","padded_end","nonce","not_dispatched","Response status: not_dispatched","","","","false","false","false","","","",""
"fe12f46d7cd794cca1ef52cc8adc21ab4125abc8f8ebb36b3dd2354eb46d0540","family-34637b4b2fcf78aa9be1","scope_lookup","after_close","generic_end","nonce","not_dispatched","Response status: not_dispatched","","","","false","false","false","","","",""
"fe1424e66fbb365b1bf67cad840160613efee85bbf8b125e6bbe0700f5ad8550","family-96d1655b4655b68cc908","scope_lookup","after_close","generic_end","natural","not_dispatched","Response status: not_dispatched","","","","false","false","false","","","",""
"fe20766267d57d4150848fa874cad74bf7a4f2595de9a8a866628eec07db4825","family-60e6b994a57cd0667b2a","scope_lookup","after_close","braces","nonce","not_dispatched","Response status: not_dispatched","","","","false","false","false","","","",""
"fe2fe28bc46281b16e10290d4c7cc1a864670f129faf88257e25ffbc7d529123","family-53dc9a159913bfc3b333","scope_lookup","after_close","typed_end","nonce","not_dispatched","Response status: not_dispatched","","","","false","false","false","","","",""
"fe58ff9a27550f44c72a03aef53493645334d36142f6f6d90d3d44bc30841df7","family-911c2a1d7665926faab3","scope_lookup","after_close","generic_end","nonce","wrong_answer","Expected 8409; received 7539","","","","true","true","true","","","",""
"fe5a4ef6429c7c1c46fb456f4d03fce0526a5ca3aabbff525c637cd5b356733a","family-d3a289c3533cedc1c30c","scope_lookup","after_close","named_end","nonce","not_dispatched","Response status: not_dispatched","","","","false","false","false","","","",""
"fea15d788d91d339b9c0ca4369475ce44ac534bf85da9e9a4df4d6b5e7f2039e","family-5505ccb9d7b4d5cf9fa6","scope_lookup","after_close","typed_end","natural","not_dispatched","Response status: not_dispatched","","","","false","false","false","","","",""
"feb67fa82c22170e2ddf0101dd18a2d34f12d0a55cd7b43113d6dec4d794a265","family-9e74934a045b9bf738e8","scope_lookup","after_close","named_end","nonce","not_dispatched","Response status: not_dispatched","","","","false","false","false","","","",""
"feb8967a1a71267971c386c8ebe76435cbfef7265df85087959c01a865e7f85d","family-ccea5ca66ad622bb7848","scope_lookup","after_close","typed_end","nonce","wrong_answer","Expected 9901; received 6554","","","","true","true","true","","","",""
"febcbd7f78ee809dbeb8bc0d05ec3174a23a5704a448f4def5d51c1638287c69","family-9cb91149a5d178ddc1b8","scope_lookup","after_close","named_end","natural","not_dispatched","Response status: not_dispatched","","","","false","false","false","","","",""
"fed937dad5d7e57730c6b0b0d0a2a3c6690cbfab2016e2a5263d3426e869bf14","family-58049119407c22834350","scope_lookup","after_close","named_end","nonce","wrong_answer","Expected 5632; received 5153","","","","true","true","true","","","",""
"fee081c745a430ec5a71a9edb9d2d1e0eee68dbe51c1b5e14fa780f66649f37c","family-243eb03802ed1e0be805","scope_lookup","after_close","generic_end","natural","not_dispatched","Response status: not_dispatched","","","","false","false","false","","","",""
"fef22253dac39d876d2edb2eb5286cc0385bcb219abb124b141d8a8c940c3e1a","family-1200bd38534b72a0da70","scope_lookup","after_close","named_end","nonce","not_dispatched","Response status: not_dispatched","","","","false","false","false","","","",""
"ff00552d5fe58b332bd4fd9eee9c77918c40dfa503e6c9b41ce717f1d883aeec","family-3e012534b61993cf8264","scope_lookup","after_close","generic_end","natural","not_dispatched","Response status: not_dispatched","","","","false","false","false","","","",""
"ff0bffff1c8a2c72be1571b7948b827eeafdb1f4f3fe2e1c020c1e85bb2bc41b","family-c347c1fea736898223fe","scope_lookup","after_close","generic_end","natural","wrong_answer","Expected 8496; received 4930","","","","true","true","true","","","",""
"ff160f0c1369f41fbc89215ca3d628969f37dac4279fb1560aef575997b5d634","family-50493ec470d72292f2f1","scope_lookup","after_close","typed_end","natural","not_dispatched","Response status: not_dispatched","","","","false","false","false","","","",""
"ff1a720c17b13ec598404c3f47698b4ebcfba8d44b36527787ee50e77c395d2a","family-d5387a27f98b64653076","scope_lookup","after_close","typed_end","nonce","not_dispatched","Response status: not_dispatched","","","","false","false","false","","","",""
"ff30e801faacc44103950913bbcc422f5445e595aedffb1c6a523a761da6a85e","family-c04a143fff0ef2058d04","scope_lookup","after_close","generic_end","nonce","not_dispatched","Response status: not_dispatched","","","","false","false","false","","","",""
"ff4cbf7cc6e2045724038d13dbdd45eba136c31f046dcc1fc502050096526a7c","family-2e30a9559bdf8a168203","scope_lookup","after_close","padded_end","nonce","not_dispatched","Response status: not_dispatched","","","","false","false","false","","","",""
"ff84028c7fbcca2453591dc166af35025f2c5bca8d46a7c4ab64641a1d2e706e","family-58049119407c22834350","scope_lookup","after_close","typed_end","nonce","wrong_answer","Expected 5632; received 5928","","","","true","true","true","","","",""
"ffbcf20753ba1c3e4c3189b7781f438d0874761648a9652753cb0e0ee6391cdd","family-f4cdff2456bf22066318","scope_lookup","after_close","named_end","nonce","not_dispatched","Response status: not_dispatched","","","","false","false","false","","","",""
"ffc4ec1a491fe878ce7bdc7f14141ed3322ab18acc34fe4489a4eb52a0649407","family-66e8267de10ae2e904ab","scope_lookup","after_close","named_end","natural","not_dispatched","Response status: not_dispatched","","","","false","false","false","","","",""
"ffd99b31f1a1c34d240c8edb8bd7e796b3042264cbc3de0c9606fe0e3a83ae32","family-5a408af884ed5164903c","scope_lookup","after_close","braces","nonce","wrong_answer","Expected 1050; received 6215","","","","true","true","true","","","",""
"ffe0bb8cead565f7ec502964d23f7353008915afd76d1008e2ca077eb4601f12","family-2d405169f2af4e0021bd","scope_lookup","after_close","braces","nonce","not_dispatched","Response status: not_dispatched","","","","false","false","false","","","",""
"ffe8626a240a94f29c1c6299a4d35625cac65be8de0507d7c227827307e3d39e","family-73a7c567db3e9ee9bd58","scope_lookup","after_close","braces","nonce","not_dispatched","Response status: not_dispatched","","","","false","false","false","","","",""
"fff6a0f749e49ed1aaa73434658afca3ef30fbc97c49af9e20dd72fe9baa2fb0","family-8b035bce4ca204e57955","scope_lookup","after_close","padded_end","nonce","not_dispatched","Response status: not_dispatched","","","","false","false","false","","","",""
"fffe0c3340ce4b2d5241e8e4daf756206e8502eae442230d4d61d2bcd5230fb3","family-ae1b4ec6df96fb4b7a32","scope_lookup","after_close","named_end","nonce","not_dispatched","Response status: not_dispatched","","","","false","false","false","","","",""
